============================================================
         DETAILED REPORT FOR DATASET: SPAMBASE
============================================================

==================================================
           BEST HYPERPARAMETERS (Grid Search)
==================================================

  RPCF / VNS-RPCF:
    C (Misclassification Penalty): 100
    Lambda (Regularization):       0.01
    k_neighbors (VNS):             75

==================================================
           OVERALL STATISTICS (All Seeds & Folds)
==================================================

Model      Mean Test  Std Test  Mean Train  Mean Time  Mean Centers
--------------------------------------------------------------------
RPCF       0.9299     0.0057    0.9877      21.4693    199.2       
VNS-RPCF   0.9273     0.0098    0.9868      277.8859   172.6       
PCF        0.8951     0.0234    0.9440      5.4686     56.2        

==================================================
           STATISTICAL SIGNIFICANCE TESTS
==================================================

Comparison                p-value      Result               Winner              
-----------------------------------------------------------------------------
RPCF vs VNS-RPCF          0.625000     NOT SIG.             No significant dif  
RPCF vs PCF               0.062500     NOT SIG.             No significant dif  
VNS-RPCF vs PCF           0.062500     NOT SIG.             No significant dif  

  Primary Comparison: RPCF vs VNS-RPCF

  Wilcoxon Signed-Rank Test:
    Statistic: 5.0
    p-value:   0.625000

  Paired t-test:
    Statistic: 0.4934
    p-value:   0.647589

  Significance (alpha=0.05): NOT SIGNIFICANT
  Winner: No significant difference

==================================================
           DETAILED RESULTS (Last Run Example)
==================================================

--- Standard RPCF ---
Training Time:       20.7889 s
Test Time:           0.0261 s
Training Accuracy:   0.9867
Test Accuracy:       0.9381
Functions (Centers): 196
Solved Subproblems:  196

Model Parameters (Functions):
  Function 1:
    Center: [-0.34243371 -0.16507191 -0.55676058 -0.04689958 -0.4643144  -0.35026618
 -0.29179389 -0.26256156 -0.32330236 -0.37136439 -0.29685953  0.49709354
 -0.31205521 -0.17492717 -0.19011441 -0.3013776  -0.32113541 -0.34787592
  0.15653826 -0.16789311  0.13345702 -0.11817151 -0.2902092  -0.21299439
 -0.32881467 -0.29923993 -0.22789481 -0.23183016 -0.16673145 -0.22523952
 -0.16053931 -0.14321202 -0.17492026 -0.14521515 -0.19806739 -0.24213022
 -0.32345561 -0.05983624 -0.18091134 -0.18530385 -0.12090468 -0.17259996
 -0.20599311 -0.12734332 -0.29777621  0.86735309 -0.0713879  -0.11154623
 -0.15845336  0.42899897 -0.15519768 -0.32991229 -0.30835494  0.19278517
 -0.08975336 -0.21128322 -0.35509763]
    Weight (w): [-0.36993929 -0.52618586 -0.24546046 -0.03471721 -0.1561736  -0.29644494
  0.02023613 -0.25379947 -0.28456769 -0.13038732 -0.12172495 -0.12104583
 -0.39629672 -0.2865471  -0.35093797  0.29589353  0.15360717 -0.17143106
 -0.1432695   0.24076338 -0.12481026 -0.23228996 -0.31427374  0.02963697
 -0.23246846 -1.1743655  -1.77343684  0.1261468  -0.43894668 -0.44231874
 -0.43446329 -0.44740276 -0.45186516 -0.51766801 -0.92833438 -0.03883119
 -0.38204179 -0.4143634  -0.65801089 -0.49618445 -0.87116064 -0.98424661
 -0.28131141 -0.66891459 -0.73982654 -0.45094395 -0.20847405 -0.59432105
 -0.4680515  -0.20135804 -0.39856147  0.05642715  0.63560558 -0.3602694
 -0.15219224  0.3793086   0.14404174]
    Xi: 0.282654
    Gamma: 1.000000
    QP Objective: 1.6588326531932835

  Function 2:
    Center: [-0.34243371 -0.16507191 -0.55676058 -0.04689958 -0.4643144  -0.35026618
 -0.29179389 -0.26256156 -0.32330236 -0.37136439 -0.29685953 -0.62871259
 -0.31205521 -0.17492717 -0.19011441 -0.3013776  -0.32113541 -0.34787592
 -0.93624235 -0.16789311 -0.67441898 -0.11817151 -0.2902092  -0.21299439
 -0.32881467 -0.29923993 -0.22789481 -0.23183016 -0.16673145 -0.22523952
 -0.16053931 -0.14321202 -0.17492026 -0.14521515 -0.19806739 -0.24213022
 -0.32345561 -0.05983624 -0.18091134 -0.18530385 -0.12090468 -0.17259996
 -0.20599311 -0.12734332 -0.29777621 -0.19738748 -0.0713879  -0.11154623
 -0.15845336 -0.51430655 -0.15519768 -0.32991229 -0.30835494 -0.1030484
 -0.13211609 -0.26259945 -0.45736028]
    Weight (w): [ 0.08454825 -0.31188867 -0.12957029 -0.03792991  0.82154547 -0.18086351
  0.40607617 -0.11236547 -0.00935929  0.12470697 -0.07949321 -0.17963258
 -0.02594905 -0.03813734 -0.60585902  1.01028869 -0.08338635 -0.25299987
  0.67065906 -0.07300348  0.13096417  0.88211985  0.74438922  0.21788983
 -0.20394395  0.4343745  -1.36983168 -0.44416498 -1.30219011 -0.12120954
  0.4007739  -0.35458359 -0.12801567 -0.34491328 -1.01912319  0.11235323
 -0.21099033 -0.35335379  0.40381364  0.3639981  -0.57920231 -1.32891556
 -0.40793326 -0.2236135  -0.22283059  0.14306982 -0.45278297 -0.96665555
 -0.16254785  1.12876873 -0.26751174  0.24716472  0.71140727 -0.28784802
  1.46007827  2.04778145  0.46182686]
    Xi: 0.128487
    Gamma: 1.000000
    QP Objective: 3.946933567971061

  Function 3:
    Center: [-0.34243371 -0.16507191 -0.55676058 -0.04689958 -0.4643144  -0.35026618
 -0.29179389 -0.26256156 -0.32330236  1.25733717 -0.29685953 -0.62871259
 -0.31205521 -0.17492717 -0.19011441 -0.3013776  -0.32113541 -0.34787592
 -0.93624235 -0.16789311 -0.67441898 -0.11817151 -0.2902092  -0.21299439
  0.29948852  0.88471385 -0.22789481  3.66776447 -0.16673145 -0.22523952
 -0.16053931 -0.14321202 -0.17492026 -0.14521515 -0.19806739 -0.24213022
 -0.32345561 -0.05983624 -0.18091134 -0.18530385 -0.12090468 -0.17259996
 -0.20599311 -0.12734332 -0.29777621 -0.19738748 -0.0713879  -0.11154623
 -0.15845336  1.56836406 -0.15519768 -0.32991229 -0.30835494 -0.1030484
 -0.05107846 -0.21128322 -0.34355185]
    Weight (w): [-1.61131280e-01 -1.19235246e-01 -1.62597110e-01 -5.30235864e-02
 -5.64289332e-02 -1.67725257e-01  1.32643443e-01 -3.37407828e-02
 -1.18093690e-01 -2.23588211e-02 -1.31566751e-01 -1.64002687e-01
 -1.75301269e-01  8.16924742e-02  3.04697912e-01  1.91116075e-01
 -1.22886349e-01 -1.66486768e-01 -1.33487954e-01 -1.41296641e-01
 -7.87760442e-02 -1.53796473e-01 -1.37102912e-01 -1.18062342e-01
 -9.71270503e-01  1.41610052e-01 -1.38401489e+00 -9.20768675e-02
 -1.28368949e-01 -1.73400366e-01  2.30028181e-01 -3.38601781e-01
 -2.13261100e-01 -2.07235404e-01 -5.49070452e-01 -1.62899118e-01
 -1.73228208e-01  1.84075335e-01 -2.14275326e-02 -5.35502843e-04
 -7.73172303e-01 -4.66352055e-01 -3.04692257e-01 -5.38217967e-01
 -2.96738817e-01 -1.59203287e-02 -3.84793361e-03 -6.38786749e-01
  3.58519769e-02 -3.46179256e-02 -1.47037829e-01 -4.08611165e-02
  6.04606598e-02 -1.63745566e-01  5.78055012e-01 -2.00223747e-01
  7.75741553e-02]
    Xi: 0.136219
    Gamma: 1.000000
    QP Objective: 2.063092529636374

  Function 4:
    Center: [ 0.70563197 -0.16507191 -0.23935574 -0.04689958 -0.4643144  -0.35026618
 -0.29179389 -0.26256156 -0.32330236 -0.37136439 -0.29685953  0.86849351
  1.28261282 -0.17492717 -0.19011441 -0.10760308 -0.32113541 -0.34787592
  0.43254986 -0.16789311 -0.40790319 -0.11817151 -0.2902092  -0.21299439
 -0.32881467 -0.29923993 -0.22789481 -0.23183016 -0.16673145 -0.22523952
 -0.16053931 -0.14321202 -0.17492026 -0.14521515 -0.19806739 -0.24213022
 -0.32345561 -0.05983624  0.18722226 -0.18530385 -0.12090468 -0.17259996
 -0.20599311 -0.12734332  0.1767303  -0.02176017 -0.0713879  -0.11154623
 -0.15845336 -0.51430655 -0.15519768 -0.22937072 -0.30835494 -0.1030484
 -0.10992609 -0.0265448  -0.19180727]
    Weight (w): [-0.15647722 -0.27084811 -0.13130943  0.62714484 -0.03397602 -0.14790129
  0.34764457 -0.10129941 -0.23753069 -0.11927679 -0.1208553  -0.13428413
 -0.1061297  -0.18986415 -0.21921388  0.01430461  0.12245305 -0.09210737
  0.04583071  0.10948792  0.07200357 -0.17478117  0.411399   -0.01621262
 -1.08232675 -0.15582964 -1.30188527  0.20434727 -0.50132671 -0.15802337
 -0.12696634 -0.35895345 -0.67813497 -0.04205459 -0.5264697   0.09789464
 -0.22593847  0.49810211 -0.48146658 -0.04626262 -0.76496887 -0.66488685
 -0.03121117 -1.01648222 -0.49537729 -0.24716215 -0.44604972 -0.66494453
 -0.37205199 -0.18594214 -0.22388343  0.11957786  0.44020206 -0.23542924
  0.14049696 -0.16530859  0.15034239]
    Xi: 0.168043
    Gamma: 1.000000
    QP Objective: 2.215633826550121

  Function 5:
    Center: [-0.34243371 -0.16507191 -0.55676058 -0.04689958 -0.4643144  -0.35026618
 -0.29179389 -0.26256156  2.36886852 -0.37136439 -0.29685953  0.24175607
 -0.31205521 -0.17492717 -0.19011441 -0.3013776  -0.32113541 -0.34787592
  0.33115785 -0.16789311 -0.67441898 -0.11817151 -0.2902092  -0.21299439
 -0.32881467 -0.29923993 -0.22789481 -0.23183016 -0.16673145 -0.22523952
 -0.16053931 -0.14321202 -0.17492026 -0.14521515 -0.19806739 -0.24213022
 -0.32345561 -0.05983624 -0.18091134 -0.18530385 -0.12090468 -0.17259996
 -0.20599311 -0.12734332  0.44364021 -0.19738748 -0.0713879  -0.11154623
 -0.15845336  0.45859287 -0.15519768 -0.32991229 -0.30835494 -0.1030484
 -0.12656859 -0.2523362  -0.43426871]
    Weight (w): [-0.23718254 -0.5310292  -0.21393381 -0.03146869 -0.13234426 -0.1160367
  0.03941363  0.15360176 -0.08096481 -0.17305605 -0.16635136 -0.12703721
 -0.259661   -0.24626504 -0.27798242 -0.09126314  0.01352118 -0.11140869
 -0.08871635  0.26704695  0.0181186  -0.25361382 -0.0502319  -0.14241598
 -1.33337355 -0.08331702 -0.99263463  0.0902085  -0.66396164 -0.21589305
 -0.26719646 -0.39634444 -0.45371225 -0.24735798 -0.08509301 -0.16162485
 -0.23502952 -0.11683504  0.06933417 -0.3909803  -0.62215913 -0.41537005
 -0.19489722 -0.65943873 -0.34853782 -0.20539241 -0.17841843 -0.47154324
 -0.38437363 -0.20434684 -0.23343207  0.08933484  0.55414812 -0.2066499
  0.24041398  0.40412637  0.10627772]
    Xi: 0.200760
    Gamma: 1.000000
    QP Objective: 2.2803667217418417

  Function 6:
    Center: [-0.34243371 -0.16507191  0.23675152 -0.04689958 -0.4643144   1.11068449
 -0.29179389 -0.26256156 -0.32330236 -0.37136439 -0.29685953 -0.62871259
 -0.31205521 -0.17492717 -0.19011441  0.1830587  -0.32113541  0.40532797
 -0.71092676 -0.16789311 -0.34127424 -0.11817151 -0.2902092  -0.21299439
 -0.32881467 -0.29923993 -0.22789481 -0.23183016 -0.16673145 -0.22523952
 -0.16053931 -0.14321202 -0.17492026 -0.14521515 -0.19806739 -0.24213022
  1.58960478 -0.05983624 -0.18091134 -0.18530385 -0.12090468 -0.17259996
 -0.20599311 -0.12734332  0.09764588  0.2416808  -0.0713879  -0.11154623
 -0.15845336  0.68054711  0.32934152 -0.32991229 -0.30835494  0.0204097
  0.0022532   0.09148253  0.02756261]
    Weight (w): [-0.1903211  -0.12723206 -0.07444569 -0.02489049 -0.00753163 -0.05311023
  0.27229851  0.15220376 -0.12898675 -0.16422845 -0.1207997  -0.1825462
 -0.1963804  -0.09809406 -0.16325887  0.20922455 -0.06762167 -0.01294761
 -0.05845901 -0.16767445 -0.14939347 -0.1621745   0.10589326 -0.12664797
 -1.44983877  0.33101506 -1.11703848 -0.00521742  0.11285052 -0.12389594
  0.12995895 -0.13689145 -0.46227742  0.22064823 -0.54663498 -0.09529126
 -0.12545103 -0.00437597 -0.27725383 -0.20087376 -0.64520206 -0.30211331
 -0.16403725 -0.42670558 -0.39029811 -0.19384695 -0.0839833  -0.5148744
 -0.06219312 -0.0848738  -0.11604007 -0.04685389  0.38423406 -0.19512614
 -0.06377515 -0.08317685  0.125922  ]
    Xi: 0.159954
    Gamma: 1.000000
    QP Objective: 2.228363101730695

  Function 7:
    Center: [-0.34243371 -0.16507191 -0.55676058 -0.04689958 -0.4643144   1.51244592
 -0.29179389 -0.26256156 -0.32330236 -0.37136439 -0.29685953 -0.62871259
 -0.31205521 -0.17492717 -0.19011441 -0.3013776  -0.32113541  0.61245904
  0.78742192 -0.16789311  0.17510011 -0.11817151 -0.2902092  -0.21299439
 -0.32881467 -0.29923993 -0.22789481 -0.23183016 -0.16673145 -0.22523952
 -0.16053931 -0.14321202 -0.17492026 -0.14521515 -0.19806739 -0.24213022
 -0.32345561 -0.05983624 -0.18091134 -0.18530385 -0.12090468 -0.17259996
 -0.20599311 -0.12734332 -0.29777621  0.36242457 -0.0713879  -0.11154623
 -0.15845336 -0.17767595 -0.15519768 -0.21833567 -0.30835494 -0.1030484
 -0.11364543 -0.24720458 -0.39138438]
    Weight (w): [-0.25132227  0.09087823 -0.25638049 -0.02552063  0.11398262 -0.04280468
  0.45254379 -0.2314147  -0.21576746 -0.30772264 -0.12514486 -0.07544751
 -0.25572739 -0.19495434 -0.17429989  0.17819531  0.00236956 -0.15114894
 -0.00192301 -0.13479929 -0.02351827 -0.20836556 -0.10057209 -0.12167161
 -0.79941341 -0.28160699 -1.15502742  0.26980657 -0.27248498 -0.1865342
 -0.52450206 -0.42142953 -0.38174322 -0.29556909 -0.37671683 -0.07518469
 -0.30462033 -0.3321884  -0.53203601 -0.23862212 -0.66153629  0.04855825
 -0.01381352 -0.67630462 -0.42775808 -0.72051859 -0.43775331 -0.9669652
 -0.08380934 -0.24874939 -0.13361941 -0.08829814  0.01035158 -0.26923899
 -0.19763133  0.11415887 -0.12402684]
    Xi: 0.236799
    Gamma: 1.000000
    QP Objective: 2.5290661117468574

  Function 8:
    Center: [-0.34243371 -0.16507191 -0.55676058 -0.04689958 -0.4643144  -0.35026618
 -0.29179389 -0.26256156 -0.32330236 -0.37136439 -0.29685953 -0.62871259
 -0.31205521 -0.17492717 -0.19011441 -0.3013776  -0.32113541 -0.34787592
 -0.93624235 -0.16789311 -0.67441898 -0.11817151 -0.2902092  -0.21299439
 -0.32881467 -0.29923993 -0.22789481 -0.23183016 -0.16673145 -0.22523952
 -0.16053931 -0.14321202 -0.17492026 -0.14521515 -0.19806739 -0.24213022
 -0.32345561 -0.05983624 -0.18091134 -0.18530385 -0.12090468 -0.17259996
 -0.20599311 -0.12734332 -0.29777621  1.33935148 -0.0713879  -0.11154623
 -0.15845336  0.42529973 -0.15519768 -0.32991229 -0.30835494 -0.1030484
 -0.13211609 -0.26259945 -0.4458145 ]
    Weight (w): [-0.08990254 -0.17772761 -0.11583455 -0.02706212 -0.01150175 -0.07105883
 -0.02287343 -0.0515197  -0.10107134 -0.09603504  0.07919954 -0.08452414
 -0.10300249 -0.05563994  0.17682948  0.08019635 -0.07576359 -0.0444066
 -0.08105373 -0.03330026 -0.07893862  0.22276201  0.15711672 -0.08350025
 -0.44370923  0.15801474 -0.34481773  1.21961615 -0.46894883 -0.11668545
 -0.81417124 -0.03713572 -0.11584249 -0.15847216 -0.10328113 -0.031077
 -0.11080368  0.06627588  0.25411298 -0.10522628 -0.5794801  -0.28183552
  0.72808651 -0.47026661 -0.20260732 -1.11938844 -0.13284924 -0.17793373
 -0.06798117 -0.07020065 -0.08162374  0.05948244  0.3257829  -0.10470775
  0.57595486  0.02741729 -0.09275913]
    Xi: 0.083146
    Gamma: 1.000000
    QP Objective: 2.377362603807007

  Function 9:
    Center: [ 0.57462376 -0.16507191 -0.00130211 -0.04689958  0.38334527 -0.35026618
 -0.29179389 -0.26256156 -0.32330236 -0.37136439 -0.29685953 -0.30373763
 -0.31205521 -0.17492717 -0.19011441 -0.3013776  -0.32113541 -0.34787592
  0.68039701 -0.16789311  0.04184221 -0.11817151 -0.2902092  -0.21299439
 -0.32881467 -0.29923993 -0.22789481 -0.23183016 -0.16673145 -0.22523952
 -0.16053931 -0.14321202 -0.17492026 -0.14521515 -0.19806739 -0.24213022
 -0.32345561 -0.05983624 -0.18091134 -0.18530385 -0.12090468 -0.17259996
 -0.20599311 -0.12734332 -0.29777621 -0.19738748 -0.0713879  -0.11154623
 -0.15845336  0.055376   -0.15519768  0.04773168 -0.30835494 -0.1030484
 -0.12745115 -0.24720458 -0.3781892 ]
    Weight (w): [-0.25923995 -0.27382642 -0.12302011  1.41932323 -0.05847356 -0.15087805
  0.17677733  0.08679462 -0.29070296 -0.28051831 -0.134882   -0.29588058
 -0.28696722 -0.24701793  0.01687849  0.52826886  0.3619376   0.24987373
 -0.06004886  0.52121259 -0.03189869 -0.28111374 -0.25904918  0.11813411
 -1.32303883 -0.57117091 -1.31114907 -0.20310761 -0.82050354 -0.38438529
 -0.34906496 -0.46809044 -0.71100236 -0.2116471  -0.47146232 -0.05049759
 -0.3303162  -0.18896335 -0.57939153 -0.26169814 -0.51580721  0.04461915
 -0.43405943 -0.54068239 -0.2454355  -0.15216729 -0.6215925  -1.04600556
 -0.28549691 -0.27432054 -0.33561191  0.07599448  0.53535921  0.04347577
 -0.14799502  0.53425405  0.08974125]
    Xi: 0.281628
    Gamma: 1.000000
    QP Objective: 2.8153006171460744

  Function 10:
    Center: [-0.30968165 -0.15732259 -0.29886915 -0.04689958 -0.27098851 -0.31374241
 -0.29179389 -0.26256156 -0.28740675 -0.16971562 -0.14799297 -0.1064314
 -0.21238845  0.03393616 -0.19011441 -0.16815762  0.87253927 -0.21606524
 -0.89681213 -0.16789311 -0.64943313 -0.11817151 -0.26165803 -0.21299439
 -0.32881467 -0.29923993 -0.22789481 -0.23183016 -0.14987549 -0.22523952
 -0.16053931 -0.14321202  2.64959907 -0.14521515 -0.19806739  0.03110781
  1.70769493 -0.05983624 -0.18091134 -0.09955966 -0.12090468 -0.13347307
 -0.07193734 -0.11126377 -0.28789066  0.05507678 -0.0713879   0.41347342
 -0.12559171 -0.10369121 -0.15519768 -0.32746006 -0.30835494 -0.07975442
 -0.09725509  0.02990305  4.52546987]
    Weight (w): [-0.09291184  0.12282346 -0.01990608 -0.02986858  0.04210882 -0.07171694
  0.04617895  0.1084795  -0.04524036 -0.06999642 -0.05935951 -0.06976898
 -0.08248285 -0.07095396 -0.08214119  0.0295726   0.0864971  -0.10585722
 -0.06257469 -0.08303015 -0.10629252 -0.10427654 -0.051086   -0.08787207
 -0.52941638  0.03345805 -0.6075534  -0.06010902 -0.2147917  -0.09893629
  0.02554755 -0.26136323 -0.45102049 -0.02846245 -0.27872709  0.01124772
 -0.059032    0.65709616 -0.06091251  0.1336613  -0.49192287 -0.28305382
  0.12527961 -0.15945899 -0.15597561 -0.10326198 -0.11615024 -0.38721827
  0.00714908 -0.08243699 -0.09263494 -0.0890603   0.13562351  0.03202584
  0.53380808 -0.12871045  0.16718404]
    Xi: 0.081087
    Gamma: 1.000000
    QP Objective: 2.1467790093096215

  Function 11:
    Center: [-0.34243371 -0.16507191 -0.55676058 -0.04689958 -0.4643144  -0.35026618
 -0.29179389 -0.26256156 -0.32330236 -0.37136439 -0.29685953 -0.62871259
 -0.31205521 -0.17492717 -0.19011441 -0.3013776  -0.32113541 -0.34787592
 -0.93624235 -0.16789311 -0.67441898 -0.11817151 -0.2902092  -0.21299439
 -0.32881467 -0.29923993 -0.13285262 -0.23183016  0.37265913 -0.22523952
 -0.16053931 -0.14321202  0.40077795 -0.14521515 -0.19806739 -0.24213022
 -0.32345561 -0.05983624 -0.18091134  0.72930079 -0.12090468 -0.17259996
 -0.20599311 -0.12734332 -0.29777621 -0.19738748 -0.0713879  -0.11154623
 -0.15845336  1.48328161  0.83216522 -0.32991229 -0.30835494  0.0227391
 -0.04427016 -0.12404563  0.15126743]
    Weight (w): [-0.13199203 -0.17394918 -0.11758145 -0.02241837 -0.1204405  -0.12616792
 -0.03493677 -0.02369714 -0.074427   -0.14263004 -0.11622059 -0.12961363
 -0.13246156 -0.13289012  0.11279429 -0.03450112 -0.05095451 -0.08628732
 -0.12677438 -0.12453044 -0.11729215  0.21857502 -0.02681056 -0.12446502
 -0.31935196 -0.16106097 -0.83874699  0.43482489 -2.10269609 -0.12896612
 -0.25727303 -0.07510785 -0.07169332  0.10270065 -0.18671372 -0.13810453
 -0.10508432 -0.01047524  0.39797244 -0.13357457 -0.44498799  0.28384543
 -0.18953601 -0.16887724 -0.15108761  0.0344608  -0.10808028 -0.06948424
 -0.07065157  0.05506965 -0.06081806 -0.10673335 -0.03521852  0.04908819
  0.31855488 -0.01848302 -0.06126802]
    Xi: 0.122686
    Gamma: 1.000000
    QP Objective: 2.1910791785837582

  Function 12:
    Center: [-0.34243371 -0.16507191 -0.55676058 -0.04689958 -0.4643144  -0.35026618
 -0.29179389 -0.26256156 -0.32330236 -0.37136439 -0.29685953 -0.62871259
 -0.31205521 -0.17492717 -0.19011441 -0.3013776  -0.32113541 -0.34787592
 -0.93624235 -0.16789311 -0.67441898 -0.11817151 -0.2902092  -0.21299439
 -0.32881467 -0.29923993  0.12851339 -0.23183016 -0.16673145 -0.22523952
 -0.16053931 -0.14321202 -0.17492026 -0.14521515 -0.19806739 -0.24213022
 -0.32345561 -0.05983624 -0.18091134 -0.18530385 -0.12090468 -0.17259996
 -0.20599311 -0.12734332 -0.29777621 -0.19738748 -0.0713879  -0.11154623
 -0.15845336  4.42787452 -0.15519768 -0.32991229 -0.30835494 -0.1030484
 -0.05709875 -0.23180971 -0.35014944]
    Weight (w): [-0.15384277 -0.27765256 -0.17223084 -0.03083946 -0.11196914 -0.11610468
 -0.06632815 -0.06839267  0.041072   -0.14299166 -0.16035767 -0.13151792
 -0.16131076 -0.13071045 -0.04542579 -0.09412814 -0.07598796 -0.1008164
 -0.17102484 -0.13886676 -0.13472866  0.1530481  -0.13646963 -0.10355225
 -0.2104968  -0.20587074 -2.69316042 -0.07648846  0.06142007 -0.1348173
 -0.11287828 -0.09376674 -0.09317965 -0.09578359 -0.21352702 -0.15285824
 -0.15309596 -0.1824435  -0.12403042  0.01631456 -0.45264553  0.09676988
 -0.16339045 -0.35914296 -0.2036396  -0.09608323 -0.07963706 -0.43543839
 -0.06548566 -0.0717033  -0.08977005  0.05776265  0.05339301 -0.05884407
  0.08363553 -0.12521488 -0.10684007]
    Xi: 0.143048
    Gamma: 1.000000
    QP Objective: 2.2102527178755267

  Function 13:
    Center: [-0.34243371 -0.16507191 -0.55676058 -0.04689958 -0.4643144  -0.35026618
 -0.29179389 -0.26256156 -0.32330236  0.79199387 -0.29685953 -0.62871259
 -0.31205521 -0.17492717 -0.19011441 -0.3013776  -0.32113541 -0.34787592
  0.33115785 -0.16789311 -0.67441898 -0.11817151 -0.2902092  -0.21299439
 -0.32881467 -0.29923993 -0.22789481 -0.23183016 -0.16673145 -0.22523952
 -0.16053931 -0.14321202 -0.17492026 -0.14521515 -0.19806739 -0.24213022
 -0.32345561 -0.05983624 -0.18091134 -0.18530385 -0.12090468 -0.17259996
 -0.20599311 -0.12734332 -0.29777621  0.62586554 -0.0713879  -0.11154623
 -0.15845336 -0.51430655 -0.15519768 -0.32991229 -0.30835494 -0.1030484
 -0.05858019 -0.00601831 -0.31881088]
    Weight (w): [-0.21005421 -0.18135311 -0.26742495  0.14931527 -0.00894715 -0.09407523
  0.03122044 -0.0334555  -0.2435422  -0.13865965 -0.10609132 -0.18656271
 -0.20258827 -0.12786982 -0.0284736   0.40786256 -0.15904867 -0.11894831
 -0.03621606  0.01247858 -0.06134534 -0.12076557 -0.09777585 -0.17173887
 -0.70304401  0.13758804 -0.4068261   1.14402819  0.11990208 -0.19001445
 -0.66817023 -0.44683645 -0.30824045 -0.20801615 -0.1382636  -0.24327311
 -0.24739696 -0.12668037  0.04171421 -0.34154313 -0.4650955  -0.49884175
  0.45880207 -1.09614571 -0.35308897 -1.25144305 -0.31077843 -0.19422636
 -0.03236569 -0.2155744  -0.20589189 -0.0233573   0.33119606 -0.25107439
  0.25078279 -0.17847024 -0.21906165]
    Xi: 0.207084
    Gamma: 1.000000
    QP Objective: 2.5318021766944354

  Function 14:
    Center: [-0.34243371 -0.16507191 -0.55676058 -0.04689958  1.61765672 -0.35026618
 -0.29179389 -0.26256156 -0.32330236 -0.37136439 -0.29685953  2.63264333
 -0.31205521 -0.17492717 -0.19011441 -0.3013776  -0.32113541 -0.34787592
 -0.93624235 -0.16789311 -0.67441898 -0.11817151 -0.2902092  -0.21299439
 -0.32881467 -0.29923993 -0.22789481 -0.23183016 -0.16673145 -0.22523952
 -0.16053931 -0.14321202 -0.17492026 -0.14521515 -0.19806739 -0.24213022
 -0.32345561 -0.05983624 -0.18091134 -0.18530385 -0.12090468 -0.17259996
 -0.20599311 -0.12734332 -0.29777621 -0.19738748 -0.0713879  -0.11154623
 -0.15845336 -0.51430655 -0.15519768 -0.03687038 -0.30835494 -0.1030484
 -0.10302323 -0.23180971 -0.38478679]
    Weight (w): [-2.36480543e-01  1.48188869e-01 -2.02180096e-01 -3.21936829e-02
 -8.86595432e-02 -1.79612249e-01  3.34237522e-02 -1.41654342e-01
 -3.07884567e-01 -1.07116542e-01 -1.79321000e-01 -2.11465305e-01
 -2.75798507e-01 -2.26436227e-01 -2.46446703e-01  7.92355669e-02
 -5.32987155e-02 -1.67807796e-01  6.66013417e-04  1.87059719e-01
 -6.56020558e-02 -3.24135571e-01 -4.00170989e-02 -2.38229307e-01
 -7.29450498e-01 -3.06650604e-01 -8.57525730e-01 -2.21123970e-01
  2.30479789e-01 -2.68345218e-01 -5.55104648e-01 -5.31623679e-01
 -9.41589476e-02 -4.12223860e-01 -1.45834759e-01 -1.58543090e-01
 -2.22355936e-01 -6.78144204e-02 -1.87147373e-01 -3.92255852e-01
 -4.72522177e-01 -5.56064206e-01 -4.02208010e-01 -6.56189394e-01
 -5.49698485e-01 -1.15011347e-01 -2.42359356e-01 -1.62427602e-01
 -3.24592554e-01 -2.64033691e-01 -2.54651971e-01 -1.74676856e-01
  2.21650333e-01  4.83504672e-01 -1.24550700e-01  2.88092828e-01
 -1.08244730e-01]
    Xi: 0.224039
    Gamma: 1.000000
    QP Objective: 2.545749576478831

  Function 15:
    Center: [-0.34243371 -0.16507191  0.9112368  -0.04689958 -0.4643144  -0.35026618
 -0.29179389 -0.26256156 -0.32330236 -0.37136439 -0.29685953 -0.35016262
 -0.31205521 -0.17492717 -0.19011441  0.29205686 -0.32113541  0.57479885
  0.59027078 -0.16789311  0.3500011  -0.11817151 -0.2902092  -0.21299439
 -0.32881467 -0.29923993 -0.22789481 -0.23183016 -0.16673145 -0.22523952
 -0.16053931 -0.14321202 -0.17492026 -0.14521515 -0.19806739 -0.24213022
  0.2433771  -0.05983624 -0.18091134 -0.18530385 -0.12090468 -0.17259996
 -0.20599311 -0.12734332  0.18661585 -0.19738748 -0.0713879  -0.11154623
 -0.01057594  0.02948134 -0.15519768 -0.14967313 -0.30835494 -0.1030484
 -0.08209403  0.01450818 -0.00212654]
    Weight (w): [-0.09618872  0.62904971  0.06578993 -0.03298371  0.20877435 -0.05765247
 -0.020514    0.11509811 -0.29562255 -0.13496877 -0.21251924 -0.32920655
 -0.28323058 -0.19892068 -0.28091882  0.09851035 -0.09110651 -0.07778319
  0.05871491 -0.13428887  0.04679966 -0.22003458 -0.12280635 -0.06405032
 -1.34335976  0.12287644 -0.83969725 -0.16187069 -0.06261328 -0.3015801
  0.02523798 -0.54466966 -0.29194427  0.00894395 -0.70781561  0.01366202
 -0.29392895 -0.14180383 -0.18973973 -0.21139522 -0.48411781 -0.27438299
 -0.14913853 -0.58074294 -0.53439444 -0.27184878 -0.25208883 -0.02464617
 -0.39017543 -0.25514012 -0.23469443  0.38591693  0.63868563 -0.13749968
 -0.37598525 -0.06755286  0.11368624]
    Xi: 0.229271
    Gamma: 1.000000
    QP Objective: 2.674673792032065

  Function 16:
    Center: [-0.34243371 -0.16507191 -0.55676058 -0.04689958 -0.4643144  -0.35026618
 -0.29179389 -0.26256156 -0.32330236 -0.37136439 -0.29685953 -0.62871259
 -0.31205521 -0.17492717 -0.19011441 -0.3013776  -0.32113541 -0.34787592
  2.19001148 -0.16789311 -0.67441898 -0.11817151 -0.2902092  -0.21299439
 -0.32881467 -0.29923993 -0.22789481 -0.23183016 -0.16673145 -0.22523952
 -0.16053931 -0.14321202 -0.17492026 -0.14521515 -0.19806739 -0.24213022
 -0.32345561 -0.05983624 -0.18091134 -0.18530385 -0.12090468 -0.17259996
 -0.20599311 -0.12734332 -0.29777621 -0.19738748 -0.0713879  -0.11154623
 -0.15845336 -0.51430655 -0.15519768 -0.32991229 -0.30835494 -0.1030484
 -0.13211609 -0.26259945 -0.45571088]
    Weight (w): [-0.3954609  -0.37882596 -0.30951847 -0.03367231 -0.06448163 -0.10420671
 -0.09457842 -0.34162731 -0.36845698 -0.19739244 -0.40565226 -0.15739344
 -0.47114309 -0.28614271 -0.36196536 -0.22452604 -0.24533411 -0.12257565
 -0.07237908 -0.41561652 -0.03981614  0.15472419 -0.26491711 -0.03021788
 -1.19560035 -0.42103076 -0.84730656 -0.39317106 -0.11228231 -0.49601842
 -0.27830083 -0.55604063 -0.53363692 -0.5323627  -0.38767231 -0.40026712
 -0.48069874 -0.56695632 -0.4479133  -0.50757332 -0.49422466 -0.82396744
 -0.39441168 -0.87794007 -0.35556537 -0.43925739 -0.53125663 -0.5802439
 -0.52735987 -0.47019376 -0.4586659   0.53816176 -0.17674694 -0.41468478
  1.12370649  0.21022417 -0.23946992]
    Xi: 0.427603
    Gamma: 1.000000
    QP Objective: 3.2200529487535707

  Function 17:
    Center: [ 0.27985529 -0.16507191 -0.55676058 -0.04689958 -0.4643144  -0.35026618
 -0.29179389 -0.26256156 -0.32330236  0.54381078 -0.29685953 -0.40819387
  0.31916755 -0.17492717 -0.19011441 -0.3013776  -0.32113541  0.00989593
 -0.60390186 -0.16789311 -0.51617523 -0.11817151  0.25226302 -0.21299439
 -0.32881467 -0.29923993 -0.22789481 -0.23183016 -0.16673145 -0.22523952
 -0.16053931 -0.14321202 -0.17492026 -0.14521515 -0.19806739  1.22341924
 -0.32345561 -0.05983624 -0.18091134 -0.18530385 -0.12090468 -0.17259996
 -0.20599311 -0.12734332 -0.29777621 -0.19738748 -0.0713879  -0.11154623
  0.36322533 -0.162879   -0.15519768 -0.32991229 -0.18226451 -0.1030484
 -0.11916141 -0.23180971 -0.26932895]
    Weight (w): [-0.21464712  0.01055111 -0.16293177 -0.03640866 -0.06071213 -0.0515473
  0.05740028 -0.0232749  -0.2675689  -0.16953101 -0.18551194 -0.03360237
 -0.1568733  -0.23658048 -0.02147922  0.02724603 -0.10799744 -0.24172691
 -0.11433135 -0.09676548 -0.15056108 -0.23483768 -0.20230486 -0.15044857
 -0.79290628 -0.10127027 -0.52229919  0.06551318  0.2592023  -0.25343831
 -0.24818019 -0.46036793 -0.20264589  0.00400763 -0.4376365  -0.07898104
 -0.24278894 -0.08060062 -0.1751932  -0.42121169 -0.53438738 -0.37040201
 -0.21426194 -0.75955104 -0.4689666  -0.30450398 -0.2277487  -0.20031222
 -0.12587982 -0.21685812 -0.13105924 -0.10397623  0.23135653 -0.1811629
 -0.09727663  0.06859291 -0.01074568]
    Xi: 0.214834
    Gamma: 1.000000
    QP Objective: 2.578438441745248

  Function 18:
    Center: [-0.34243371 -0.16507191 -0.55676058 -0.04689958 -0.4643144  -0.35026618
 -0.29179389 -0.26256156 -0.32330236 -0.37136439 -0.29685953 -0.62871259
 -0.31205521 -0.17492717 -0.19011441 -0.3013776  -0.32113541 -0.34787592
 -0.13073911 -0.16789311 -0.67441898 -0.11817151 -0.2902092  -0.21299439
 -0.32881467 -0.29923993 -0.22789481 -0.23183016 -0.16673145 -0.22523952
 -0.16053931 -0.14321202 -0.17492026 -0.14521515 -0.19806739 -0.24213022
 -0.32345561 -0.05983624 -0.18091134 -0.18530385 -0.12090468 -0.17259996
 -0.20599311 -0.12734332  0.16684474  0.31851774 -0.0713879  -0.11154623
 -0.15845336  0.41790126  1.38070016 -0.12392467 -0.30835494 -0.1030484
 -0.12492955 -0.24207296 -0.39633257]
    Weight (w): [-0.35240755 -0.43966507 -0.31958308 -0.03649103 -0.1950359  -0.21166004
 -0.11983359 -0.28760932 -0.35215026 -0.29187119 -0.3188453  -0.3660556
 -0.27726551 -0.26292979 -0.29763222  0.05000521 -0.18043164 -0.22759901
 -0.21027888 -0.14451037 -0.20122849 -0.39979409 -0.30666903 -0.33195642
 -0.61005448 -0.45131477 -0.5579514  -0.16442646 -0.14300867 -0.40632739
 -0.16218765 -0.46140949 -0.31211262 -0.19184537 -0.19745334 -0.20131989
 -0.35511867 -0.1799071  -0.29887206 -0.49973549 -0.5355964   0.11218884
 -0.26882505 -0.15364292 -0.3291064  -0.51215456 -0.39295899 -0.39730593
  0.05300623 -0.16050776 -0.10443141 -0.06019046  0.08527957  0.11706865
 -0.01168029 -0.38748939 -0.11649116]
    Xi: 0.314676
    Gamma: 1.000000
    QP Objective: 2.399880017777519

  Function 19:
    Center: [-0.34243371 -0.16507191 -0.55676058 -0.04689958 -0.4643144  -0.35026618
 -0.29179389 -0.26256156 -0.32330236 -0.37136439 -0.29685953 -0.00197516
  1.48194632 -0.17492717 -0.19011441 -0.3013776  -0.32113541 -0.34787592
 -0.32225737 -0.16789311 -0.67441898 -0.11817151 -0.2902092  -0.21299439
 -0.00568731  0.30965058 -0.06751112  0.77092275 -0.16673145 -0.22523952
 -0.16053931 -0.14321202 -0.17492026 -0.14521515 -0.19806739  1.09922014
 -0.32345561 -0.05983624 -0.18091134 -0.18530385 -0.12090468 -0.17259996
 -0.20599311 -0.12734332 -0.29777621 -0.19738748 -0.0713879  -0.11154623
  0.26053267  0.62505855 -0.15519768 -0.32991229 -0.30835494 -0.1030484
 -0.11950813 -0.21641484 -0.34025305]
    Weight (w): [-0.20926065 -0.37612869 -0.14234661  0.00451435 -0.13935118 -0.12307757
  0.03959704 -0.12551604 -0.15591045 -0.13292919 -0.15826375 -0.1559688
 -0.00236674 -0.14204603 -0.07629511  0.0463106  -0.04117898 -0.08317634
 -0.16603227 -0.17487165 -0.03488001 -0.18581599  0.00865054 -0.17024639
 -0.78737619 -0.18787415 -1.32186413 -0.1439655   0.28633951 -0.19995586
  0.03014328 -0.30475158 -0.29531731  0.13357803 -0.30459792  0.06238806
 -0.17890163 -0.01293082  0.15316736 -0.33805267 -0.53803093 -0.20114699
 -0.23486149 -0.32524894 -0.26544624  0.06747725 -0.10908464 -0.10177626
 -0.02705435 -0.15839163 -0.17266194 -0.11566363  0.07056015 -0.17038902
 -0.1279098  -0.29588611  0.08377924]
    Xi: 0.164075
    Gamma: 1.000000
    QP Objective: 2.290207844225476

  Function 20:
    Center: [ 0.05059092 -0.16507191 -0.31870695 -0.04689958 -0.28585974  0.08801902
 -0.29179389 -0.26256156  3.55342371 -0.37136439 -0.29685953 -0.21088764
 -0.31205521 -0.17492717 -0.19011441 -0.3013776  -0.32113541 -0.34787592
 -0.66586364 -0.16789311 -0.47453214 -0.11817151 -0.2902092  -0.21299439
  0.03021573  0.51261409 -0.19225399 -0.23183016 -0.16673145 -0.22523952
 -0.16053931 -0.14321202  0.47274023 -0.14521515 -0.19806739 -0.24213022
 -0.04003926 -0.05983624 -0.18091134 -0.18530385 -0.12090468 -0.17259996
 -0.20599311 -0.12734332 -0.29777621 -0.19738748 -0.0713879  -0.11154623
  0.32214827  0.04427829  0.14649654 -0.32991229 -0.17412964 -0.1030484
 -0.03333276  0.13253551  0.59660479]
    Weight (w): [-0.19421763 -0.19659038 -0.13566429  0.17616944 -0.06226774 -0.14314283
  0.06500612 -0.0994163   0.08859702 -0.13595787 -0.07043652 -0.20545288
 -0.18431573 -0.20701567 -0.16040037  0.13852305 -0.052521   -0.11309796
 -0.08431566 -0.16184046 -0.083314   -0.19509554  0.01194887 -0.03743224
 -0.76722235 -0.151393   -0.92346196 -0.15390263 -0.14398595 -0.20311931
 -0.29305733 -0.29016267 -0.27499392 -0.17364795 -0.1519876  -0.01232167
 -0.15990824  0.03329392 -0.08593672 -0.27293364 -0.53925652 -0.16185376
 -0.22682932 -0.34471071 -0.38151922 -0.11255099 -0.25736029 -0.30400736
 -0.08309423 -0.16212917 -0.17527918 -0.19172431  0.30179118  0.10524062
 -0.09487916 -0.20557725  0.23099909]
    Xi: 0.162252
    Gamma: 1.000000
    QP Objective: 2.2882673021873225

  Function 21:
    Center: [-0.34243371  0.01316257 -0.55676058 -0.04689958  0.23463305 -0.35026618
  0.29584203 -0.26256156 -0.32330236 -0.37136439  0.84445076 -0.62871259
 -0.31205521 -0.17492717 -0.19011441 -0.3013776  -0.32113541  0.08521632
 -0.80668589 -0.16789311 -0.48286076 -0.11817151 -0.2902092  -0.21299439
 -0.32881467 -0.29923993 -0.22789481 -0.23183016 -0.16673145 -0.22523952
 -0.16053931 -0.14321202 -0.17492026 -0.14521515 -0.19806739 -0.24213022
 -0.32345561 -0.05983624  0.34828072 -0.18530385 -0.12090468 -0.17259996
 -0.20599311 -0.12734332 -0.29777621  0.05507678 -0.0713879  -0.11154623
 -0.15845336  0.58806617 -0.15519768 -0.14722089 -0.30835494 -0.1030484
 -0.11531599 -0.17536186 -0.16376751]
    Weight (w): [-2.90709728e-01 -5.90320049e-01 -3.18033997e-01 -6.70395427e-04
  4.34321224e-02 -1.93069169e-01  1.40143423e-01 -9.46400949e-02
 -1.24783101e-01 -2.99028490e-01 -1.37419208e-01 -3.49571305e-01
 -3.35476880e-01 -2.66593572e-01  4.07009790e-01  1.24782091e-01
 -2.54374922e-01 -7.81369170e-02 -2.53412808e-01 -1.77501782e-01
 -2.96429848e-01 -8.53267060e-02 -2.32508329e-01  2.29937309e-02
 -6.20189783e-01 -3.37637466e-01 -8.14110628e-01  8.21565672e-02
  6.13348030e-02 -2.32937697e-01 -4.50847401e-01 -2.59715630e-01
  5.51624426e-02 -4.60069561e-01 -2.85582844e-01 -5.80672029e-02
 -3.24681323e-01 -4.40439278e-01 -3.48086606e-01 -4.23439521e-01
 -5.64996684e-01 -7.49543762e-03 -3.50720984e-01 -7.11881411e-01
 -5.79821412e-01 -5.38155921e-01 -2.40051349e-01 -2.56848753e-01
 -1.89903397e-01 -2.67616061e-01 -2.45344059e-01 -5.54610637e-02
  1.15011572e-01  4.47071584e-01 -8.09290613e-02 -6.07288151e-03
 -6.60526408e-02]
    Xi: 0.279621
    Gamma: 1.000000
    QP Objective: 2.585472174719428

  Function 22:
    Center: [-0.34243371 -0.16507191  1.92296472 -0.04689958  0.45770138 -0.35026618
 -0.29179389 -0.26256156 -0.32330236 -0.37136439 -0.29685953  0.82206851
 -0.31205521 -0.17492717 -0.19011441  1.975473   -0.32113541 -0.34787592
  1.54222915 -0.16789311 -0.67441898 -0.11817151 -0.2902092   2.61130639
 -0.32881467 -0.29923993 -0.22789481 -0.23183016 -0.16673145 -0.22523952
 -0.16053931 -0.14321202 -0.17492026 -0.14521515 -0.19806739 -0.24213022
 -0.32345561 -0.05983624 -0.18091134 -0.18530385 -0.12090468 -0.17259996
 -0.20599311 -0.12734332 -0.29777621 -0.19738748 -0.0713879  -0.11154623
 -0.15845336  0.69534406 -0.15519768 -0.32991229  0.13499529  0.150856
 -0.10989457 -0.22154647 -0.37159161]
    Weight (w): [-0.17131012  0.08013842  0.00409814  0.41326008  0.02262504 -0.05352774
 -0.07084478 -0.02973164 -0.15246274 -0.16234262 -0.17462684 -0.02376007
 -0.10490874 -0.2096695   0.10796328  0.11232433 -0.1769923  -0.18542333
  0.09638474 -0.09710197 -0.00494789 -0.16097026 -0.19850374 -0.02418797
 -0.76178357 -0.05963468 -0.81998162 -0.16855796  0.25169056 -0.20304653
 -0.2030461  -0.39249034  0.02184617 -0.15696671 -0.35111631 -0.09112806
 -0.21051621 -0.15126825 -0.22305453 -0.12909745 -0.56907118 -0.34026947
 -0.2988277  -0.04889115 -0.04350849 -0.10219149 -0.14925378 -0.24664789
 -0.19515776 -0.19100654 -0.20192319  0.03444758  0.17759839 -0.1824485
  0.38811302  0.25652684 -0.083188  ]
    Xi: 0.179527
    Gamma: 1.000000
    QP Objective: 2.513628443622162

  Function 23:
    Center: [-0.34243371 -0.16507191 -0.55676058 -0.04689958 -0.4643144  -0.35026618
 -0.29179389 -0.26256156 -0.32330236  0.20255902 -0.29685953  0.24175607
 -0.31205521 -0.17492717 -0.19011441 -0.3013776  -0.32113541 -0.34787592
  0.54520766 -0.16789311 -0.04977259 -0.11817151 -0.2902092  -0.21299439
 -0.32881467 -0.29923993 -0.11800228 -0.23183016 -0.16673145 -0.22523952
 -0.16053931 -0.14321202 -0.17492026 -0.14521515 -0.19806739 -0.24213022
 -0.32345561 -0.05983624 -0.18091134 -0.18530385 -0.12090468 -0.17259996
 -0.20599311 -0.12734332 -0.29777621 -0.19738748 -0.0713879  -0.11154623
 -0.15845336 -0.27015689 -0.15519768 -0.32991229 -0.30835494 -0.1030484
 -0.11846798 -0.24207296 -0.32540847]
    Weight (w): [-2.26227554e-01 -4.14282436e-01 -2.60369447e-01  2.86276416e-02
 -7.05019937e-02 -1.27939484e-01  1.96348020e-02 -3.24705530e-01
 -1.58195536e-01 -1.87130401e-01 -2.44399562e-01 -3.27050012e-01
 -2.80339632e-01 -3.07969105e-01 -1.67124219e-01  7.50712848e-03
 -1.30799115e-01 -2.06139783e-01  4.86148696e-02  2.71076511e-01
 -4.79998295e-02 -2.68491631e-01 -1.56154814e-03 -3.64051183e-01
 -9.78921555e-01 -2.35599067e-01 -2.96113413e+00 -5.40592149e-02
 -1.06260943e-01 -3.41084242e-01 -9.67881725e-02 -4.91428901e-01
 -2.89850763e-01 -3.42589048e-01 -6.99981801e-01  1.31151209e-02
 -3.84684383e-01 -4.31587414e-01 -2.67431589e-01 -2.94931500e-01
 -5.70442435e-01 -2.58622304e-01 -4.13196655e-01 -8.91420027e-01
 -2.30826183e-01 -4.16122526e-01 -4.31648667e-01 -3.80743501e-01
  8.20279529e-02 -3.18121333e-01 -3.50914639e-01 -6.97245881e-02
  6.30850341e-01 -3.02331696e-01  6.08335989e-04  5.70505904e-01
 -2.39816101e-01]
    Xi: 0.322258
    Gamma: 1.000000
    QP Objective: 2.766598875564535

  Function 24:
    Center: [-0.34243371 -0.16507191 -0.55676058 -0.04689958 -0.4643144  -0.35026618
 -0.29179389 -0.26256156 -0.32330236 -0.37136439 -0.29685953  2.13357463
 -0.31205521 -0.17492717 -0.19011441 -0.3013776  -0.32113541 -0.34787592
  0.40438541 -0.16789311  1.30779223 -0.11817151 -0.2902092  -0.21299439
  1.09533923  2.38438863 -0.22789481 -0.23183016 -0.16673145 -0.22523952
 -0.16053931 -0.14321202 -0.17492026 -0.14521515 -0.19806739 -0.24213022
 -0.32345561 -0.05983624 -0.18091134 -0.18530385 -0.12090468 -0.17259996
 -0.20599311 -0.12734332 -0.29777621 -0.19738748 -0.0713879  -0.11154623
 -0.15845336  0.98018533 -0.15519768  0.6620162   2.98219863 -0.1030484
 -0.06907631 -0.21128322 -0.42272293]
    Weight (w): [-0.0898551  -0.06378959 -0.05024645 -0.01397188 -0.04300089 -0.01361473
  0.10145237 -0.06738741 -0.06909107 -0.05696763 -0.04342677 -0.04779302
 -0.06824787 -0.04161033  0.11301703  0.15648849 -0.03673239  0.05195778
 -0.02282648 -0.06320291  0.03803687 -0.11176181 -0.02123654 -0.05404969
 -0.69571922 -0.03107255 -0.23836829 -0.06162652  0.01810414 -0.1225078
 -0.00888337 -0.25319563 -0.1807598  -0.11380271 -0.18995555 -0.04155863
 -0.08673153 -0.07993639 -0.12958179 -0.17061368 -0.57599419 -0.38252091
 -0.14735563 -0.20625804  0.03776432 -0.05425733 -0.0340244  -0.18924264
  0.04762904 -0.06902681 -0.0465812   0.01348362  0.01535863  0.07940432
  0.24081315 -0.21497275  0.20165257]
    Xi: 0.063197
    Gamma: 1.000000
    QP Objective: 2.2283056895708353

  Function 25:
    Center: [-0.34243371 -0.16507191  0.1375625  -0.04689958  0.05617838 -0.35026618
 -0.29179389 -0.26256156  0.93304405 -0.37136439 -0.29685953 -0.62871259
 -0.31205521 -0.17492717 -0.19011441 -0.3013776  -0.32113541 -0.34787592
 -0.14763778 -0.16789311  2.24059751  0.90557541 -0.2902092  -0.21299439
 -0.32881467 -0.29923993 -0.22789481 -0.23183016 -0.16673145 -0.22523952
 -0.16053931 -0.14321202 -0.17492026 -0.14521515 -0.19806739 -0.24213022
  0.50317542 -0.05983624 -0.18091134 -0.18530385 -0.12090468 -0.17259996
 -0.20599311 -0.12734332 -0.29777621  0.18679726 -0.0713879  -0.11154623
 -0.15845336  1.89019771 -0.15519768 -0.32991229 -0.30835494  0.01342151
 -0.08537209 -0.18049348 -0.09449281]
    Weight (w): [-0.18873834 -0.18385751 -0.04672053 -0.03943529  0.02705738 -0.10390703
  0.05969126 -0.0685543   0.01443592 -0.16207303 -0.12778941 -0.16622642
 -0.15528014 -0.1016901  -0.15881811  0.07075382 -0.06908343 -0.16211377
 -0.09542379 -0.09447415  0.02340561 -0.20826662 -0.04186194  0.01894736
 -1.09422478  0.256705   -0.80424223  0.0226445  -0.0828267  -0.16432054
 -0.05945958 -0.35412992 -0.2687489  -0.00959053 -0.1218136  -0.0507868
 -0.1652909  -0.05596437 -0.22784166 -0.22050508 -0.57881078 -0.07401422
 -0.11849505 -0.53490411 -0.30593876 -0.30244806 -0.16373516 -0.20234235
  0.23582468 -0.12357493 -0.14614807 -0.00385679  0.06220721  0.37931594
  0.37043129  0.35385333 -0.03558132]
    Xi: 0.143328
    Gamma: 1.000000
    QP Objective: 2.314245022649323

  Function 26:
    Center: [-0.34243371 -0.16507191  0.23675152 -0.04689958 -0.16688996  0.01497149
 -0.29179389 -0.26256156 -0.32330236 -0.37136439 -0.29685953 -0.51265011
  0.35238981 -0.17492717 -0.19011441 -0.3013776  -0.32113541 -0.34787592
 -0.136372   -0.16789311 -0.67441898 -0.11817151 -0.2902092  -0.21299439
 -0.32881467 -0.29923993 -0.22789481 -0.23183016 -0.16673145 -0.22523952
 -0.16053931 -0.14321202 -0.17492026 -0.14521515 -0.19806739 -0.24213022
 -0.32345561 -0.05983624 -0.18091134 -0.18530385 -0.12090468 -0.17259996
 -0.20599311 -0.12734332 -0.10006516 -0.19738748 -0.0713879  -0.11154623
 -0.15845336 -0.3108485  -0.15519768 -0.30784219 -0.30835494 -0.1030484
 -0.11112384 -0.24720458 -0.42602173]
    Weight (w): [-0.4214955  -0.09464451 -0.19457082 -0.03972668  0.11530636 -0.09096014
  0.49985095 -0.38598065 -0.46176831 -0.35413524 -0.4168613  -0.45991749
 -0.2680117  -0.32639823 -0.18881128 -0.0391449  -0.27727785 -0.33792917
 -0.20702924 -0.27523794 -0.25304328 -0.39299153  0.0773168   0.02165842
 -1.48521317 -0.28215309 -0.81018491 -0.28219913 -0.15568925 -0.40022098
 -0.11607763 -0.50232265 -0.79273815 -0.24887144 -0.73211388  0.03699347
 -0.48266365 -0.32270176 -0.76500429 -0.50326185 -0.58308771 -0.36488511
 -0.52332975 -0.897848   -0.72109379 -0.35775508 -0.60000035 -0.69830199
 -0.51088664 -0.44354684 -0.45536884  0.21830421  0.48165354 -0.51902411
 -0.61675833 -0.05636765  0.05940172]
    Xi: 0.399324
    Gamma: 1.000000
    QP Objective: 2.7622258468678167

  Function 27:
    Center: [-0.34243371 -0.16507191 -0.55676058 -0.04689958  6.61438742 -0.35026618
 -0.29179389 -0.26256156 -0.32330236 -0.37136439 -0.29685953 -0.62871259
 -0.31205521 -0.17492717 -0.19011441 -0.3013776  -0.32113541 -0.34787592
  1.74501318 -0.16789311  7.25442589 -0.11817151 -0.2902092  -0.21299439
 -0.32881467 -0.29923993 -0.22789481 -0.23183016 -0.16673145 -0.22523952
 -0.16053931 -0.14321202 -0.17492026 -0.14521515 -0.19806739 -0.24213022
 -0.32345561 -0.05983624 -0.18091134 -0.18530385 -0.12090468 -0.17259996
 -0.20599311 -0.12734332 -0.29777621 -0.19738748 -0.0713879  -0.11154623
 -0.15845336 -0.51430655 -0.15519768  0.65098115 -0.30835494 -0.1030484
 -0.11635614 -0.24720458 -0.45241209]
    Weight (w): [-0.02873373  0.30347511 -0.10920787 -0.04178506 -0.01567952 -0.0297107
 -0.04101728  0.0684349  -0.11190567 -0.1764456  -0.13026505 -0.12324019
 -0.22442673 -0.1878443   0.20601862  0.03914311 -0.11906693 -0.18432059
  0.10713678  0.01510796 -0.05276728 -0.22971369 -0.10629291 -0.17398762
 -0.42964695 -0.04230775 -0.77568038 -0.14971891 -0.06374971 -0.23128862
 -0.20229495 -0.52834973 -0.27616325 -0.29019969 -0.21624785 -0.31929231
 -0.17582684 -0.06729256 -0.25081684 -0.18450455 -0.61329951 -0.04531996
 -0.28381482 -0.3130282  -0.35357839 -0.11535476 -0.24301262 -0.40218144
 -0.26269611 -0.16823566 -0.13682728 -0.03457588  0.26849946  0.46066522
  0.72835486  0.0253768  -0.15528644]
    Xi: 0.125572
    Gamma: 1.000000
    QP Objective: 2.50795836725219

  Function 28:
    Center: [-0.34243371 -0.16507191 -0.55676058 -0.04689958 -0.4643144   0.63587552
 -0.29179389 -0.26256156 -0.32330236  0.04744459 -0.29685953 -0.31534388
 -0.31205521 -0.17492717 -0.19011441  0.0256169  -0.32113541 -0.34787592
  0.29172762 -0.16789311  1.59929388 -0.11817151 -0.2902092  -0.21299439
 -0.16725099 -0.29923993 -0.22789481 -0.23183016 -0.16673145 -0.22523952
  0.50885674 -0.14321202 -0.17492026 -0.14521515 -0.19806739 -0.24213022
 -0.32345561 -0.05983624 -0.18091134 -0.18530385 -0.12090468 -0.17259996
 -0.20599311 -0.12734332 -0.29777621 -0.19738748 -0.0713879  -0.11154623
 -0.15845336 -0.51430655 -0.15519768 -0.32991229 -0.30835494 -0.1030484
 -0.08190491 -0.17536186 -0.19345667]
    Weight (w): [-0.19860846  0.36901852 -0.14327652 -0.03500845 -0.05787717 -0.05870072
 -0.06023135 -0.15099446 -0.12884306 -0.11408926 -0.01172537 -0.24485511
 -0.12679319 -0.21535321  0.00797203 -0.05674194  0.04449472 -0.23972249
  0.06787703 -0.0468121   0.07468114 -0.06586782 -0.12400737 -0.17304548
 -0.84546269  0.12423093 -0.69189291 -0.09759925 -0.03913774 -0.17908704
 -1.16733116 -0.53248824 -0.15458519 -0.17031317  1.49797437 -0.02152698
 -0.22671416 -0.36313334 -0.28132518 -0.04112725 -0.61810342 -0.49531403
 -0.23510159 -0.50024072 -0.27279427 -0.2105231  -0.13772848 -0.38913065
 -0.34218327 -0.16281799  0.1103172   0.01619525  0.39219677 -0.21830688
  0.00834567  0.07037399 -0.09611145]
    Xi: 0.184763
    Gamma: 1.000000
    QP Objective: 2.4902963006893035

  Function 29:
    Center: [-0.34243371  0.25339165 -0.55676058 -0.04689958  0.3387316  -0.35026618
 -0.29179389 -0.26256156 -0.32330236 -0.37136439 -0.29685953 -0.62871259
 -0.31205521 -0.17492717 -0.19011441 -0.3013776  -0.32113541 -0.34787592
 -0.93624235 -0.16789311 -0.67441898 -0.11817151 -0.2902092  -0.21299439
 -0.00568731  0.30965058 -0.22789481 -0.23183016 -0.16673145 -0.22523952
 -0.16053931 -0.14321202 -0.17492026 -0.14521515 -0.19806739 -0.24213022
 -0.32345561 -0.05983624 -0.18091134 -0.18530385 -0.12090468 -0.17259996
 -0.20599311 -0.12734332  0.77974898 -0.19738748 -0.0713879  -0.11154623
 -0.15845336  0.15895464  0.67674699 -0.21833567 -0.30835494 -0.1030484
 -0.12543387 -0.24207296 -0.40128076]
    Weight (w): [-0.26460519 -0.4327677  -0.27128488 -0.00368983 -0.02997058 -0.23068599
 -0.08666775 -0.20117009 -0.21979448 -0.17936135 -0.19588296 -0.30206911
 -0.27831463 -0.21890307 -0.17306784  0.15618547 -0.11821706 -0.14940263
 -0.18428091  0.16538036 -0.1875633   0.00479398 -0.24590466 -0.25279593
 -0.48921062 -0.23211175 -0.86561861 -0.23740463 -0.04778857 -0.25584976
 -0.07199931 -0.35358159 -0.18283759 -0.43175625 -0.55556054 -0.2429152
 -0.23587119 -0.31682803 -0.16433462 -0.20620547 -0.62298319 -0.28553182
 -0.34928594 -0.44290763 -0.30636394 -0.19275638 -0.18828207 -0.41225346
 -0.1139265  -0.21179223 -0.16123606 -0.03343948  0.47955517 -0.26252469
  0.1080803  -0.31428021  0.00153107]
    Xi: 0.231627
    Gamma: 1.000000
    QP Objective: 2.374406189413103

  Function 30:
    Center: [-0.34243371 -0.16507191 -0.55676058 -0.04689958 -0.4643144  -0.35026618
 -0.29179389 -0.26256156 -0.32330236 -0.37136439 -0.29685953  0.52030604
 -0.31205521 -0.17492717 -0.19011441 -0.3013776  -0.32113541 -0.34787592
  2.40969418 -0.16789311 -0.67441898 -0.11817151 -0.2902092  -0.21299439
 -0.32881467 -0.29923993 -0.22789481 -0.23183016 -0.16673145 -0.22523952
 -0.16053931 -0.14321202 -0.17492026 -0.14521515 -0.19806739 -0.24213022
 -0.32345561 -0.05983624 -0.18091134 -0.18530385 -0.12090468 -0.17259996
 -0.20599311 -0.12734332  0.68089346 -0.19738748 -0.0713879  -0.11154623
  0.62611853 -0.51430655 -0.15519768  0.60929317 -0.30835494 -0.1030484
 -0.13211609 -0.26259945 -0.43756751]
    Weight (w): [-0.29994864 -0.03323132 -0.22872991  0.51359834 -0.25040528 -0.19684194
 -0.12448806 -0.18764874 -0.31628453 -0.03736682 -0.24060792 -0.21227852
 -0.32257552 -0.37294876 -0.43829172 -0.00781855  0.11351861 -0.19901348
  0.17537617  0.20181359 -0.18857324  0.40389654 -0.27340762 -0.22686451
 -0.46700134 -0.43380796 -0.67410615 -0.25055798 -0.14009567 -0.33811017
 -0.48974449 -0.53810816 -0.20835958 -0.21785136 -0.47427464 -0.12927604
 -0.23075998 -0.51545381 -0.28085856 -0.13577598 -0.62462694 -0.08130975
 -0.3712983  -0.80702149 -0.18158473 -0.01494847 -0.19027977 -0.38667975
 -0.74517086 -0.29307375 -0.2499341   0.25203714  0.75497309 -0.04442256
  0.07347848  0.08995425 -0.05237767]
    Xi: 0.273475
    Gamma: 1.000000
    QP Objective: 2.582555053281865

  Function 31:
    Center: [-0.34243371 -0.16507191 -0.55676058 -0.04689958 -0.4643144  -0.35026618
 -0.29179389 -0.26256156 -0.32330236 -0.37136439 -0.29685953 -0.62871259
 -0.31205521 -0.17492717 -0.19011441 -0.3013776  -0.32113541 -0.34787592
 -0.93624235 -0.16789311 -0.67441898 -0.11817151 -0.2902092  20.32532086
 -0.32881467 -0.29923993 -0.22789481 -0.23183016 -0.16673145 -0.22523952
 -0.16053931 -0.14321202 -0.17492026 -0.14521515 -0.19806739 -0.24213022
 -0.32345561 -0.05983624 -0.18091134 -0.18530385 -0.12090468 -0.17259996
 -0.20599311 -0.12734332 -0.29777621 -0.19738748 -0.0713879  -0.11154623
 -0.15845336  2.94078111 -0.15519768 -0.32991229 -0.30835494 -0.1030484
 -0.06907631 -0.22154647 -0.43756751]
    Weight (w): [-0.13008631 -0.02723242 -0.14574229 -0.04359199 -0.0849731  -0.14520353
  0.01438822 -0.09254821 -0.11451524 -0.14152834 -0.13336851 -0.25469678
 -0.11297946 -0.06621885 -0.0693279  -0.05370678 -0.07902885 -0.14993066
  0.05412245 -0.09336568 -0.11255003 -0.14799648 -0.11277102  0.04938016
 -0.44640567 -0.11120521 -0.88901371 -0.07590978  0.33000813 -0.10718633
 -0.00869549 -0.23259038 -0.15986161 -0.41197518 -0.4862498  -0.07750072
 -0.13410521  0.16463033  0.05344074 -0.02672182 -0.57995432 -0.23538087
 -0.1627766  -0.43378872 -0.25846945 -0.09021733 -0.06345692 -0.38467281
  0.00275671 -0.10509475 -0.10189646  0.25153386  0.16710979 -0.01407804
  0.02170479 -0.17269004 -0.02656296]
    Xi: 0.115200
    Gamma: 1.000000
    QP Objective: 2.2968811942433565

  Function 32:
    Center: [-0.34243371 -0.16507191  0.0780491  -0.04689958 -0.4643144   0.23411409
 -0.29179389 -0.26256156 -0.32330236 -0.37136439 -0.29685953  0.11408733
 -0.31205521 -0.17492717 -0.19011441 -0.3013776   0.75992845 -0.34787592
 -0.39548493 -0.16789311  0.1251284  -0.11817151 -0.2902092  -0.21299439
 -0.04159035 -0.29923993 -0.22789481 -0.23183016 -0.16673145 -0.22523952
 -0.16053931 -0.14321202 -0.17492026 -0.14521515 -0.19806739  0.15530692
 -0.32345561 -0.05983624 -0.18091134 -0.18530385 -0.12090468 -0.17259996
 -0.20599311 -0.12734332 -0.29777621 -0.19738748 -0.0713879  -0.11154623
 -0.07219153 -0.12588663 -0.15519768 -0.30416384 -0.05210664  0.04370368
 -0.04420712 -0.06759778  0.2452831 ]
    Weight (w): [-0.04754508  0.21739017 -0.09859104 -0.0439483   0.00981651 -0.14327521
  0.1211728  -0.01444432 -0.11513674 -0.20312134 -0.15985805 -0.10206805
 -0.04903175 -0.11929092  0.1520151   0.0197577  -0.05315436 -0.14671529
  0.01919365 -0.18210937 -0.15453289 -0.06984606  0.21732142 -0.04674247
 -1.7469923   0.56609134 -0.89628085 -0.18205137  0.29122593  0.02480511
 -0.06187119 -0.28014191 -0.21157333 -0.32427537 -0.12572533 -0.03221296
 -0.21382815  0.05443751  0.07587397 -0.07571942 -0.58469509 -0.37725004
 -0.34590452 -0.27172277 -0.38594717 -0.15565721 -0.13095645 -0.4657131
  0.17542328 -0.19877531 -0.18507896  0.0114445   0.21854157 -0.22569349
 -0.29674524  0.05034589  0.03868745]
    Xi: 0.186513
    Gamma: 1.000000
    QP Objective: 2.5966456046761865

  Function 33:
    Center: [-0.34243371 -0.16507191 -0.55676058 -0.04689958 -0.4643144  -0.35026618
 -0.29179389 -0.26256156 -0.32330236 -0.37136439 -0.29685953 -0.62871259
 -0.31205521 -0.17492717 -0.19011441 -0.3013776  -0.32113541 -0.34787592
 -0.93624235 -0.16789311 -0.67441898 -0.11817151 -0.2902092  -0.21299439
 -0.32881467 -0.29923993 -0.22789481 -0.23183016 -0.16673145 -0.22523952
 -0.16053931 -0.14321202 -0.17492026 -0.14521515 -0.19806739 -0.24213022
 -0.32345561 -0.05983624 -0.18091134 -0.18530385 -0.12090468 -0.17259996
 -0.20599311 -0.12734332 -0.29777621 -0.19738748 -0.0713879  -0.11154623
 -0.15845336 -0.51430655 -0.15519768  4.0485508  -0.30835494 -0.1030484
 -0.13211609 -0.26259945 -0.46065908]
    Weight (w): [-3.70702293e-01 -6.05711007e-01 -3.35563506e-01 -2.81845575e-02
 -2.24471567e-01 -1.13439100e-01 -2.75440762e-01 -3.75767597e-01
 -3.39791272e-01 -4.28264571e-01 -3.04000110e-01 -5.63955083e-01
 -3.63219042e-01 -4.43389607e-01 -4.49048846e-01  1.08775389e-01
 -3.67168628e-01 -4.29137173e-01 -5.99651714e-02 -3.95719381e-01
 -4.30171846e-01 -2.68694537e-02 -4.10401579e-01 -3.22739384e-01
 -5.15373608e-01 -4.73226105e-01 -7.97746968e-01 -4.80168034e-01
  1.18180342e-01 -5.58993716e-01 -3.70060499e-01 -5.71268887e-01
 -4.10602324e-01 -2.03293440e-01 -9.06036987e-01 -3.39692639e-01
 -4.45737743e-01 -3.67809256e-01 -3.21843780e-01 -5.03883541e-01
 -6.01073101e-01 -9.87120329e-01 -5.42099674e-01 -5.46900196e-01
 -4.44966567e-01 -3.34219514e-01 -1.10184918e-01 -6.66685891e-01
  1.50614253e-01 -2.35658309e-01 -4.39514140e-01 -6.83648296e-05
 -1.65908885e-01  3.33134801e-01  9.45054896e-01  3.20502425e-01
 -4.28679917e-01]
    Xi: 0.402197
    Gamma: 1.000000
    QP Objective: 3.0833337137416383

  Function 34:
    Center: [ 6.20797679 -0.16507191 -0.55676058 -0.04689958 -0.4643144  -0.35026618
 -0.29179389 -0.26256156 -0.32330236 -0.37136439  9.62757776  1.69253718
 -0.31205521 -0.17492717 -0.19011441 -0.3013776  -0.32113541 -0.34787592
  0.1903356  -0.16789311  5.98847587 -0.11817151 -0.2902092  -0.21299439
 -0.32881467 -0.29923993 -0.22789481 -0.23183016 -0.16673145 -0.22523952
 -0.16053931 -0.14321202 -0.17492026 -0.14521515 -0.19806739 -0.24213022
 -0.32345561 -0.05983624 -0.18091134 -0.18530385 -0.12090468 -0.17259996
 -0.20599311 -0.12734332 -0.29777621 -0.19738748 -0.0713879  -0.11154623
 -0.15845336 -0.51430655 -0.15519768 -0.32991229 -0.30835494 -0.1030484
  0.02195313 -0.11891401 -0.37983859]
    Weight (w): [ 0.02051981  0.0409937  -0.05811611 -0.04595166  0.02515938 -0.05027537
  0.04192579 -0.02937875 -0.05343511 -0.0720272  -0.03903987 -0.02781071
 -0.08071255  0.06367576 -0.09895579  0.03555576  0.03970762 -0.0044083
  0.09613028 -0.06294559 -0.03098392 -0.08866284 -0.05454139  0.07675188
 -0.13151527 -0.02090296 -0.554277   -0.05139749 -0.14611682 -0.04044797
  0.11718348 -0.23126184 -0.03129801 -0.29511368  0.02842978  0.00765005
 -0.08004937 -0.05353903 -0.06393161 -0.10413903 -0.61134786 -0.21219459
 -0.08383138 -0.55847354 -0.12040533  0.03839378 -0.07197172 -0.13947037
 -0.04119024 -0.08701135 -0.08380908  0.31494298  0.12067562  0.27941464
  0.00276487 -0.04121833 -0.05667361]
    Xi: 0.061013
    Gamma: 1.000000
    QP Objective: 2.276727181858335

  Function 35:
    Center: [-0.34243371 -0.16507191  3.03388165 -0.04689958 -0.4643144  -0.35026618
 -0.29179389 -0.26256156 -0.32330236 -0.37136439 -0.29685953  0.4158498
  2.67794735 -0.17492717 -0.19011441 -0.3013776  -0.32113541 -0.34787592
  1.62108961 -0.16789311  1.59096527 -0.11817151 -0.2902092  -0.21299439
 -0.32881467 -0.29923993 -0.22789481 -0.23183016 -0.16673145 -0.22523952
 -0.16053931 -0.14321202 -0.17492026 -0.14521515 -0.19806739 -0.24213022
 -0.32345561 -0.05983624 -0.18091134 -0.18530385 -0.12090468 -0.17259996
 -0.20599311 -0.12734332 -0.29777621 -0.19738748 -0.0713879  -0.11154623
 -0.15845336 -0.51430655 -0.15519768 -0.12882914 -0.30835494 -0.1030484
 -0.11979181 -0.22667809 -0.41447594]
    Weight (w): [-0.00441382  0.56117239 -0.08336862  0.16309719 -0.05786568 -0.03727723
  0.09677663 -0.21707525 -0.18716867 -0.12295975 -0.15561303 -0.07111795
  0.01695012 -0.17353971  0.20491015  0.18485137  0.11784671 -0.10487365
  0.04306928 -0.06551726  0.07301822 -0.12849989 -0.17760511 -0.14040961
 -0.85143081 -0.17427006 -0.59132118 -0.16108173  0.05458985 -0.25822069
 -0.08825375 -0.42978893  0.72979407 -0.55227291 -0.48864024 -0.18890013
 -0.2293753  -0.41418945 -0.19072132 -0.04478794 -0.62743596 -0.03577441
 -0.32814423 -0.61209879 -0.23939319 -0.21065139 -0.11501759  0.11333247
 -0.24361215 -0.22967962 -0.22557891  0.35179716  0.51928225 -0.18883783
 -0.22435241 -0.163642    0.01729065]
    Xi: 0.175017
    Gamma: 1.000000
    QP Objective: 2.5671511752161673

  Function 36:
    Center: [-0.34243371 -0.16507191 -0.55676058 -0.04689958  8.83019954 -0.35026618
 -0.29179389 -0.26256156 -0.32330236 -0.37136439 -0.29685953 -0.62871259
 -0.31205521 -0.17492717 -0.19011441 -0.3013776  -0.32113541 -0.34787592
 -0.93624235 -0.16789311 -0.67441898 -0.11817151 -0.2902092  -0.21299439
 -0.32881467 -0.29923993 -0.22789481 -0.23183016 -0.16673145 -0.22523952
 -0.16053931 -0.14321202 -0.17492026 -0.14521515 -0.19806739 -0.24213022
 -0.32345561 -0.05983624 -0.18091134 -0.18530385 -0.12090468 -0.17259996
 -0.20599311 -0.12734332 -0.29777621 -0.19738748 -0.0713879  -0.11154623
 -0.15845336 -0.51430655 -0.15519768 -0.32991229 -0.30835494 -0.1030484
 -0.1005962  -0.23694133 -0.45076269]
    Weight (w): [-0.19898652 -0.06645753 -0.17836747 -0.04757827  0.002424   -0.23723751
 -0.06530131  0.04634104 -0.24918068 -0.24108321 -0.09681327 -0.31733769
 -0.3049273  -0.19935981 -0.23310034  0.02087488 -0.0730974  -0.17301684
  0.04178842 -0.04775181 -0.15433287 -0.26786616 -0.26240464 -0.23711508
 -0.27572036 -0.41260907 -0.97030995 -0.22864948  0.14580467 -0.26412956
 -0.55980693 -0.60160175 -0.01487247 -0.35916142 -0.39651652 -0.16711744
 -0.22241238 -0.08258005 -0.26548223 -0.28321693 -0.63298849 -0.86519031
 -0.38762898 -0.55779835 -0.53430689 -0.10861857 -0.11603543 -0.63033671
 -0.24129872 -0.23197506 -0.25181929 -0.20356944  0.14681817 -0.04072384
  0.35912288 -0.33326114 -0.17138709]
    Xi: 0.225661
    Gamma: 1.000000
    QP Objective: 2.637620054706381

  Function 37:
    Center: [-0.34243371 -0.16507191 -0.55676058 -0.04689958 -0.4643144  -0.35026618
 -0.29179389 -0.26256156 -0.32330236 -0.37136439 -0.29685953  1.55326219
 -0.31205521 -0.17492717 -0.19011441 -0.3013776  -0.32113541 -0.34787592
  0.12274093 -0.16789311 -0.67441898 -0.11817151 -0.2902092  -0.21299439
 -0.32881467 -0.29923993 -0.22789481 -0.23183016 -0.16673145 -0.22523952
 -0.16053931 -0.14321202 -0.17492026 -0.14521515 -0.19806739 -0.24213022
 -0.32345561 -0.05983624 -0.18091134 -0.18530385 -0.12090468 -0.17259996
 -0.20599311 -0.12734332 -0.29777621 -0.19738748 -0.0713879  -0.11154623
 -0.15845336  0.70644177 -0.15519768  0.07470625 -0.30835494 -0.1030484
 -0.10787729 -0.24720458 -0.42932052]
    Weight (w): [-0.2590788  -0.2824999  -0.20928493  0.54342557 -0.11545117 -0.13082551
 -0.12148399 -0.33392985 -0.31822775 -0.13724158 -0.20897507 -0.15137534
 -0.37396275 -0.23030251 -0.35408937  0.06664504 -0.09052847 -0.14109663
 -0.16360033 -0.19764275 -0.07630175 -0.18192726 -0.263776   -0.13236404
 -1.00938968 -0.44532442 -0.99076829 -0.35903075  0.09149192 -0.41055084
 -0.4341178  -0.61428613 -0.49141057 -0.24648255 -0.29298336 -0.01209401
 -0.3552779  -0.23863383 -0.0445754  -0.54318475 -0.64633463 -0.37051813
 -0.22999202 -0.50573986 -0.39821569 -0.26705943 -0.11848198 -0.0158515
 -0.15340319 -0.12866944 -0.24992999  0.08031807  0.26430225 -0.07027381
  0.2278838  -0.19524985 -0.0586621 ]
    Xi: 0.309098
    Gamma: 1.000000
    QP Objective: 2.5722657819683543

  Function 38:
    Center: [-0.34243371 -0.16507191 -0.55676058 -0.04689958 -0.4643144  -0.35026618
 -0.29179389 -0.26256156 -0.32330236  0.51278789 -0.29685953 -0.62871259
 -0.31205521 -0.17492717 -0.19011441  0.38894412 -0.32113541 -0.34787592
  0.68039701 -0.16789311  2.67368568 -0.11817151 -0.2902092  -0.21299439
 -0.32881467 -0.29923993 -0.22789481 -0.23183016 -0.16673145 -0.22523952
 -0.16053931 -0.14321202 -0.17492026 -0.14521515 -0.19806739 -0.24213022
 -0.32345561 -0.05983624 -0.18091134 -0.18530385 -0.12090468 -0.17259996
 -0.20599311 -0.12734332  0.82917674 -0.19738748 -0.0713879  -0.11154623
 -0.15845336  2.5930528  -0.15519768 -0.32991229 -0.30835494  0.07398586
 -0.05070022 -0.10865076 -0.25448438]
    Weight (w): [-1.80452409e-01 -3.96176007e-02 -1.57899795e-01 -4.93242662e-02
  1.42803371e-01 -6.21095598e-02  8.14221156e-04 -1.19066111e-01
 -1.41298416e-01 -1.59549173e-02 -5.53223994e-02 -4.83818045e-02
 -2.48222123e-01 -1.18894603e-01 -1.56542507e-01  1.66420855e-01
  1.13538288e-01 -1.23611089e-01 -6.09386305e-02  2.65324281e-02
  5.39298916e-02 -8.14583444e-02 -1.58238086e-01  7.27953565e-02
 -3.25607188e-01  1.65217486e-01 -8.70980254e-01 -1.19223098e-01
  3.27899218e-02 -2.07056362e-01 -6.98250994e-02 -4.44872046e-01
 -1.49647500e-01 -2.37425111e-01 -7.21244731e-01 -1.48491843e-01
 -1.75913386e-01 -2.67548771e-01 -2.07240302e-01 -1.43644857e-01
 -6.56217423e-01  8.08454926e-02 -8.50453843e-02 -5.48663489e-01
 -2.13154791e-01 -8.33462626e-02 -1.20293632e-01 -2.22357526e-01
 -1.05463587e-02 -1.20099648e-01 -8.32693190e-02  3.98951819e-01
  3.47892836e-01 -1.94269683e-01  3.62010297e-01 -2.61197972e-01
 -1.58474428e-01]
    Xi: 0.152728
    Gamma: 1.000000
    QP Objective: 2.416511066406499

  Function 39:
    Center: [-0.34243371  0.01316257 -0.55676058 -0.04689958 -0.12227629 -0.35026618
 -0.29179389 -0.26256156 -0.32330236  0.35767346 -0.29685953 -0.36176887
 -0.31205521  4.80795495 -0.19011441 -0.3013776  -0.32113541 -0.34787592
 -0.26592847 -0.16789311 -0.67441898 -0.11817151 -0.2902092  -0.21299439
 -0.04757419 -0.29923993 -0.15958324 -0.23183016 -0.16673145 -0.22523952
  0.40968696 -0.14321202 -0.17492026 -0.14521515  0.23409932 -0.24213022
 -0.32345561 -0.05983624 -0.18091134 -0.18530385 -0.12090468 -0.17259996
 -0.20599311 -0.12734332 -0.29777621 -0.19738748 -0.0713879  -0.11154623
 -0.15845336 -0.51430655 -0.15519768 -0.32991229  0.33429953 -0.1030484
  0.15269762  0.93820029  1.33718431]
    Weight (w): [-1.03572058e-01  2.01633290e-01 -1.19836668e-01 -4.97809355e-02
  3.20373535e-02 -1.00596779e-01 -3.53762338e-04 -1.40982803e-01
 -2.40805865e-02 -3.20240831e-02  1.39218736e-01 -1.00703323e-01
 -1.34125427e-01 -2.84667837e-03  7.69767641e-02 -8.81108725e-02
 -1.71662766e-02 -1.28452786e-01 -1.21154452e-01 -8.68672453e-02
 -9.23976551e-02 -1.77857682e-01  7.77019960e-02 -1.27667788e-01
 -4.66159047e-01  3.83291667e-02 -1.47059972e+00 -9.95008019e-02
  7.44985234e-02 -5.23878314e-02 -3.35721164e-01 -3.10029422e-01
 -1.35578550e-01 -4.42347207e-04 -5.35817508e-01 -1.17775794e-01
 -1.48943444e-01 -4.01784904e-02 -1.54480093e-01 -2.88427247e-02
 -6.62293510e-01 -2.13883126e-01 -1.86309747e-01 -4.14797610e-01
 -1.17355781e-01  5.79328961e-02 -5.88661574e-04 -1.82236187e-01
 -1.33054442e-02 -1.26585057e-01 -1.42486205e-01 -4.36511398e-02
  2.74259109e-01  7.12987824e-01  7.68819347e-02  1.63823389e-02
  8.99789760e-03]
    Xi: 0.128023
    Gamma: 1.000000
    QP Objective: 2.2687171885202226

  Function 40:
    Center: [-0.34243371 -0.16507191 -0.55676058 -0.04689958 -0.4643144  -0.35026618
 -0.29179389 -0.26256156 -0.32330236 -0.37136439 -0.29685953 -0.62871259
 -0.31205521 -0.17492717 -0.19011441 -0.3013776  -0.32113541 -0.34787592
  2.25197326 -0.16789311  0.89136131 -0.11817151  3.27868698 -0.21299439
 -0.32881467 -0.29923993 -0.22789481 -0.23183016 -0.16673145 -0.22523952
 -0.16053931 -0.14321202 -0.17492026 -0.14521515 -0.19806739 -0.24213022
 -0.32345561 -0.05983624 -0.18091134 -0.18530385 -0.12090468 -0.17259996
 -0.20599311 -0.12734332 -0.29777621 -0.19738748 -0.0713879  -0.11154623
 -0.15845336  0.29952566 -0.15519768 -0.32991229 -0.30835494 -0.1030484
 -0.09586822 -0.22667809 -0.39633257]
    Weight (w): [-0.23473959 -0.20350333 -0.25959363 -0.05072024 -0.10501976 -0.17670017
 -0.10815711 -0.2166178  -0.29267695 -0.26913681 -0.32656028 -0.17303099
 -0.30391194 -0.23262836 -0.29851657  0.03223787 -0.14426445 -0.17636566
  0.09716734 -0.29029926  0.0803309   0.12684111  0.03247867 -0.06967566
  0.04569176 -0.82357793 -0.82122584 -0.26300162 -0.16696937 -0.36159018
 -0.20084493 -0.30443391 -0.09522803 -0.28161692 -0.52074301 -0.28193647
 -0.23951416 -0.36738181 -0.27567267 -0.33712929 -0.67478961 -0.02482783
 -0.11581445 -0.38739602 -0.39596122 -0.3232691  -0.12369817 -0.68361538
  0.03407589 -0.29189974 -0.25821553  0.04376433  0.26822606 -0.21872417
 -0.33313162 -0.29963816 -0.19868456]
    Xi: 0.281326
    Gamma: 1.000000
    QP Objective: 2.482983725806283

  Function 41:
    Center: [ 3.78432491 -0.16507191 -0.55676058 -0.04689958 -0.4643144  -0.35026618
 -0.29179389 -0.26256156 -0.32330236 -0.37136439 -0.29685953 -0.62871259
 -0.31205521 -0.17492717 -0.19011441 -0.3013776  -0.32113541 -0.34787592
 -0.22649824 -0.16789311  0.37498696 -0.11817151 -0.2902092  -0.21299439
 -0.32881467 -0.29923993 -0.22789481 -0.23183016 -0.16673145 -0.22523952
 -0.16053931 -0.14321202 -0.17492026 -0.14521515 -0.19806739 -0.24213022
 -0.32345561 -0.05983624 -0.18091134 -0.18530385 -0.12090468 -0.17259996
 -0.20599311 -0.12734332 -0.29777621 -0.19738748 -0.0713879  -0.11154623
 -0.15845336 -0.51430655 -0.15519768 -0.1116635  -0.30835494 -0.1030484
 -0.12354268 -0.2523362  -0.4441651 ]
    Weight (w): [ 0.01108023 -0.67335489 -0.31705149 -0.05104125 -0.01821185 -0.29712194
 -0.08885212 -0.30209172 -0.32028485 -0.35855507 -0.27025134 -0.17850096
 -0.32543019 -0.28031681 -0.29216572 -0.08637334 -0.00738877 -0.2795673
 -0.06106442 -0.22534691  0.02213429 -0.09702443 -0.30598389  0.11715057
 -0.62309564 -0.39153818 -0.49290995 -0.32909958  0.21422123 -0.37269072
 -0.15399624 -0.31787827 -0.47382584 -0.2833993  -0.50580416  0.0469976
 -0.37698693 -0.17578072 -0.69832376 -0.39110062 -0.67906043 -0.74959457
 -0.2944357  -0.81511504 -0.53727734 -0.39964825 -0.12448107 -0.75319274
 -0.18902475 -0.33308679 -0.34355154  0.13314571  0.06934421  0.00742205
  0.14897979 -0.13381263 -0.20234651]
    Xi: 0.329476
    Gamma: 1.000000
    QP Objective: 2.6402923735305155

  Function 42:
    Center: [-0.34243371 -0.16507191 -0.55676058 -0.04689958 -0.4643144   0.56282799
 -0.29179389  2.23103075 -0.32330236 -0.37136439 -0.29685953 -0.33855637
 -0.31205521 -0.17492717 -0.19011441 -0.3013776  -0.32113541  0.12287651
 -0.93624235 -0.16789311 -0.67441898 -0.11817151 -0.2902092  -0.21299439
  0.11997332 -0.01734618 -0.22789481 -0.23183016 -0.16673145  1.96470812
 -0.16053931 -0.14321202 -0.17492026 -0.14521515 -0.19806739  0.37886531
  2.62879808 -0.05983624 -0.18091134 -0.18530385 -0.12090468 -0.17259996
 -0.20599311 -0.12734332 -0.29777621  0.35144786 -0.0713879  -0.11154623
 -0.15845336  0.05167676 -0.15519768 -0.32991229 -0.30835494 -0.1030484
 -0.10192004 -0.13430888  0.07539514]
    Weight (w): [-0.10115467 -0.02230186 -0.13705223 -0.03752614 -0.09475718  0.05298478
 -0.14246846  0.12757553 -0.15560653 -0.09429733 -0.08763158 -0.12404811
 -0.1624907  -0.18161007  0.07780692 -0.06762825 -0.15958612 -0.09377961
 -0.18299787 -0.15002572 -0.14971649 -0.14192449 -0.03521906 -0.11681554
 -0.67656155  0.02252533 -0.51332913 -0.15445834  0.226663   -0.10460533
 -0.06665083 -0.32092502 -0.05125559 -0.24428244 -0.20311266 -0.03752174
 -0.01346911  0.09541924  0.00218617 -0.2175492  -0.685569   -0.06870564
 -0.21367715  0.10925933 -0.15862595 -0.09312202 -0.12031075  0.02472423
  0.37782307 -0.13037655 -0.15812468 -0.11612889  0.10151601 -0.06194721
  0.11251152  0.17926558 -0.02034806]
    Xi: 0.144176
    Gamma: 1.000000
    QP Objective: 2.233599779058485

  Function 43:
    Center: [-0.34243371 -0.16507191 -0.55676058 -0.04689958 -0.4643144  -0.35026618
 -0.29179389 -0.26256156 -0.32330236 -0.37136439 -0.29685953 -0.62871259
 -0.31205521  5.04665589 -0.19011441 -0.3013776  -0.32113541 -0.34787592
  0.04951336 -0.16789311 -0.67441898 -0.11817151 -0.2902092  -0.21299439
 -0.32881467 -0.29923993 -0.22789481 -0.23183016 -0.16673145 -0.22523952
 -0.16053931 -0.14321202 -0.17492026 -0.14521515 -0.19806739 -0.24213022
 -0.32345561 -0.05983624 -0.18091134 -0.18530385 -0.12090468 -0.17259996
 -0.20599311 -0.12734332 -0.29777621 -0.19738748 -0.0713879  -0.11154623
 -0.15845336 -0.51430655 -0.15519768 -0.02338309 -0.30835494 -0.1030484
 -0.12313292 -0.2523362  -0.43756751]
    Weight (w): [-0.19150419 -0.1759458  -0.23797849 -0.05169563 -0.0166226  -0.1265004
 -0.03784699 -0.19845483 -0.20249519 -0.19411264 -0.12814684 -0.20623482
 -0.18092182 -0.09948408 -0.2427506  -0.13021399 -0.0693105  -0.24750598
 -0.09212305 -0.04642915 -0.08830756 -0.31315306 -0.00534072 -0.16965938
 -0.14912885 -0.21740315 -0.65770536 -0.21240894 -0.17018032 -0.26880149
 -0.18633276 -0.32195364 -0.19273538 -0.28703263 -0.52379438  0.18975841
 -0.25418775 -0.32475495 -0.45163524 -0.34527399 -0.68776634 -0.55339306
 -0.21861084 -0.18289507 -0.320115    0.28884146 -0.08021379 -0.57657328
 -0.14292056 -0.21401068 -0.20905868  0.04605421  0.26344117  1.0775027
 -0.04836887 -0.0207393  -0.21292044]
    Xi: 0.212279
    Gamma: 1.000000
    QP Objective: 2.47440066388971

  Function 44:
    Center: [-0.34243371 -0.16507191 -0.55676058 -0.04689958 -0.4643144  -0.35026618
 -0.29179389 -0.26256156 -0.32330236 -0.37136439 -0.29685953 -0.62871259
 -0.31205521 -0.17492717 -0.19011441 -0.3013776  -0.32113541 -0.34787592
 -0.93624235 -0.16789311  4.87244098 -0.11817151 -0.2902092  -0.21299439
 -0.32881467 -0.29923993 -0.22789481 -0.23183016 -0.16673145 -0.22523952
 -0.16053931 -0.14321202 -0.17492026 -0.14521515 -0.19806739 -0.24213022
 -0.32345561 -0.05983624 -0.18091134 -0.18530385 -0.12090468 -0.17259996
 -0.20599311 -0.12734332 -0.29777621 -0.19738748 -0.0713879  -0.11154623
 -0.15845336 -0.51430655 -0.15519768 -0.32991229 -0.30835494 -0.1030484
 -0.13211609 -0.26259945 -0.4474639 ]
    Weight (w): [ 0.03911994  0.17215024  0.00128037 -0.02209232  0.23376761 -0.07084172
  0.04800875  0.14364803  0.21822817 -0.00396276 -0.09407387  0.07766415
 -0.08170413  0.08912894 -0.02279859  0.11412062 -0.0282099  -0.09862204
  0.4387838   0.11902271 -0.31043997  0.11226532 -0.03737064  0.24857695
 -0.07960241 -0.00514178 -0.85353421 -0.00761536  0.15729909  0.0268802
  0.12140243 -0.14374583 -0.25239874 -0.15787072 -0.36749385 -0.02870011
 -0.03709863 -0.07267939 -0.02590871  0.10091233 -0.69444368 -0.0582351
 -0.07140066 -0.18912586 -0.32789986 -0.04707417  0.02419449 -0.07532926
 -0.1230263  -0.05718307 -0.02204753  0.12008509  0.51699151 -0.04429524
  0.92855046 -0.03359081 -0.03100341]
    Xi: 0.026269
    Gamma: 1.000000
    QP Objective: 2.614282122872769

  Function 45:
    Center: [-0.34243371 -0.16507191  0.61366976 -0.04689958 -0.03304896  1.80463605
  1.21561998  0.46058021 -0.32330236  0.07846747  1.14218388 -0.62871259
 -0.31205521 -0.17492717 -0.19011441 -0.3013776  -0.32113541  1.32800274
  1.08033219 -0.16789311  0.56654518 -0.11817151 -0.2902092  -0.21299439
 -0.15528331  0.02775682 -0.22789481 -0.23183016 -0.16673145 -0.22523952
 -0.16053931 -0.14321202 -0.17492026 -0.14521515 -0.19806739 -0.24213022
 -0.32345561 -0.05983624 -0.18091134 -0.18530385 -0.12090468 -0.17259996
 -0.20599311 -0.12734332 -0.01109519 -0.19738748 -0.0713879  -0.11154623
  0.20713249 -0.51430655 -0.15519768 -0.27596316  0.23668113 -0.1030484
 -0.11320416 -0.19075673 -0.26932895]
    Weight (w): [-0.04171604  0.4801955  -0.11410341 -0.05323114  0.23717078  0.07263752
  0.17327792 -0.10772345 -0.14036913 -0.19221343  0.02093929 -0.10757817
 -0.14455456  0.03250796 -0.20925877  0.26065555  0.06754637 -0.02301057
 -0.03703839 -0.18070068  0.06902768  0.04748394 -0.05799501  0.01029491
 -0.54912597 -0.32405678 -0.87043588 -0.1856619   0.14177309 -0.19167231
 -0.13909953 -0.33151662  0.20588297 -0.27819685 -0.24858339 -0.20729819
 -0.15799913 -0.3323527  -0.43854396 -0.06239307 -0.70819504 -0.01841527
 -0.28616627 -1.13581975 -0.19077309 -0.42584289 -0.12982184  0.09044992
 -0.18056255 -0.19069449 -0.23529722  0.00564217  0.13506819  0.33453759
 -0.24917209 -0.06276485  0.03472734]
    Xi: 0.166760
    Gamma: 1.000000
    QP Objective: 2.5784861656419262

  Function 46:
    Center: [-0.34243371 -0.16507191 -0.55676058 -0.04689958 -0.4643144  -0.35026618
 -0.29179389 -0.26256156 -0.32330236  1.81574914 -0.29685953 -0.62871259
  4.37228212 -0.17492717 -0.19011441 -0.3013776  -0.32113541 -0.34787592
 -0.14200489 -0.16789311 -0.67441898 -0.11817151 -0.2902092  -0.21299439
 -0.32881467 -0.29923993 -0.22789481 -0.23183016 -0.16673145 -0.22523952
 -0.16053931 -0.14321202 -0.17492026 -0.14521515 -0.19806739 -0.24213022
 -0.32345561 -0.05983624 -0.18091134 -0.18530385 -0.12090468 -0.17259996
 -0.20599311 -0.12734332  0.39421245 -0.19738748 -0.0713879  -0.11154623
 -0.15845336  0.39570583 -0.15519768 -0.32991229 -0.30835494 -0.1030484
 -0.11446495 -0.23694133 -0.40293016]
    Weight (w): [-0.08081531  0.14999694 -0.15875685 -0.05358483  0.06228213 -0.07167097
  0.0976602  -0.12636979 -0.1994035  -0.0670355  -0.13442397 -0.12381903
 -0.04099776  0.03573908  0.14573448  0.01784478 -0.12906407 -0.18591105
 -0.05701006 -0.0640274  -0.02421562 -0.07922235 -0.01780943  0.0493762
 -0.22747081 -0.12018117 -0.61870441  0.06246419 -0.03342455 -0.14858104
 -0.14002378 -0.33371938 -0.24758956 -0.29752219 -0.47754952 -0.18537858
 -0.11798357 -0.07119534 -0.14271241  0.0565209  -0.71290066  0.02167596
 -0.22464224 -0.96713858 -0.29936722 -0.34418408 -0.13068444 -0.14710619
 -0.04505657 -0.15810122 -0.13342359  0.06776953  0.43796062 -0.17077818
  0.27346483 -0.3185682  -0.08582777]
    Xi: 0.148974
    Gamma: 1.000000
    QP Objective: 2.4161345887677874

  Function 47:
    Center: [-0.34243371 -0.16507191 -0.55676058 -0.04689958 -0.4643144   1.00111319
 -0.29179389 -0.26256156 -0.32330236 -0.37136439 -0.29685953 -0.62871259
 -0.31205521 -0.17492717 -0.19011441 -0.3013776  -0.32113541 -0.34787592
  1.16482554 -0.16789311 -0.3662601  -0.11817151 -0.2902092  -0.21299439
 -0.32881467 -0.29923993 -0.22789481 -0.23183016 -0.16673145 -0.22523952
 -0.16053931 -0.14321202 -0.17492026 -0.14521515 -0.19806739 -0.24213022
 -0.32345561 -0.05983624 -0.18091134 -0.18530385 -0.12090468 -0.17259996
 -0.20599311 -0.12734332  0.79952009 -0.19738748 -0.0713879  -0.11154623
 -0.15845336 -0.27015689 -0.15519768 -0.24898859 -0.30835494 -0.1030484
 -0.11462255 -0.24720458 -0.4441651 ]
    Weight (w): [-0.20353571  0.09567419 -0.38046927 -0.05394326 -0.05172724  0.06069402
 -0.05505371 -0.31507013 -0.32459375 -0.38574977 -0.30880167 -0.46947678
 -0.30794873 -0.17716332 -0.43374757  0.14348329 -0.1965956  -0.41944169
  0.06962907  0.46319524 -0.07736934 -0.37129323 -0.31061421 -0.28012008
 -0.44784312 -0.5227095  -0.88208051 -0.37243323 -0.17757947 -0.3986948
 -0.1409604  -0.33595162 -0.01728127 -0.29951231 -0.48074383 -0.30707013
 -0.43728268 -0.74806575 -0.29903323 -0.17899618 -0.71766922  0.53338007
 -0.29111969 -1.16917782 -0.30244781 -0.56840699 -0.13155859 -0.44846713
 -0.23337244 -0.36430458 -0.34298173 -0.00953175  0.37642871 -0.00376247
 -0.17373811 -0.32794705 -0.21496021]
    Xi: 0.370600
    Gamma: 1.000000
    QP Objective: 2.58527887238219

  Function 48:
    Center: [-0.34243371  0.60211129 -0.55676058 -0.04689958  0.26437549 -0.35026618
 -0.29179389  0.95929867 -0.32330236 -0.37136439 -0.29685953 -0.0600064
 -0.31205521 -0.17492717 -0.19011441 -0.3013776  -0.32113541  3.38048335
  0.73672591 -0.16789311  0.55821656 -0.11817151 -0.2902092  -0.21299439
 -0.32881467 -0.29923993 -0.22789481 -0.23183016 -0.16673145 -0.22523952
 -0.16053931 -0.14321202 -0.17492026 -0.14521515 -0.19806739  0.97502103
 -0.32345561 -0.05983624 -0.18091134 -0.18530385 -0.12090468 -0.17259996
 -0.20599311 -0.12734332 -0.29777621 -0.19738748 -0.0713879  -0.11154623
 -0.15845336 -0.51430655 -0.15519768 -0.23059683 -0.30835494 -0.1030484
 -0.12114717 -0.24720458 -0.37159161]
    Weight (w): [ 0.03209555 -0.42282158 -0.15192525 -0.05448998 -0.01530747 -0.07869083
  0.07619003 -0.10491199 -0.25194122 -0.11284096  0.04925553 -0.09435951
 -0.18800335 -0.20472472 -0.127074   -0.05229929 -0.09652778  0.21002815
 -0.10425857  0.06857524  0.11319994 -0.25126473 -0.18001642 -0.03497547
 -0.53333305 -0.49578339 -0.84206268 -0.2192746   0.01609435 -0.27912703
 -0.14238905 -0.33935654 -0.07584641 -0.3025479  -0.40064525 -0.05261125
 -0.23946097 -0.29577564 -0.08300725 -0.33201166 -0.7249429  -0.13907686
 -0.23684638 -0.44430444 -0.05003866 -0.15874879 -0.13289195  0.37968238
 -0.36000979 -0.22570194 -0.29549173  0.38256283  0.0345532  -0.09937788
 -0.4725703   0.45651649 -0.02471704]
    Xi: 0.211016
    Gamma: 1.000000
    QP Objective: 2.636266597751543

  Function 49:
    Center: [-0.34243371 -0.16507191 -0.55676058 -0.04689958 -0.4643144  -0.35026618
 -0.29179389 -0.26256156 -0.32330236 -0.37136439 -0.29685953 -0.24570638
 -0.31205521 -0.17492717 -0.19011441 -0.3013776  -0.32113541 -0.34787592
  1.48026736 -0.16789311  1.52433632 -0.11817151 -0.2902092  -0.21299439
 -0.32881467 -0.29923993 -0.22789481 -0.23183016 -0.16673145 -0.22523952
 -0.16053931 -0.14321202 -0.17492026 -0.14521515 -0.19806739 -0.24213022
 -0.32345561 -0.05983624 -0.18091134 -0.18530385 -0.12090468 -0.17259996
 -0.20599311 -0.12734332  0.35467024 -0.19738748 -0.0713879  -0.11154623
 -0.15845336 -0.29975078 -0.15519768 -0.32991229 -0.30835494 -0.1030484
 -0.12729355 -0.2523362  -0.4425157 ]
    Weight (w): [-0.12752356  0.05460418 -0.35133166 -0.0546747  -0.03560103 -0.27895142
 -0.10875436 -0.38836798 -0.27596035 -0.36515818 -0.24758368 -0.40796719
 -0.31047868 -0.16683397 -0.45213263  0.29759283 -0.21047094 -0.40945453
  0.1803175   0.57633467  0.14790815 -0.38310055 -0.31016124 -0.00535213
 -0.43149902 -0.47636921 -0.89404092 -0.38062725 -0.17998732 -0.4966496
 -0.14287172 -0.3405069   0.23430104 -0.30357349 -0.48726239 -0.18745711
 -0.45466188 -1.02942451 -0.25591783 -0.5230422  -0.72740033  0.28653983
 -0.43195195 -1.2608087  -0.47943299 -0.56980215 -0.13334243 -0.34264875
 -0.41274838 -0.39535735 -0.41471422 -0.00983938  0.34338609 -0.32823406
 -0.4335313   0.10069135 -0.20322518]
    Xi: 0.386987
    Gamma: 1.000000
    QP Objective: 2.764442984747717

  Function 50:
    Center: [-0.34243371 -0.03333338 -0.55676058 -0.04689958 -0.21150362 -0.35026618
 -0.29179389  0.61019575 -0.32330236 -0.37136439 -0.29685953  0.39263731
 -0.31205521 -0.17492717 -0.19011441 -0.3013776   4.07068655 -0.34787592
 -0.84048323 -0.16789311 -0.67441898 -0.11817151 -0.2902092  -0.21299439
 -0.11938027 -0.10755218 -0.22789481 -0.23183016 -0.16673145  0.14705158
 -0.16053931 -0.14321202 -0.17492026 -0.14521515 -0.19806739  0.62726353
 -0.32345561 -0.05983624 -0.18091134 -0.18530385 -0.12090468 -0.17259996
 -0.20599311 -0.12734332  0.22615806 -0.19738748 -0.0713879  -0.11154623
 -0.15845336  0.43269821 -0.15519768 -0.32991229 -0.30835494 -0.1030484
 -0.09892565 -0.20101998 -0.08459642]
    Weight (w): [-0.00337829 -0.047972   -0.17242419 -0.05561736 -0.01809311 -0.07258599
 -0.01905918 -0.05021542 -0.19841856 -0.12266493 -0.10602853 -0.12234679
 -0.14775109  0.05931039 -0.19722691  0.15076805  0.01446381 -0.0897785
 -0.17922399 -0.09450381 -0.10328465  0.31417847 -0.06160451 -0.16711349
 -0.4280586  -0.3291961  -0.61291795 -0.18209712  0.01812996 -0.18940933
 -0.14533503 -0.34637771  0.03825522 -0.30880752 -0.10500226  0.02830352
 -0.18624191  0.35352547  0.18240425 -0.05413017 -0.73994172  0.12762085
 -0.22345972 -0.54926034 -0.15866209 -0.13224958 -0.13564144 -0.05976421
  0.36628945 -0.10966514 -0.14938779 -0.0777426   0.06467084  0.12311981
 -0.20019394 -0.14939497 -0.00326364]
    Xi: 0.163833
    Gamma: 1.000000
    QP Objective: 2.3547753263644293

  Function 51:
    Center: [-0.34243371 -0.16507191 -0.55676058 -0.04689958 -0.4643144  -0.35026618
 -0.29179389 -0.26256156 -0.32330236 -0.37136439  0.89407295  0.20693732
  0.48527881 -0.17492717 -0.19011441 -0.3013776   0.21939652 -0.34787592
 -0.53067429  0.30296149  1.12456263 -0.11817151  1.08024693 -0.21299439
 -0.32881467 -0.29923993 -0.22789481 -0.23183016 -0.16673145 -0.22523952
 -0.16053931 -0.14321202 -0.17492026 -0.14521515  0.25288918 -0.24213022
 -0.32345561 -0.05983624 -0.18091134 -0.18530385 -0.12090468 -0.17259996
 -0.20599311 -0.12734332 -0.29777621  0.06605348 -0.0713879  -0.11154623
 -0.15845336  1.13925253 -0.15519768 -0.18032605  0.85086356 -0.1030484
 -0.04657111 -0.17023024  0.00447105]
    Weight (w): [-0.00499055 -0.36488854 -0.07227119  0.70450678 -0.02008528  0.06299146
 -0.04352612 -0.12422683 -0.01803076 -0.1481224  -0.01961091 -0.13442872
 -0.10673203  0.03990284  0.07972378  0.0669852  -0.03630882 -0.07354455
 -0.11792112 -0.14140566  0.0292608  -0.0319345   0.07724579 -0.01137028
 -0.2776701  -0.48283368 -0.8740045  -0.15480486  0.10853483 -0.18991173
 -0.14227209 -0.15111688 -0.280512   -0.11205419 -0.41612143 -0.11959982
 -0.18686484  0.59873928 -0.03268515 -0.11869127 -0.7450802  -0.26248091
 -0.17350197 -0.55843045 -0.21074335 -0.2307454  -0.02748529 -0.53344683
  0.50470145 -0.13266475 -0.12920111 -0.02746203  0.14474201 -0.04370918
 -0.17902373  0.18294954 -0.09511092]
    Xi: 0.155186
    Gamma: 1.000000
    QP Objective: 2.445019535951818

  Function 52:
    Center: [-0.34243371 -0.16507191  2.41890978 -0.04689958  0.65102727 -0.35026618
 -0.29179389 -0.26256156 -0.32330236 -0.37136439 -0.29685953  0.24175607
  4.67128238 -0.17492717 -0.19011441  0.60694046 -0.32113541 -0.34787592
 -0.09130889 -0.16789311 -0.04977259 -0.11817151 -0.2902092  -0.21299439
 -0.32881467 -0.29923993 -0.22789481 -0.23183016 -0.16673145 -0.22523952
 -0.16053931 -0.14321202 -0.17492026 -0.14521515 -0.19806739 -0.24213022
 -0.32345561 -0.05983624 -0.18091134 -0.18530385 -0.12090468 -0.17259996
 -0.20599311 -0.12734332  0.44364021 -0.19738748 -0.0713879  -0.11154623
 -0.15845336  0.02948134 -0.15519768  0.21080521 -0.30835494 -0.1030484
 -0.1005962  -0.23694133 -0.3781892 ]
    Weight (w): [-0.09514397 -0.1081828  -0.05280596 -0.05612355 -0.02701371  0.07900148
  0.08472561 -0.04060821 -0.16098355  0.04962961  0.0155751  -0.14133923
 -0.18897572  0.01818299  0.52668332 -0.09369064 -0.02250588  0.01918428
  0.08180703 -0.05775153 -0.02309952 -0.07933101 -0.04195332  0.60849933
 -0.4056813  -0.11719081 -0.60441275 -0.06858845  0.07797312 -0.08059757
 -0.14685421 -0.34999838 -0.24893795 -0.31203547 -0.42228076 -0.12877774
 -0.10991795  0.33336459 -0.11232651  0.05038514 -0.7476763  -0.56575752
 -0.11934872 -0.58740694 -0.33706363 -0.09761977 -0.06554044 -0.12940487
 -0.12265367 -0.11647325 -0.14438284  0.27388415  0.45537268 -0.09635127
 -0.06799491 -0.16340712  0.06039588]
    Xi: 0.069243
    Gamma: 1.000000
    QP Objective: 2.537694028254284

  Function 53:
    Center: [ 1.81599133e-01 -1.03077310e-01 -5.56760578e-01 -4.68995838e-02
 -4.64314403e-01 -3.50266176e-01 -2.91793886e-01 -2.62561558e-01
  2.51027430e-01  1.40513247e-01 -2.96859527e-01  1.48906079e-01
 -3.12055206e-01 -1.74927167e-01  1.18986307e-01 -3.01377603e-01
  8.04972781e-01  2.73517293e-01 -6.09534746e-01  1.46009955e-01
 -3.24617005e-01 -1.18171509e-01 -2.90209203e-01 -3.22391386e-02
  4.73019879e-01  3.54753582e-01 -2.27894812e-01 -2.31830156e-01
 -1.66731450e-01 -5.00437068e-02 -1.60539307e-01 -1.43212021e-01
 -1.74920257e-01 -1.45215148e-01 -1.98067390e-01  2.46541032e+00
  2.84136034e+00 -5.98362369e-02  1.87222263e-01 -1.85303849e-01
 -1.20904684e-01 -1.72599962e-01 -2.05993114e-01  1.29307395e-03
 -2.97776209e-01 -1.97387481e-01 -7.13879045e-02 -1.11546231e-01
  1.86593961e-01  9.94982279e-01  3.93337267e-01 -3.29912295e-01
 -2.59545741e-01 -1.03048405e-01 -3.19143633e-02  2.65957701e-01
  2.26249636e+00]
    Weight (w): [ 0.09585559  0.20383677 -0.07634179 -0.05659309  0.00550304 -0.08437581
 -0.04419063  0.14448557 -0.05077645 -0.0949224  -0.05605373  0.04787409
 -0.085561    0.02637437 -0.03450755 -0.05412398 -0.02124902 -0.04564449
 -0.11914714 -0.09277561  0.01956518 -0.11966084 -0.03921562 -0.06812625
 -0.63194542  0.19230896 -0.8425615  -0.11712713  0.01995417 -0.08829415
  0.07446083 -0.30884188 -0.14298364 -0.05874996 -0.24332876 -0.01080523
 -0.01393369  0.36377768  0.0431716  -0.11319597 -0.75292315 -0.11417127
 -0.07988131 -0.44414797 -0.10291795 -0.07658698 -0.01793269 -0.17398433
  0.17647362 -0.02435492 -0.06693198 -0.07148989  0.20365593  0.04220365
  0.03233131  0.02408729  0.10672384]
    Xi: 0.093595
    Gamma: 1.000000
    QP Objective: 2.245672302138619

  Function 54:
    Center: [-0.34243371 -0.16507191 -0.06081552 -0.04689958 -0.09253385 -0.35026618
 -0.29179389 -0.26256156 -0.32330236 -0.37136439 -0.29685953 -0.62871259
 -0.31205521 -0.17492717 -0.19011441 -0.3013776  -0.32113541 -0.34787592
  0.21850005 -0.16789311 -0.24965944 -0.11817151 -0.2902092  -0.21299439
 -0.32881467 -0.29923993 -0.22789481 -0.23183016 -0.16673145 -0.22523952
 -0.16053931 -0.14321202 -0.17492026 -0.14521515 -0.19806739 -0.24213022
 -0.32345561 -0.05983624 -0.18091134 -0.18530385 -0.12090468 -0.17259996
 -0.20599311 -0.12734332  0.45352576  0.07703019 -0.0713879  -0.11154623
 -0.15845336 -0.16657824 -0.15519768 -0.2722848  -0.30835494 -0.1030484
 -0.10425251 -0.00601831 -0.22479522]
    Weight (w): [-0.10703735 -0.22237313 -0.14861805 -0.05679235  0.19873116 -0.12854151
  0.15363519 -0.29705455 -0.28820917 -0.30182089 -0.32139211 -0.37036037
 -0.36289811 -0.07585569 -0.17768536  0.26801175 -0.30818003 -0.20593158
 -0.1624297   0.11858993 -0.08469618 -0.35268141 -0.28519593 -0.10827975
 -0.42347383 -0.59943008 -0.84552827 -0.28831737 -0.1396239  -0.35125566
 -0.10506044 -0.35369554 -0.58902982 -0.22477411 -0.3978739  -0.22827055
 -0.38390644 -0.06423335 -0.19929033 -0.07311842 -0.75557429 -0.30270175
 -0.25377118 -0.97066743 -0.49211819 -0.48406426 -0.1385071  -0.30977282
 -0.30921657 -0.35306364 -0.32253826  0.25287011  0.39763221 -0.03644745
 -0.29693548 -0.55606879  0.03434842]
    Xi: 0.319051
    Gamma: 1.000000
    QP Objective: 2.6998475574092353

  Function 55:
    Center: [-0.34243371 -0.16507191  1.36750625 -0.04689958 -0.4643144  -0.35026618
 -0.29179389 -0.26256156 -0.32330236  2.63785564 -0.29685953  0.49709354
 -0.31205521 -0.17492717 -0.19011441 -0.3013776  -0.32113541  1.47864352
  2.3420995  -0.16789311  0.13345702 -0.11817151 -0.2902092  -0.21299439
 -0.32881467 -0.29923993 -0.22789481 -0.23183016 -0.16673145 -0.22523952
 -0.16053931 -0.14321202 -0.17492026 -0.14521515 -0.19806739 -0.24213022
 -0.32345561 -0.05983624 -0.18091134 -0.18530385 -0.12090468 -0.17259996
 -0.20599311 -0.12734332 -0.29777621 -0.19738748 -0.0713879  -0.11154623
 -0.15845336  0.56956999 -0.15519768 -0.32991229 -0.30835494 -0.1030484
 -0.09470198 -0.19588835 -0.35179883]
    Weight (w): [-0.18666314  0.25545678 -0.05868285  0.16244436  0.09025582 -0.18238329
  0.16753182 -0.13940006 -0.21721728 -0.08238263 -0.10447102  0.07734975
 -0.16193283  0.04260214 -0.05769289  0.04205303 -0.1317405  -0.07893123
  0.12816965 -0.17668994  0.0921618  -0.21793614 -0.06826385 -0.09784334
 -0.43985876 -0.2521319  -0.85152492 -0.1618762   0.49659118 -0.19586899
 -0.14945801 -0.35174092  0.27255875 -0.19690786 -0.429768   -0.12306753
 -0.05360162 -0.09443452 -0.1264899  -0.17465689 -0.5351077   0.11955467
 -0.26254428 -0.90586491 -0.05394769 -0.34368412 -0.13948942 -0.42533923
  0.00223718 -0.17409036 -0.14137928 -0.02973167  0.19171352  0.07658808
 -0.29286486  0.21610009 -0.17135391]
    Xi: 0.167156
    Gamma: 1.000000
    QP Objective: 2.5088466525680118

  Function 56:
    Center: [-0.34243371 -0.16507191  3.17274627 -0.04689958  0.93358049 -0.35026618
 -0.29179389 -0.26256156 -0.32330236 -0.37136439 -0.29685953 -0.62871259
 -0.31205521 -0.17492717 -0.19011441 -0.3013776  -0.32113541 -0.34787592
  0.65786545 -0.16789311 -0.67441898 -0.11817151 -0.2902092  -0.21299439
 -0.32881467 -0.29923993 -0.22789481 -0.23183016 -0.16673145 -0.22523952
 -0.16053931 -0.14321202 -0.17492026 -0.14521515 -0.19806739 -0.24213022
 -0.32345561 -0.05983624 -0.18091134 -0.18530385 -0.12090468 -0.17259996
 -0.20599311 -0.12734332  0.6314657  -0.19738748 -0.0713879  -0.11154623
 -0.15845336 -0.51430655 -0.15519768  0.59703201 -0.30835494 -0.1030484
 -0.13211609 -0.26259945 -0.43096992]
    Weight (w): [-2.71361350e-01 -5.21050539e-01 -3.09009952e-04  4.09942652e-01
  3.37950362e-03 -1.89076026e-01 -2.15860791e-01 -3.02217878e-01
 -3.24927612e-01 -8.56917998e-02 -1.65919055e-01 -2.71900066e-01
 -2.03298964e-01 -1.77444777e-01 -1.90138346e-01  2.39925093e-01
 -5.12578932e-02 -1.75514430e-01 -1.42199707e-01  3.41327923e-01
  3.61127762e-01 -2.65251637e-01 -2.22811575e-01 -2.62406126e-01
 -7.09052866e-01 -4.20666671e-01 -8.54555260e-01 -2.67557592e-01
 -1.88954663e-01 -2.48024642e-01 -1.49989887e-01 -3.57471653e-01
 -2.76799552e-01 -3.18698147e-01 -4.31297422e-01 -3.68511762e-01
 -3.03989032e-01 -1.93560453e-01 -2.86416592e-01 -1.39074049e-01
 -5.37011999e-01 -4.66680020e-01 -4.72573363e-01 -8.28260920e-01
 -2.69529033e-01 -3.02298769e-01 -1.39985825e-01  5.83040969e-02
 -6.04960681e-01 -2.89205085e-01 -3.50595479e-01  4.41308018e-01
  1.01044713e+00 -2.87684919e-01 -3.37415713e-01  7.45637663e-02
 -6.00767805e-03]
    Xi: 0.259718
    Gamma: 1.000000
    QP Objective: 2.889546498101323

  Function 57:
    Center: [ 0.60737582 -0.16507191  0.45496734 -0.04689958  1.94482361 -0.35026618
 -0.29179389 -0.26256156 -0.32330236 -0.37136439 -0.29685953  0.21854357
  0.1530563  -0.17492717 -0.19011441 -0.21660125  1.50315986 -0.34787592
 -0.06877733 -0.16789311 -0.61611865 -0.11817151 -0.2902092  -0.21299439
  0.23965012 -0.29923993 -0.22789481 -0.23183016 -0.16673145 -0.07194318
 -0.16053931 -0.14321202 -0.17492026 -0.14521515 -0.19806739  0.10562728
 -0.15812941  0.25744162 -0.18091134 -0.18530385 -0.12090468 -0.08130388
 -0.20599311 -0.12734332 -0.22857734 -0.19738748 -0.0713879  -0.11154623
 -0.15845336 -0.39593095 -0.15519768 -0.32991229 -0.26768061 -0.1030484
 -0.11358239 -0.00601831 -0.06645305]
    Weight (w): [-0.00414046  0.04486125 -0.05686414  0.2167326   0.10465517 -0.00542918
 -0.00401877 -0.06633997 -0.08549244 -0.0860685  -0.03420889 -0.03678185
 -0.05246821  0.0213961  -0.0634996  -0.0806578  -0.00354103 -0.09231224
 -0.0897303  -0.08753292  0.03475237 -0.12309335 -0.06890052 -0.08101485
 -2.01606954  0.77494023 -0.86377708 -0.09418067  0.15416262 -0.08462774
  0.05077837 -0.36132926 -0.02481349 -0.17723342 -0.11737874 -0.06061366
 -0.10751783 -0.12328662 -0.08692203  0.06447315 -0.54280709 -0.23748482
 -0.08659697 -0.48648146 -0.12957429 -0.04195374 -0.10251384 -0.14766429
  0.37042316 -0.09848118 -0.12714938  0.02097794  0.06192297 -0.02370275
 -0.04895308 -0.20367461  0.26214168]
    Xi: 0.090095
    Gamma: 1.000000
    QP Objective: 2.414792750387621

  Function 58:
    Center: [-4.76652344e-02 -1.65071912e-01  5.14480750e-01 -4.68995838e-02
 -4.64314403e-01 -2.15522770e-02 -2.91793886e-01 -2.62561558e-01
 -2.41852633e-04 -3.71364386e-01 -2.96859527e-01 -5.24256355e-01
 -1.30549509e-02 -1.74927167e-01 -1.90114405e-01 -1.92379436e-01
 -3.21135414e-01 -3.47875919e-01 -8.85546346e-01 -1.67893113e-01
 -5.99461418e-01 -1.18171509e-01 -2.90209203e-01 -2.12994388e-01
 -3.28814669e-01 -2.99239934e-01 -2.27894812e-01 -2.31830156e-01
 -1.66731450e-01 -2.25239518e-01 -1.60539307e-01 -1.43212021e-01
 -1.74920257e-01 -1.45215148e-01 -1.98067390e-01 -2.42130222e-01
 -3.23455613e-01 -5.98362369e-02 -1.80911344e-01 -1.85303849e-01
 -1.20904684e-01 -1.72599962e-01 -2.05993114e-01 -1.27343320e-01
 -2.97776209e-01 -9.85971185e-02 -7.13879045e-02 -1.11546231e-01
 -1.58453362e-01 -4.51419514e-01 -1.55197675e-01 -2.88224323e-01
 -3.08354941e-01 -1.03048405e-01 -1.18594057e-01 -2.65447996e-02
  3.74589989e-02]
    Weight (w): [-0.25657751  0.16177373 -0.14239216  0.0776167   0.28026161 -0.16336093
 -0.04643512 -0.25581374 -0.15803454 -0.33414353 -0.23347233 -0.3741245
 -0.19606855 -0.17223999  0.20731053 -0.17938287 -0.35570687 -0.28892513
 -0.21861286 -0.36242269 -0.27446991  0.39367306  0.46153051 -0.08478277
 -0.436651   -0.07424193 -0.87003633 -0.3739107   0.06933439 -0.36282505
 -0.1527071  -0.36394759 -0.77422223  0.27317964 -0.43911079  0.01396362
 -0.39967212 -0.11691438 -0.12378291 -0.52752272 -0.54674048 -0.1573009
  0.11778877 -1.01458039 -0.60309129 -0.29368445 -0.07692698 -0.54038416
 -0.35663517 -0.3198158  -0.31095587 -0.17244195  0.41054392 -0.44223193
 -0.12458543 -0.15019944 -0.21937027]
    Xi: 0.362909
    Gamma: 1.000000
    QP Objective: 2.82472730427099

  Function 59:
    Center: [-0.34243371 -0.16507191  1.14929043 -0.04689958 -0.4643144  -0.35026618
 -0.29179389 -0.26256156 -0.32330236 -0.37136439 -0.29685953 -0.62871259
 -0.31205521 -0.17492717 -0.19011441  0.38894412 -0.32113541 -0.34787592
  0.84938371 -0.16789311 -0.44121766 -0.11817151 -0.2902092  -0.21299439
  0.01226421 -0.29923993 -0.22789481 -0.23183016 -0.16673145 -0.22523952
 -0.16053931 -0.14321202 -0.17492026 -0.14521515 -0.19806739 -0.24213022
 -0.32345561 -0.05983624 -0.18091134 -0.18530385 -0.12090468 -0.17259996
 -0.20599311 -0.12734332  0.55238128 -0.19738748 -0.0713879  -0.11154623
 -0.15845336  0.21074397 -0.15519768 -0.26983257  0.28955776 -0.1030484
 -0.1289641  -0.25746783 -0.3765398 ]
    Weight (w): [-2.49449305e-01 -2.40046190e-01  3.37717355e-02  2.60358886e-01
 -9.99599228e-04 -1.03248481e-01 -7.12435898e-02 -1.90218591e-01
 -1.81946866e-01 -2.07393533e-01 -1.67109081e-01 -2.39550176e-01
 -2.31511646e-01  1.80084409e-01 -1.19874848e-01 -7.76285113e-03
  3.84294941e-02 -2.08745444e-01 -9.25404600e-02 -2.22743982e-01
  2.49785214e-02 -2.34967808e-01 -1.88089705e-01 -1.14559136e-01
 -1.86033851e+00  6.32095033e-01 -8.73200103e-01 -2.10913803e-01
  2.04875405e-01 -2.10373812e-01 -9.88525981e-03 -3.65271035e-01
 -1.47974111e-01 -3.25651562e-01 -2.50899685e-01 -1.90659223e-01
 -2.63946432e-01 -5.98401763e-02  8.49212305e-02 -2.59933919e-01
 -5.48728624e-01 -6.10350063e-01 -1.74665384e-01 -9.53671414e-01
 -5.08317602e-02 -4.84417030e-01 -1.43040062e-01 -1.32447255e-01
 -2.10502210e-02 -2.24245043e-01 -2.56685901e-01  3.29244601e-01
  2.26776305e-01 -2.07597050e-01 -1.13730756e-02 -2.31099164e-02
 -2.47902627e-03]
    Xi: 0.214194
    Gamma: 1.000000
    QP Objective: 2.5551252170164473

  Function 60:
    Center: [ 0.93489634 -0.16507191 -0.29886915 -0.04689958 -0.27098851 -0.35026618
 -0.29179389 -0.26256156  0.14334059 -0.37136439  0.3482289  -0.47783136
 -0.31205521 -0.17492717 -0.19011441 -0.14393581 -0.32113541 -0.34787592
  1.23242021 -0.16789311  0.87470407 -0.11817151 -0.2902092  -0.21299439
 -0.32881467 -0.29923993 -0.22789481 -0.23183016 -0.16673145 -0.22523952
 -0.16053931 -0.14321202 -0.17492026 -0.14521515 -0.19806739 -0.24213022
 -0.32345561 -0.05983624 -0.18091134 -0.18530385 -0.12090468 -0.17259996
 -0.20599311 -0.12734332 -0.29777621 -0.19738748 -0.0713879  -0.11154623
 -0.15845336 -0.27015689 -0.15519768 -0.32991229 -0.30835494 -0.05180164
 -0.11591487 -0.15996699 -0.20500245]
    Weight (w): [-0.17255977 -0.21126264 -0.05257348  1.00759157 -0.0268995  -0.13616354
 -0.07909496  0.04898164 -0.22846007 -0.29671862 -0.08297246 -0.04811401
 -0.2115303  -0.22218025 -0.18417227 -0.02217001  0.30342682 -0.22553248
 -0.01240937 -0.25189682  0.14052369 -0.05721257 -0.19883352  0.20977198
 -0.20836484 -0.604275   -0.63082369 -0.25728194 -0.19520684 -0.22551878
 -0.04973266 -0.36929976 -0.49535244 -0.32924331 -0.42165127  0.01072978
 -0.17559686 -0.03045555 -0.46021347 -0.47504769 -0.55478078  0.11875407
 -0.03814876 -0.99670165 -0.10817194 -0.20833762 -0.14461771 -0.87503274
 -0.07679669 -0.23171082 -0.2739409   0.12691631  0.30189103 -0.2930142
 -0.137903    0.20824585 -0.14469884]
    Xi: 0.247241
    Gamma: 1.000000
    QP Objective: 2.764714155121236

  Function 61:
    Center: [ 0.18159913 -0.16507191  0.77237218 -0.04689958  0.02643593  0.23411409
  0.5513359   1.80712006  0.86125283  0.66790232  1.34067263  1.12383098
 -0.31205521 -0.17492717 -0.19011441 -0.3013776   3.44006596  0.27351729
  0.19596849  3.10847016  2.53209916 -0.11817151 -0.2902092   0.53262102
 -0.32881467 -0.29923993 -0.22789481 -0.23183016 -0.16673145 -0.22523952
 -0.16053931 -0.14321202 -0.17492026 -0.14521515 -0.19806739 -0.24213022
 -0.32345561 -0.05983624 -0.18091134  0.27199847 -0.12090468 -0.17259996
 -0.20599311 -0.12734332 -0.29777621 -0.19738748 -0.0713879  -0.11154623
 -0.15845336  0.2440371  -0.15519768  0.92930966 -0.10091584 -0.1030484
 -0.00654085  0.09148253  0.585059  ]
    Weight (w): [ 0.10282461  0.49873078 -0.04313945 -0.010744    0.19812528  0.41691457
  0.04426861  0.3159965  -0.09897725 -0.08082532  0.00425358 -0.02291465
 -0.11769171  0.04653542  0.3178719   0.04027096  0.05217711  0.0016085
  0.03858715 -0.03943014  0.10809457 -0.15372641  0.03811607 -0.11029618
 -0.06326233 -0.3526197  -0.78408221 -0.14487029 -0.01236925 -0.20283302
 -0.15668089 -0.18040913 -0.35657629  0.2097546  -0.41940013 -0.09310097
 -0.17861663  0.1475128  -0.08372288 -0.40529644 -0.56096792 -0.3978058
 -0.2178332  -0.84894034 -0.32571888 -0.30945766  0.0215599   0.41236567
 -0.30695649 -0.16835318 -0.18703429  0.34933952  0.4157883   0.65075538
 -0.60878696  1.22292593  0.07444715]
    Xi: 0.145109
    Gamma: 1.000000
    QP Objective: 3.170991049103789

  Function 62:
    Center: [-0.34243371 -0.16507191 -0.55676058 -0.04689958 -0.4643144  -0.35026618
 -0.29179389 -0.26256156 -0.32330236 -0.37136439 -0.29685953 -0.62871259
  4.33905987 -0.17492717 -0.19011441 -0.3013776  -0.32113541  2.28833771
  0.64659968 -0.16789311 -0.67441898 -0.11817151 -0.2902092  -0.21299439
 -0.32881467 -0.29923993 -0.22789481 -0.23183016 -0.16673145 -0.22523952
 -0.16053931 -0.14321202 -0.17492026 -0.14521515 -0.19806739 -0.24213022
 -0.32345561 -0.05983624 -0.18091134 -0.18530385 -0.12090468 -0.17259996
 -0.20599311 -0.12734332 -0.29777621 -0.19738748 -0.0713879  -0.11154623
 -0.15845336 -0.51430655 -0.15519768 -0.32991229 -0.30835494 -0.1030484
 -0.1281761  -0.25746783 -0.45241209]
    Weight (w): [-0.19667504  0.28696664 -0.12391653 -0.06018296  0.10860091 -0.07460322
  0.08823009 -0.1128064  -0.22360606 -0.18361506 -0.06066093 -0.1126566
 -0.01378964 -0.0019672   0.02204528 -0.14443228  0.03452452 -0.03114617
 -0.05914516 -0.18687325 -0.03842017 -0.17279209 -0.04833281 -0.0335141
 -0.10657964 -0.37625129 -0.82951348 -0.189426   -0.14482302 -0.24955404
 -0.15726552 -0.3748117  -0.28504451 -0.33415739 -0.45221857 -0.1651209
 -0.24980663 -0.02098471 -0.29694926 -0.15686721 -0.56306109 -0.63757601
 -0.22462795 -1.01143263 -0.32500874 -0.35404049 -0.14677618 -0.30408832
 -0.27770944 -0.21093206 -0.21560209  0.09134264  0.18954106 -0.22664525
 -0.02000939 -0.2261191  -0.09495926]
    Xi: 0.196513
    Gamma: 1.000000
    QP Objective: 2.500337919646871

  Function 63:
    Center: [-0.34243371 -0.16507191  0.21691371 -0.04689958  0.11566327  1.07416072
 -0.29179389 -0.26256156 -0.32330236 -0.37136439 -0.29685953 -0.62871259
  0.98361257 -0.17492717 -0.19011441  0.17094779 -0.32113541  0.38649788
 -0.27719425 -0.16789311 -0.02478674 -0.11817151  0.82328641  0.66818745
 -0.32881467 -0.29923993 -0.22789481 -0.23183016 -0.16673145 -0.22523952
 -0.16053931 -0.14321202 -0.17492026 -0.14521515 -0.19806739 -0.24213022
 -0.32345561 -0.05983624 -0.18091134 -0.18530385 -0.12090468 -0.17259996
 -0.20599311 -0.12734332 -0.29777621  0.23070409 -0.0713879  -0.11154623
 -0.15845336 -0.27385612  0.43904851 -0.00989581 -0.04397177 -0.1030484
 -0.0725435   0.01450818 -0.20500245]
    Weight (w): [-8.52008434e-03  6.94731574e-01  1.55626137e-02 -6.06354704e-02
  2.50770823e-01  7.27127749e-02  1.54405831e-01 -8.15699251e-02
 -1.27099723e-01 -1.06820194e-01 -8.71867876e-02 -3.22566950e-02
 -4.18717177e-02  6.15671908e-02 -1.89630271e-01 -1.73469862e-02
 -8.97657075e-03 -1.67535023e-01 -7.62533502e-02  6.91979064e-01
 -8.16674014e-04 -1.62578872e-01 -5.12604579e-02 -1.42745798e-01
 -7.33988363e-01 -2.01481200e-01 -8.35750444e-01  3.60309027e-03
 -1.32562967e-01 -1.85041061e-01 -1.58447965e-01 -3.77629829e-01
 -4.84895938e-01  5.52714776e-01 -1.34285499e-01 -2.15765208e-01
 -2.13099186e-01  3.54516258e-02  6.90769448e-02 -1.30312370e-02
 -5.67294630e-01 -9.63540295e-02  1.05122196e-01 -8.02484121e-01
 -2.87540457e-01 -6.50302653e-01 -5.70068466e-02 -4.66638205e-01
  3.35090701e-01 -1.85035035e-01 -1.13522338e-01  5.63379883e-02
  9.03249343e-02 -1.00822018e-01 -1.79356762e-01 -2.28901523e-01
 -3.94696705e-02]
    Xi: 0.162373
    Gamma: 1.000000
    QP Objective: 2.679993842155934

  Function 64:
    Center: [-0.34243371 -0.16507191 -0.55676058 -0.04689958 -0.4643144  -0.35026618
 -0.29179389 -0.26256156 -0.32330236 -0.37136439 -0.29685953 -0.62871259
 -0.31205521 -0.17492717 -0.19011441 -0.3013776  -0.32113541 -0.34787592
 -0.93624235 -0.16789311 -0.67441898 -0.11817151 -0.2902092  -0.21299439
 -0.32881467 -0.29923993 -0.22789481 -0.23183016 -0.16673145 -0.22523952
 -0.16053931 -0.14321202 -0.17492026 -0.14521515 -0.19806739 -0.24213022
 -0.32345561 -0.05983624 -0.18091134 -0.18530385 -0.12090468 -0.17259996
 -0.20599311 -0.12734332 -0.29777621 -0.19738748 -0.0713879  -0.11154623
 -0.15845336  0.1145638  -0.15519768 -0.32991229 -0.30835494 -0.1030484
 -0.09763333 -0.13430888 -0.28417353]
    Weight (w): [-0.15632323 -0.71031102 -0.43859841 -0.06086428  0.40735758  0.20352262
 -0.0370642  -0.46363692 -0.42648172 -0.14095623 -0.53014209 -0.2062245
 -0.30313832  0.27057484  0.12202403  0.04166589 -0.35133884 -0.08583169
 -0.50738149 -0.30305927 -0.17549212  2.04733246 -0.23183297 -0.01957143
 -0.36105627 -0.3617451  -0.83890422 -0.39247135 -0.10980987 -0.47491326
 -0.15904588 -0.21912404 -0.19904534 -0.3379403  -0.45733803  0.09209664
 -0.43778882  0.09811328  0.7556929  -0.56612942 -0.56943536 -0.53605504
 -0.25972408 -1.07118871  0.02320469 -0.57452555 -0.1484378  -0.89814682
 -0.34907437 -0.3414469  -0.17930459  1.21993982  0.88324879 -0.3387127
  0.38910128 -0.6133271  -0.29377753]
    Xi: 0.461128
    Gamma: 1.000000
    QP Objective: 3.6702145500607233

  Function 65:
    Center: [ 1.68819355 -0.16507191 -0.55676058 -0.04689958 -0.4643144  -0.35026618
 -0.29179389 -0.26256156 -0.32330236 -0.37136439 -0.29685953 -0.62871259
 -0.31205521 -0.17492717 -0.19011441 -0.3013776  -0.32113541 -0.34787592
 -0.93624235 -0.16789311 -0.67441898 -0.11817151 -0.2902092  -0.21299439
 -0.32881467 -0.29923993 -0.22789481 -0.23183016 -0.16673145 -0.22523952
 -0.16053931 -0.14321202 -0.17492026 -0.14521515 -0.19806739  1.29793871
 -0.32345561 -0.05983624 -0.18091134 -0.18530385 -0.12090468 -0.17259996
 -0.20599311 -0.12734332 -0.29777621 -0.19738748 -0.0713879  -0.11154623
 -0.15845336  0.54367533 -0.15519768 -0.32991229 -0.30835494 -0.1030484
 -0.11758542 -0.24720458 -0.40457956]
    Weight (w): [-0.14816815 -0.38297744 -0.33008054  1.02284161 -0.07069962 -0.00559955
 -0.01958686 -0.21324379 -0.28036456 -0.3637505  -0.35654763 -0.24786349
 -0.29982837 -0.13718849 -0.12479188 -0.23612281  0.30744441 -0.29986608
 -0.30877377 -0.27587422 -0.22686114  0.62675015 -0.01364082 -0.19999454
 -0.65831672 -0.28658978 -0.91869615 -0.36295139  0.07328617 -0.31763682
 -0.1093084  -0.42357979 -0.33138125 -0.30498227 -0.39159628 -0.07059385
 -0.34864441  0.67092194  0.10982364 -0.61557082 -0.53488455 -0.10943904
 -0.37561504 -1.05872651 -0.42347819 -0.24686655 -0.17880008 -0.02883186
  0.00991716 -0.10928702 -0.25691402 -0.01501275  0.26515012 -0.32700297
 -0.27013828 -0.06395354 -0.17779388]
    Xi: 0.309475
    Gamma: 1.000000
    QP Objective: 2.7418934516418916

  Function 66:
    Center: [-0.34243371 -0.16507191 -0.55676058 -0.04689958 -0.4643144  -0.35026618
 -0.29179389 -0.26256156 -0.32330236 -0.37136439 -0.29685953  0.25336232
 -0.31205521 -0.17492717 -0.19011441 -0.3013776  -0.32113541  1.08321148
 -0.08004311 -0.16789311 -0.67441898 -0.11817151 -0.2902092  -0.21299439
 -0.32881467 -0.29923993 -0.22789481 -0.23183016 -0.16673145 -0.22523952
 -0.16053931 -0.14321202 -0.17492026 -0.14521515 -0.19806739 -0.24213022
 -0.32345561 -0.05983624 -0.18091134 -0.18530385 -0.12090468 -0.17259996
 -0.20599311 -0.12734332 -0.29777621 -0.19738748 -0.0713879  -0.11154623
 -0.15845336 -0.02230798 -0.15519768 -0.00376523 -0.30835494 -0.1030484
 -0.13211609 -0.26259945 -0.42932052]
    Weight (w): [-0.07416856  0.63840251 -0.07824167 -0.0739864   0.11022568 -0.1983227
  0.15011529 -0.27632772 -0.30387933 -0.3596071  -0.19176042 -0.34279881
 -0.19108373 -0.06999643 -0.13916193 -0.01564124 -0.38416909 -0.11729033
 -0.11298644 -0.31854561 -0.15343295 -0.26533691 -0.30316323 -0.32067
 -0.56565191 -0.61393389 -0.90055743 -0.39163367 -0.0921267  -0.43611758
 -0.19333559 -0.46077768 -0.26830119 -0.41079899 -0.42665042 -0.11376769
 -0.40333855  0.23047655  0.16697181 -0.64002107 -0.53979175 -0.35062238
 -0.30648342 -0.98740415 -0.39637745 -0.4626123  -0.18044045 -0.31668811
  0.6255239  -0.19088062 -0.32297395 -0.10509445  0.00508497  0.14799016
  0.12255487  0.2584295  -0.34672382]
    Xi: 0.334373
    Gamma: 1.000000
    QP Objective: 2.8769003835401477

  Function 67:
    Center: [-0.34243371  0.45487411 -0.55676058 -0.04689958 -0.4643144  -0.35026618
 -0.29179389 -0.26256156 -0.32330236  2.11046656 -0.29685953 -0.62871259
 -0.31205521 -0.17492717 -0.19011441  2.60524019 -0.32113541 -0.34787592
  2.21817592 -0.16789311  0.65815999 -0.11817151 -0.2902092  -0.21299439
 -0.32881467 -0.29923993 -0.22789481 -0.23183016 -0.16673145 -0.22523952
 -0.16053931 -0.14321202 -0.17492026 -0.14521515 -0.19806739 -0.24213022
 -0.32345561 -0.05983624 -0.18091134 -0.18530385 -0.12090468 -0.17259996
 -0.20599311 -0.12734332 -0.29777621 -0.19738748 -0.0713879  -0.11154623
 -0.15845336 -0.51430655 -0.15519768 -0.04177485 -0.30835494 -0.1030484
 -0.12013853 -0.24720458 -0.41942414]
    Weight (w): [-0.25313362 -0.37946849 -0.22705944 -0.07467146 -0.01257634 -0.21048012
 -0.05148319 -0.19962332 -0.30766129 -0.01252009 -0.20858213  0.08416237
 -0.30079319 -0.21718851 -0.2250832   0.08928351 -0.20337988 -0.06270586
  0.08984477 -0.12432229  0.07209839 -0.27733871 -0.0586258  -0.06879563
 -0.22787652 -0.33208691 -0.49543484 -0.26464976 -0.24581602 -0.27091288
 -0.03033146 -0.35450337 -0.12841761 -0.34203829 -0.36815322 -0.3237957
 -0.33361887 -0.17836387 -0.24449549 -0.28743931 -0.54478982 -0.20214855
 -0.08841424 -0.44027924 -0.09795318 -0.31785344 -0.18211119 -0.42941422
 -0.17459779 -0.26012533 -0.28425664 -0.00685737  0.08045125 -0.26199866
  1.48134193  0.03403099 -0.2575057 ]
    Xi: 0.244878
    Gamma: 1.000000
    QP Objective: 2.8868197679976246

  Function 68:
    Center: [-0.34243371 -0.16507191  0.9112368  -0.04689958 -0.4643144  -0.35026618
 -0.29179389 -0.26256156 -0.32330236  0.77648243 -0.29685953 -0.62871259
  0.91716807  2.03305653 -0.19011441 -0.3013776   0.51218465 -0.34787592
 -0.72782543 -0.16789311 -0.3662601  -0.11817151 -0.2902092  -0.21299439
 -0.32881467 -0.29923993 -0.22789481 -0.23183016 -0.16673145 -0.22523952
 -0.16053931 -0.14321202 -0.17492026 -0.14521515 -0.19806739 -0.24213022
  2.29814566 -0.05983624 -0.18091134 -0.18530385 -0.12090468 -0.17259996
 -0.20599311  0.4676     -0.29777621 -0.19738748 -0.0713879  -0.11154623
 -0.15845336  0.3920066  -0.15519768 -0.32991229 -0.30835494 -0.1030484
 -0.01656418  0.06069279 -0.14397474]
    Weight (w): [-0.09971245  0.17063065 -0.01483625 -0.00734452 -0.0286358  -0.11077414
  0.0423441   0.00614484 -0.1030038   0.01505638 -0.13515061 -0.17405585
 -0.0497255   0.00898705 -0.03136278 -0.00120107 -0.00366119 -0.18777882
 -0.11232559 -0.14004166 -0.10325916 -0.18899559  0.17863722 -0.14523791
 -0.17810648 -0.2484821  -0.91312335 -0.19806    -0.11829093 -0.13137371
  0.12278252 -0.27534696 -0.26606552 -0.14365955 -0.3117906  -0.16844247
 -0.09825711  0.10612669 -0.14144611 -0.14362272 -0.54732373 -0.55626454
 -0.22747178 -0.47032548 -0.26000683 -0.04583425 -0.15632768 -0.0158565
  0.16870336  0.03310821 -0.16853597 -0.06660786  0.13031982  0.49675233
 -0.18401715 -0.0668683   0.00948242]
    Xi: 0.132371
    Gamma: 1.000000
    QP Objective: 2.3664877537149147

  Function 69:
    Center: [-0.34243371 -0.16507191 -0.55676058 -0.04689958 -0.4643144  -0.35026618
 -0.29179389 -0.26256156 -0.32330236 -0.37136439 -0.29685953 -0.62871259
 -0.31205521 -0.17492717 -0.19011441 -0.3013776  -0.32113541 -0.34787592
 -0.93624235 -0.16789311 -0.67441898 -0.11817151  5.76263872 -0.21299439
 -0.32881467 -0.29923993 -0.22789481 -0.23183016 -0.16673145 -0.22523952
 -0.16053931 -0.14321202 -0.17492026 -0.14521515 -0.19806739 -0.24213022
 -0.32345561 -0.05983624 -0.18091134 -0.18530385 -0.12090468 -0.17259996
 -0.20599311 -0.12734332 -0.29777621 -0.19738748 -0.0713879  -0.11154623
 -0.15845336  4.06904849 -0.15519768 -0.32991229 -0.30835494 -0.1030484
 -0.0953639  -0.24207296 -0.4458145 ]
    Weight (w): [-0.19279036 -0.26177116 -0.21061275  0.01328234 -0.18961398 -0.16513472
 -0.13462469 -0.16115211 -0.22070812 -0.19845873 -0.19955541 -0.22734293
 -0.2394189  -0.01451384 -0.21041918 -0.13201136 -0.13155758 -0.19323606
 -0.22500382 -0.20168757 -0.22885117  0.00921282  0.09326465 -0.18750536
 -0.10747042 -0.44395442 -0.72131176 -0.14516797 -0.1742325  -0.21623626
 -0.19694934 -0.15755406 -0.26497618  0.21567685 -0.32364793 -0.26234627
 -0.07850583  0.01863369  0.10243558 -0.06191761 -0.54988132  0.25229973
 -0.03051921 -0.5924861  -0.25035032 -0.25121826 -0.17078453 -0.35894019
 -0.29055176 -0.1129152  -0.04591263 -0.07858937  0.03705443 -0.18358955
 -0.12483182 -0.25576458 -0.22024396]
    Xi: 0.210606
    Gamma: 1.000000
    QP Objective: 2.3478078403192164

  Function 70:
    Center: [-0.34243371 -0.16507191 -0.55676058 -0.04689958 -0.4643144  -0.35026618
 -0.29179389 -0.26256156 -0.32330236 -0.37136439 -0.29685953 -0.62871259
 -0.31205521 -0.17492717 -0.19011441 -0.3013776  -0.32113541 -0.34787592
  2.58431376 -0.16789311  2.79028634 -0.11817151 -0.2902092  -0.21299439
 -0.32881467 -0.29923993 -0.22789481 -0.23183016 -0.16673145 -0.22523952
 -0.16053931 -0.14321202 -0.17492026 -0.14521515 -0.19806739 -0.24213022
 -0.32345561 -0.05983624 -0.18091134 -0.18530385 -0.12090468 -0.17259996
 -0.20599311 -0.12734332 -0.29777621 -0.19738748 -0.0713879  -0.11154623
  1.31621317  0.81371965 -0.15519768 -0.32991229 -0.30835494 -0.1030484
 -0.13211609 -0.26259945 -0.46560727]
    Weight (w): [-0.22837945 -0.00573613 -0.1723768  -0.07572315 -0.11575133 -0.17089432
 -0.10556788 -0.19970232 -0.18563263 -0.05864811 -0.19912961 -0.24190848
 -0.24685945  0.04473116 -0.2819525  -0.08201719 -0.13609429 -0.12871019
  0.04696859 -0.23093444  0.13819049  0.18839809 -0.21355884 -0.20932692
 -0.07355735 -0.58749014 -0.92169727 -0.25958045 -0.15121341 -0.18520713
 -0.19787398 -0.30691407 -0.27216272  0.17406372  0.39139387 -0.30359028
 -0.15365166 -0.05141773 -0.22124397 -0.29866557 -0.55246292 -0.13579576
 -0.20011631 -0.84710165 -0.12802415 -0.3024545  -0.17109044 -0.33877359
 -0.44398505 -0.10823272 -0.13673351 -0.06229658  0.09359126 -0.04142086
 -0.26363731 -0.23916392 -0.08485899]
    Xi: 0.221766
    Gamma: 1.000000
    QP Objective: 2.4772388434188852

  Function 71:
    Center: [-0.34243371 -0.16507191 -0.55676058 -0.04689958 -0.4643144  -0.35026618
  5.38017016  5.27321337 -0.32330236 -0.37136439 -0.29685953 -0.62871259
 -0.31205521 -0.17492717 -0.19011441 -0.3013776  -0.32113541 -0.34787592
 -0.93624235 -0.16789311 -0.67441898 -0.11817151 -0.2902092  -0.21299439
 -0.32881467 -0.29923993 -0.22789481 -0.23183016 -0.16673145 -0.22523952
 -0.16053931 -0.14321202 -0.17492026 -0.14521515 -0.19806739 -0.24213022
 -0.32345561 -0.05983624 -0.18091134 -0.18530385 -0.12090468 -0.17259996
 -0.20599311 -0.12734332 -0.29777621 -0.19738748 -0.0713879  -0.11154623
 -0.15845336  1.94568627 -0.15519768 -0.32991229  2.39648823 -0.1030484
 -0.01955857 -0.1394405  -0.36169522]
    Weight (w): [-0.23122144  0.03732209 -0.17903582 -0.02467815  0.03312899 -0.08731929
  0.12378912  0.02339552 -0.1903781  -0.20220047 -0.1480628  -0.1339759
 -0.18696569  0.2463884   0.13940119 -0.10524798 -0.09987813 -0.12715956
 -0.22515886  0.4986791  -0.17500113 -0.10637855  0.13098626 -0.1849751
 -0.21333362 -0.52357164 -0.9260449  -0.17980306 -0.22715882 -0.25812726
 -0.19880735 -0.47381856 -0.36919592 -0.26467388 -0.10781743 -0.14004666
 -0.04652269 -0.17205263  0.05379562 -0.34392151 -0.55506888 -0.04145097
 -0.30675308 -0.59337454  0.19952735 -0.46825958 -0.15755431 -0.3382634
 -0.13681027 -0.12043496 -0.16805009 -0.079849    0.06618515 -0.20387172
 -0.18853346 -0.20644182 -0.20323201]
    Xi: 0.185236
    Gamma: 1.000000
    QP Objective: 2.5628247150263297

  Function 72:
    Center: [-0.34243371  0.00541324 -0.12032893 -0.04689958  0.2048906  -0.35026618
  0.27029264 -0.26256156 -0.32330236  2.45171832 -0.29685953  0.16051233
 -0.31205521 -0.17492717 -0.19011441  0.52216411  0.17435219 -0.34787592
  0.21850005  0.71495927  0.64983137 -0.11817151 -0.2902092  -0.21299439
 -0.32881467 -0.29923993 -0.16255331 -0.23183016 -0.16673145 -0.22523952
 -0.16053931 -0.14321202 -0.17492026 -0.14521515 -0.19806739 -0.24213022
  1.82578507 -0.05983624 -0.18091134 -0.18530385 -0.12090468 -0.17259996
 -0.20599311 -0.12734332 -0.29777621 -0.19738748 -0.0713879  -0.11154623
 -0.15845336 -0.14068358 -0.15519768 -0.16438653 -0.03583691 -0.1030484
 -0.08483626 -0.12917726 -0.12088317]
    Weight (w): [-0.07449258  0.23085135 -0.05340574 -0.07644092  0.03625692  0.01427065
  0.02962295 -0.05353159 -0.02183078  0.01908506  0.00483974 -0.13897894
 -0.1517865  -0.07621544  0.10738277  0.05303737 -0.11228788 -0.13287075
  0.01866748 -0.13731487 -0.09395604 -0.16922355  0.0408955  -0.14011054
 -0.0747673  -0.37878787 -1.81296434 -0.1990556  -0.25164104 -0.19265715
 -0.13949627 -0.2741475  -0.24943584 -0.22537887 -0.41703188 -0.17190369
 -0.12869471  0.03604614 -0.23047034  0.38527241 -0.55769953  0.19192771
 -0.26358097 -0.27997316  0.02767089 -0.10527786 -0.18160984 -0.30174899
  0.0438856  -0.05454741 -0.22987019 -0.03561785  0.15561494  0.2138341
  0.0559846   0.39153202 -0.03332456]
    Xi: 0.136323
    Gamma: 1.000000
    QP Objective: 2.5312285193169344

  Function 73:
    Center: [-0.34243371 -0.16507191 -0.55676058 -0.04689958 -0.4643144  -0.35026618
 -0.29179389 -0.26256156 -0.32330236 -0.37136439 -0.29685953  0.52030604
 -0.31205521 -0.17492717 -0.19011441  0.89760224 -0.32113541 -0.34787592
  0.73672591 -0.16789311  0.97464749 -0.11817151 -0.2902092  -0.21299439
  0.26358548  0.81705934 -0.22789481 -0.23183016 -0.16673145 -0.22523952
 -0.16053931 -0.14321202 -0.17492026 -0.14521515 -0.19806739 -0.24213022
 -0.32345561 -0.05983624 -0.18091134 -0.18530385 -0.12090468 -0.17259996
 -0.20599311 -0.12734332 -0.29777621 -0.19738748 -0.0713879  -0.11154623
 -0.15845336 -0.51430655 -0.15519768 -0.00866969 -0.30835494 -0.1030484
 -0.11430735 -0.19588835 -0.40787835]
    Weight (w): [-0.13354422 -0.2442212  -0.10827716 -0.07680493 -0.05815208 -0.13870369
 -0.02474899 -0.26186479 -0.20626443 -0.12933675  0.00282729 -0.21795397
 -0.23623001 -0.22149497 -0.23770428  0.11513519 -0.13614203 -0.12023465
 -0.01711331 -0.17049147  0.12926148 -0.19935739 -0.13823536 -0.06590917
 -0.46927699 -0.48987857 -0.55265146 -0.24042155 -0.25283934 -0.27249987
 -0.20070076 -0.47833112 -0.43778933 -0.34007965 -0.40318184 -0.10344004
 -0.2632676   0.21772983 -0.20840824 -0.22482808 -0.56035525 -0.33172299
 -0.23420287 -0.47637655 -0.12897404  0.28497835 -0.18731437 -0.25280707
 -0.07005489 -0.15962811 -0.27551357 -0.11571268  0.17542315  0.26644464
 -0.2241093  -0.23771033  0.05177256]
    Xi: 0.199884
    Gamma: 1.000000
    QP Objective: 2.6538282929342616

  Function 74:
    Center: [-3.42433707e-01 -1.65071912e-01  1.26831724e+00 -4.68995838e-02
 -4.64314403e-01 -3.50266176e-01 -2.91793886e-01 -2.62561558e-01
 -3.23302359e-01 -3.71364386e-01 -2.96859527e-01 -6.28712594e-01
  1.71450208e+00 -1.74927167e-01 -1.90114405e-01  6.19496213e-02
 -3.21135414e-01  2.17027001e-01 -9.36242354e-01 -1.67893113e-01
 -4.24560428e-01 -1.18171509e-01 -2.90209203e-01 -2.12994388e-01
 -3.28814669e-01 -2.99239934e-01 -2.27894812e-01 -2.31830156e-01
 -1.66731450e-01 -2.25239518e-01 -1.60539307e-01 -1.43212021e-01
 -1.74920257e-01 -1.45215148e-01 -1.98067390e-01 -2.42130222e-01
 -3.23455613e-01 -5.98362369e-02 -1.80911344e-01 -1.85303849e-01
 -1.20904684e-01 -1.72599962e-01 -2.05993114e-01 -1.27343320e-01
 -2.97776209e-01 -1.97387481e-01 -7.13879045e-02 -1.11546231e-01
  2.22857124e-02  3.06924137e-01 -1.55197675e-01 -1.11663504e-01
 -3.08354941e-01 -5.54883815e-04 -1.36958677e-02  9.14825251e-02
  5.06541797e-02]
    Weight (w): [-0.25434622  0.84365832  0.04429877  0.00778945  0.09195274  0.01018871
  0.01437971 -0.19274671 -0.21588023 -0.24534151 -0.21849756 -0.25910532
 -0.12519053 -0.03033085  0.380474   -0.16623127 -0.23677922 -0.21134542
 -0.14544183 -0.03160927 -0.08792294 -0.03665744  0.06647572 -0.00903269
 -0.11598293 -0.20595971 -0.92370548 -0.28669152  0.3849868  -0.2713172
 -0.20166105 -0.48061978 -0.46409163  0.64670981 -0.44502293 -0.09943739
 -0.21784183  0.00640381 -0.12075031 -0.02110756 -0.56303637 -0.46413931
 -0.23362466 -0.81200066 -0.39223705 -0.2379844  -0.18821058  0.27603487
 -0.24063199 -0.07851518 -0.19654913 -0.07487205  0.32820627 -0.26450963
 -0.27062087 -0.21160046 -0.15260227]
    Xi: 0.224807
    Gamma: 1.000000
    QP Objective: 2.6837294599532564

  Function 75:
    Center: [-0.34243371 -0.16507191 -0.55676058 -0.04689958 -0.4643144  -0.35026618
  7.55186811 -0.26256156 -0.32330236 -0.37136439 -0.29685953 -0.62871259
 -0.31205521 -0.17492717 -0.19011441 -0.3013776  -0.32113541 -0.34787592
  0.79305481 -0.16789311 -0.67441898 -0.11817151 -0.2902092  -0.21299439
 -0.32881467 -0.29923993 -0.22789481 -0.23183016 -0.16673145 -0.22523952
 -0.16053931 -0.14321202 -0.17492026 -0.14521515 -0.19806739 -0.24213022
 -0.32345561 -0.05983624 -0.18091134 -0.18530385 -0.12090468 -0.17259996
 -0.20599311 -0.12734332 -0.29777621 -0.19738748 -0.0713879  -0.11154623
 -0.15845336 -0.51430655 -0.15519768 -0.02215698 -0.30835494 -0.1030484
 -0.06233106 -0.2061516  -0.39303377]
    Weight (w): [-0.34369566 -0.19688768 -0.29789873 -0.07791804 -0.22887283 -0.26571561
  0.14794899 -0.3813013  -0.35287378 -0.12039298 -0.30580261 -0.13053106
 -0.2432574  -0.26879598 -0.16081106 -0.13879792 -0.06559777 -0.24379851
 -0.06454917 -0.07352889 -0.12888596 -0.05005272 -0.21881874 -0.13401586
 -0.26673853 -0.57926676 -0.93263017 -0.41731182 -0.25650367 -0.40911293
 -0.20360946 -0.48526345 -0.55272081 -0.43262889 -0.44932266 -0.37178756
 -0.38171051 -0.18611882 -0.54144444 -0.23548496 -0.56847634 -0.93564305
 -0.37217571 -0.75239043 -0.28616913 -0.46452318 -0.19002907 -0.4480844
 -0.51952235 -0.18190608 -0.4114276  -0.07556853  0.02129849 -0.27531141
 -0.04320179  0.14480488 -0.34082804]
    Xi: 0.329022
    Gamma: 1.000000
    QP Objective: 2.939807336276776

  Function 76:
    Center: [-0.34243371  0.0829065   0.0780491  -0.04689958 -0.22637485  0.23411409
 -0.29179389 -0.26256156  0.25102743  0.1250018  -0.29685953 -0.62871259
 -0.31205521 -0.17492717  1.04628844 -0.3013776   0.39957383  0.2546872
 -0.48561117  0.45991302  1.05793368 -0.11817151 -0.2902092   0.14851611
 -0.32881467 -0.29923993 -0.18037372  0.95661773 -0.16673145 -0.22523952
 -0.16053931 -0.14321202 -0.17492026 -0.14521515 -0.19806739 -0.24213022
 -0.32345561 -0.05983624 -0.18091134 -0.18530385 -0.12090468 -0.17259996
 -0.20599311  0.12992947 -0.29777621 -0.19738748 -0.0713879  -0.11154623
 -0.15845336  4.32799511 -0.15519768 -0.30293772  1.22506743 -0.1030484
 -0.04014105  0.53793371  0.80607828]
    Weight (w): [ 0.02382905  0.18851756  0.03802803  0.25238616  0.02078828 -0.00438886
  0.06366272 -0.01846774 -0.00720552 -0.10829847 -0.08379107 -0.03733054
 -0.04677153  0.12477793 -0.09972637  0.05499354 -0.06539286 -0.01023771
 -0.09927914  0.01819418  0.04630387 -0.13755938  0.44630386 -0.03021111
 -0.22793284 -0.31549538 -1.02665245 -0.05288275 -0.20545227 -0.08804997
  0.28585712 -0.2536359  -0.35914608 -0.09750867  0.10023673 -0.13251824
 -0.08897679  0.39065689 -0.08152796 -0.0399563  -0.57402245  0.27847069
 -0.09709874 -0.4730296   0.02927725 -0.09486982 -0.06262054 -0.37214683
  0.00116057 -0.04831943 -0.08740046 -0.09104299 -0.03054956  0.39770745
 -0.13765769  0.02988822  0.03611536]
    Xi: 0.089147
    Gamma: 1.000000
    QP Objective: 2.3414630750361534

  Function 77:
    Center: [-0.34243371 -0.16507191  0.0780491  -0.04689958  0.01156471 -0.35026618
 -0.29179389 -0.26256156 -0.32330236 -0.37136439 -0.29685953  0.11408733
 -0.31205521 -0.17492717 -0.19011441 -0.3013776  -0.32113541 -0.34787592
 -0.75598988 -0.16789311 -0.67441898 -0.11817151 -0.2902092  -0.21299439
  0.05415109  0.42240808 -0.22789481 -0.23183016 -0.16673145 -0.22523952
 -0.16053931 -0.14321202 -0.17492026 -0.14521515 -0.19806739  0.55274406
  1.18809828 -0.05983624 -0.18091134 -0.18530385 -0.12090468 -0.17259996
 -0.20599311 -0.12734332 -0.29777621 -0.19738748 -0.0713879  -0.11154623
 -0.15845336 -0.36633706 -0.15519768 -0.32991229 -0.30835494 -0.1030484
 -0.10368515 -0.21641484 -0.17861209]
    Weight (w): [-0.22477111  0.08470279 -0.04648629  0.16015525 -0.12922926 -0.19975406
 -0.10510402 -0.22916799 -0.23965193 -0.24313374 -0.2061071  -0.23280008
 -0.28280187 -0.26290978 -0.32623906 -0.10510172 -0.24628274 -0.22066779
 -0.29000371 -0.25197323 -0.16680473 -0.30363376 -0.1083708  -0.26077379
 -0.52142726 -0.22679543 -0.93469799 -0.27180286 -0.26027579 -0.26847488
 -0.20660371 -0.49239968 -0.51144989 -0.36212762 -0.26207679 -0.14760975
 -0.15535237 -0.04395381 -0.09393778 -0.16843768 -0.57683628  0.48633298
 -0.33738197 -0.48645698 -0.35036559 -0.07998283 -0.19282361  0.2497266
 -0.11361578 -0.27555499 -0.33552297 -0.27556491 -0.00170376 -0.1134779
 -0.34003135 -0.12920827  0.01778424]
    Xi: 0.252565
    Gamma: 1.000000
    QP Objective: 2.441186854418162

  Function 78:
    Center: [-0.34243371 -0.16507191 -0.55676058 -0.04689958 -0.4643144  -0.35026618
 -0.29179389 -0.26256156 -0.32330236 -0.37136439 -0.29685953 -0.62871259
 -0.31205521 -0.17492717 -0.19011441  1.4789258  -0.32113541 -0.34787592
 -0.93624235 -0.16789311 -0.67441898 -0.11817151 -0.2902092  -0.21299439
 -0.32881467 -0.29923993 -0.22789481  2.49788608 -0.16673145 -0.22523952
 -0.16053931 -0.14321202 -0.17492026 -0.14521515 -0.19806739 -0.24213022
 -0.32345561 -0.05983624 -0.18091134 -0.18530385 -0.12090468 -0.17259996
 -0.20599311 -0.12734332 -0.29777621 -0.19738748 -0.0713879  -0.11154623
 -0.15845336  0.42160049  2.15779133 -0.32991229 -0.30835494 -0.1030484
 -0.0895012  -0.18049348 -0.40128076]
    Weight (w): [-0.21090093 -0.20919605 -0.18901085 -0.08024395 -0.21470999 -0.16397308
  0.0752885  -0.20679539 -0.21741605 -0.21151857 -0.21667388 -0.21040585
 -0.21569872 -0.06888034 -0.20335622  0.19782361 -0.18008869 -0.21142139
 -0.21224402 -0.13635393 -0.18906389 -0.17687851 -0.03165952 -0.20986744
 -0.20583039 -0.24606567 -0.24877094 -0.31190893 -0.2641605  -0.20888848
  0.12345178 -0.30927265 -0.32367533 -0.22748671 -0.25955715 -0.20557813
 -0.20295789 -0.02023523  0.21822287 -0.22474278 -0.58544578 -0.44326398
 -0.23823626 -0.29211187 -0.2186172   0.67901829 -0.19570158 -0.13831299
 -0.20935907  0.20809322 -0.0220497  -0.20147722 -0.10344581 -0.23050358
 -0.10292091 -0.20906452 -0.211804  ]
    Xi: 0.210589
    Gamma: 1.000000
    QP Objective: 2.22491257953464

  Function 79:
    Center: [ 0.21435119 -0.16507191  0.79220998 -0.04689958  0.04130716  0.89154189
 -0.29179389 -0.26256156 -0.32330236 -0.37136439 -0.29685953 -0.62871259
 -0.31205521 -0.17492717 -0.19011441 -0.3013776  -0.32113541  0.29234739
  1.76754474 -0.16789311  0.89136131 -0.11817151 -0.2902092  -0.21299439
 -0.32881467 -0.29923993 -0.22789481 -0.23183016 -0.16673145 -0.22523952
 -0.16053931 -0.14321202 -0.17492026 -0.14521515 -0.19806739 -0.24213022
 -0.32345561 -0.05983624 -0.18091134 -0.18530385 -0.12090468 -0.17259996
 -0.20599311 -0.12734332  0.20638695 -0.01078346 -0.0713879  -0.11154623
 -0.15845336 -0.39593095 -0.15519768 -0.2502147  -0.30835494 -0.1030484
 -0.12615883 -0.24207296 -0.35344823]
    Weight (w): [-0.18693413 -0.00457135  0.0248997  -0.08145977  0.03854288 -0.08155352
  0.10844958 -0.10874132 -0.22245907 -0.31594308 -0.15166856 -0.03225411
 -0.29029142 -0.09498615 -0.05066239  0.40721745  0.19696544 -0.16613925
  0.1295163   0.06792786 -0.04899068 -0.20048587 -0.24264745  0.03722652
 -0.17303406 -0.50883166 -0.5540898   0.27760141 -0.26816293 -0.29564712
 -0.21286444 -0.50732088 -0.41391485 -0.2281399  -0.16256745 -0.09719824
 -0.27624403 -0.19457876 -0.55512086 -0.33378204 -0.59431617  0.49345503
 -0.06394708 -0.72337169 -0.41279252 -0.79088857 -0.19866675 -0.46845187
 -0.01801549 -0.23431698 -0.30310985 -0.03778722  0.17383148 -0.25348993
 -0.33652655  0.00612595 -0.08832188]
    Xi: 0.216758
    Gamma: 1.000000
    QP Objective: 2.6982104010399794

  Function 80:
    Center: [-1.78673444e-01 -1.65071912e-01 -3.38544752e-01 -4.68995838e-02
 -3.89958292e-01 -2.77218643e-01 -2.91793886e-01 -2.62561558e-01
  9.33044054e-01 -3.71364386e-01 -2.96859527e-01 -4.66225110e-01
 -3.12055206e-01 -1.74927167e-01 -1.12839227e-01 -3.01377603e-01
 -3.21135414e-01 -3.10215724e-01 -8.74280566e-01 -1.67893113e-01
 -6.07790036e-01 -1.18171509e-01 -2.90209203e-01 -2.12994388e-01
 -2.96226737e-02  2.98374831e-01 -2.21954675e-01 -2.31830156e-01
 -1.66731450e-01 -2.25239518e-01 -1.60539307e-01 -1.43212021e-01
  7.69477086e-02 -1.45215148e-01 -1.98067390e-01 -2.42130222e-01
  5.74029509e-01 -5.98362369e-02 -1.80911344e-01 -1.85303849e-01
 -1.20904684e-01 -1.72599962e-01 -2.05993114e-01 -1.27343320e-01
 -2.97776209e-01 -1.97387481e-01 -7.13879045e-02 -4.15436108e-02
  6.75411002e-01  1.58954644e-01  2.92772528e-01 -3.29912295e-01
 -2.75815475e-01 -1.03048405e-01 -7.06523064e-02 -8.86685533e-04
  2.19981925e+00]
    Weight (w): [-0.17516331 -0.21019177 -0.10819946 -0.08187327 -0.1024309  -0.10678915
 -0.20270109 -0.13228355  0.09496585 -0.1971118  -0.14710967 -0.23164839
 -0.23950813 -0.19336416 -0.25853809 -0.21438665 -0.23803222 -0.21172107
 -0.22250836 -0.16387604 -0.21852303 -0.21794644  0.12626654 -0.17841575
  0.21218608 -0.25743941 -0.92342044 -0.25073285  0.16826786 -0.1957419
 -0.21394497 -0.3100825  -0.42106321 -0.05697486 -0.3587465  -0.18583303
 -0.13144842  0.20649565 -0.18619274 -0.18942829 -0.597333   -0.2554518
 -0.20927354 -0.42119958 -0.27611183 -0.23895372 -0.01610656 -0.20414258
 -0.0666345   0.03364801 -0.22610878 -0.24745886 -0.02291504 -0.11332285
 -0.38342622  0.22885426  0.13427501]
    Xi: 0.227129
    Gamma: 1.000000
    QP Objective: 2.2667796355989642

  Function 81:
    Center: [-0.2114255  -0.05658136  0.01853569 -0.04689958 -0.40482951 -0.20417111
 -0.29179389 -0.03813825 -0.32330236 -0.07664696  0.14974015  0.57833729
 -0.31205521 -0.17492717 -0.19011441 -0.3013776  -0.32113541  0.10404642
 -0.88554635 -0.16789311 -0.64110451 -0.11817151 -0.2902092  -0.21299439
 -0.30487931 -0.29923993 -0.22789481 -0.23183016 -0.16673145 -0.02814423
 -0.16053931 -0.14321202 -0.17492026 -0.14521515 -0.19806739 -0.01857183
  0.2433771  -0.05983624 -0.18091134 -0.18530385 -0.12090468 -0.17259996
 -0.02725208 -0.12734332 -0.29777621 -0.19738748 -0.0713879  -0.11154623
 -0.07629924  0.07757142 -0.10034418 -0.32991229 -0.30835494 -0.1030484
 -0.07957243  0.68161915  2.4406313 ]
    Weight (w): [-0.0873723   0.28067945  0.01552597 -0.05816313 -0.06460839 -0.08659754
  0.00837432 -0.12335996 -0.05017768 -0.18927808 -0.07197595 -0.19837242
 -0.17259073  0.05250327  0.17594638 -0.05304068 -0.14206559 -0.14692768
 -0.08989431  0.51667907 -0.0519454  -0.19947415  0.21020758 -0.08907263
 -0.27165161 -0.14505995 -0.89816774  0.13278442 -0.12378672 -0.14406679
 -0.22538587 -0.53716329 -0.21252409 -0.23344084 -0.49235454  0.08414905
 -0.09385836  0.2454994  -0.1940176   0.01469641 -0.57745322 -0.20485433
 -0.28225931 -0.4661794  -0.33862443 -0.22457895 -0.03505884  0.35006755
  0.27110773 -0.14698581 -0.16320548 -0.21154248  0.07659531  0.06155843
  0.0052795  -0.08803879 -0.01654216]
    Xi: 0.163920
    Gamma: 1.000000
    QP Objective: 2.4874988381836505

  Function 82:
    Center: [-3.42433707e-01 -1.65071912e-01 -5.56760578e-01 -4.68995838e-02
 -4.64314403e-01 -3.50266176e-01 -2.91793886e-01 -2.62561558e-01
 -3.23302359e-01 -3.71364386e-01 -2.96859527e-01 -6.28712594e-01
 -3.12055206e-01 -1.74927167e-01 -1.90114405e-01  1.95169604e-01
 -3.21135414e-01  4.24158071e-01 -2.43396910e-01 -1.67893113e-01
 -3.32945624e-01 -1.18171509e-01 -2.90209203e-01 -2.12994388e-01
 -3.28814669e-01 -2.99239934e-01 -2.27894812e-01 -2.31830156e-01
 -1.66731450e-01 -2.25239518e-01 -1.60539307e-01 -1.43212021e-01
 -1.74920257e-01 -1.45215148e-01 -1.98067390e-01 -2.42130222e-01
 -3.23455613e-01 -5.98362369e-02 -1.80911344e-01 -1.85303849e-01
 -1.20904684e-01 -1.72599962e-01 -2.05993114e-01 -1.27343320e-01
  5.12839072e-01 -1.97387481e-01 -7.13879045e-02 -1.11546231e-01
 -1.58453362e-01  3.32818798e-01 -1.55197675e-01 -1.90134979e-01
 -3.08354941e-01  2.97272929e-02  1.41363378e-04  9.14825251e-02
 -3.01663027e-02]
    Weight (w): [-0.26595319  0.44490268 -0.1065034  -0.0876578   0.04108383 -0.24705074
  0.19090061 -0.07024355 -0.29778368 -0.3543997  -0.24295423 -0.39253725
 -0.31725058 -0.23660989 -0.08369367  0.02263846 -0.19627802 -0.24321873
 -0.16528422 -0.17552292 -0.14835493 -0.14776167 -0.25215715 -0.27306393
 -0.00739133 -0.29551704 -0.91281178 -0.04957466 -0.18185995 -0.37029674
 -0.10779324 -0.54592138 -0.67532406 -0.1383566  -0.18730283 -0.17633687
 -0.36170857  0.03397085 -0.42944168 -0.44700003 -0.42134129 -0.56097054
 -0.1537952  -0.71142    -0.37583779 -0.50436708 -0.03563045  0.18253324
 -0.05901357  0.04090162 -0.31288545  0.02761063  0.34785112 -0.3667326
 -0.48522046  0.0989176  -0.29114488]
    Xi: 0.308060
    Gamma: 1.000000
    QP Objective: 2.714650025004326

  Function 83:
    Center: [ 0.83664018 -0.16507191  1.60555988 -0.04689958 -0.4643144  -0.35026618
 -0.29179389 -0.26256156 -0.32330236 -0.37136439 -0.29685953  0.20693732
  5.70117215 -0.17492717 -0.19011441 -0.3013776  -0.32113541 -0.34787592
 -0.53067429 -0.16789311  0.23340044 -0.11817151 -0.2902092   1.41380286
 -0.32881467 -0.29923993 -0.22789481 -0.23183016 -0.16673145 -0.22523952
 -0.16053931 -0.14321202 -0.17492026 -0.14521515 -0.19806739 -0.24213022
 -0.32345561 -0.05983624 -0.18091134 -0.18530385 -0.12090468 -0.17259996
 -0.20599311 -0.12734332 -0.29777621 -0.19738748 -0.0713879  -0.11154623
  0.10033213 -0.04820265 -0.15519768 -0.25266694  0.20414166 -0.1030484
 -0.08288202 -0.08812427 -0.26438076]
    Weight (w): [-0.12766238  0.07364424 -0.01169303 -0.09010634 -0.07967653 -0.02910658
  0.01272811  0.00949917 -0.10853122 -0.11445496 -0.04502115 -0.16721159
 -0.06611378  0.03430531 -0.10153959 -0.03656224  0.05151418 -0.10720297
  0.10158284 -0.01569737 -0.06388579 -0.04315443  0.01125449 -0.04570107
 -0.60995181 -0.18826702 -0.93830931 -0.14063761 -0.05278249 -0.17816816
 -0.11080423 -0.18441704 -0.39198913 -0.12550462 -0.27588853 -0.08627621
 -0.1576342   0.12894618 -0.30145109 -0.15493954 -0.43311059 -0.65798334
 -0.25268912 -0.39812226 -0.40618124 -0.18483188 -0.03662571  0.50002281
 -0.31964757  0.06709318 -0.23315941 -0.04414575  0.27074975 -0.14902331
 -0.22699417  0.16064282  0.04033445]
    Xi: 0.115922
    Gamma: 1.000000
    QP Objective: 2.698044862251407

  Function 84:
    Center: [-0.34243371  0.3618822   0.1177247  -0.04689958 -0.4643144  -0.35026618
 -0.29179389  0.58525983 -0.32330236 -0.37136439  1.39029481 -0.62871259
 -0.31205521 -0.17492717 -0.19011441  1.78169848 -0.32113541 -0.34787592
 -0.35605471 -0.16789311  1.04127644 -0.11817151 -0.2902092  -0.21299439
 -0.32881467 -0.29923993 -0.22789481 -0.23183016 -0.16673145 -0.22523952
 -0.16053931 -0.14321202 -0.17492026 -0.14521515 -0.19806739 -0.24213022
 -0.32345561 -0.05983624 -0.18091134  0.78646358 -0.12090468 -0.17259996
 -0.20599311 -0.12734332  0.03833257 -0.19738748 -0.0713879  -0.11154623
 -0.15845336 -0.34414163 -0.15519768 -0.32991229 -0.30835494 -0.1030484
 -0.05823347  0.28135257 -0.14727353]
    Weight (w): [-0.17442589 -0.21634616 -0.07323978 -0.08881879  0.01358983 -0.04059428
  0.0922232  -0.09153293 -0.11982041 -0.20374337  0.03627297 -0.30361827
 -0.24062683 -0.16545293 -0.00564792  0.20690473  0.0143963  -0.04532424
  0.02929341 -0.01934064  0.00933002 -0.18110605  0.28618452 -0.14546682
 -0.43153198 -0.23142206 -0.94358071 -0.1797808  -0.01739218 -0.1433148
  0.0856444  -0.05989937 -0.3827719  -0.29159486 -0.42183797  0.012151
 -0.19849573  0.37654838 -0.24422307 -0.42697546 -0.4355438  -0.31832413
 -0.17558048 -0.42995942 -0.16757729 -0.24790744 -0.03683148  0.72668756
 -0.1875228  -0.15367137 -0.21122973  0.06031799  0.35274425 -0.02421074
  0.06168454 -0.08850407  0.04306336]
    Xi: 0.183498
    Gamma: 1.000000
    QP Objective: 2.5721874317088638

  Function 85:
    Center: [-0.34243371 -0.16507191  0.45496734 -0.04689958 -0.4643144   1.51244592
 -0.29179389 -0.26256156 -0.32330236 -0.37136439 -0.29685953 -0.62871259
  1.38227957 -0.17492717 -0.19011441  0.31627868 -0.32113541 -0.34787592
 -0.35605471 -0.16789311 -0.67441898 -0.11817151 -0.2902092  -0.21299439
 -0.32881467 -0.29923993 -0.22789481 -0.23183016 -0.16673145 -0.22523952
 -0.16053931 -0.14321202 -0.17492026 -0.14521515 -0.19806739 -0.24213022
 -0.32345561 -0.05983624 -0.18091134 -0.18530385 -0.12090468 -0.17259996
 -0.20599311 -0.12734332 -0.29777621 -0.19738748 -0.0713879  -0.11154623
 -0.15845336 -0.51430655 -0.15519768 -0.22324013 -0.30835494 -0.1030484
 -0.12524475 -0.23694133 -0.40293016]
    Weight (w): [-0.23161325  0.13588657 -0.136955   -0.09112448  0.06241707 -0.01601766
  0.52878238 -0.23701669 -0.10849329 -0.23830784 -0.15650503 -0.22749628
 -0.17111659 -0.10658584 -0.33989028 -0.08686489  0.08044602 -0.27597562
 -0.12568888 -0.24459437  0.05950495 -0.19031529  0.26927236 -0.18530373
 -0.4205993   0.10388603 -0.94891168 -0.05433645 -0.28569416 -0.1796879
 -0.11205625 -0.56751149 -0.21016999 -0.24794035 -0.02849615 -0.26017033
 -0.30144797 -0.1024303  -0.35365008 -0.33770192 -0.4380045  -0.20958484
 -0.3710156  -0.93497895 -0.42646685 -0.2690929  -0.03703956  0.00336928
 -0.28384847 -0.00493808 -0.32238597 -0.00815643  0.11439427 -0.30599696
 -0.30613932 -0.11578911 -0.21954449]
    Xi: 0.243315
    Gamma: 1.000000
    QP Objective: 2.836673798035704

  Function 86:
    Center: [ 0.3453594  -0.16507191 -0.14016673  0.10363808  0.4725726  -0.35026618
 -0.29179389 -0.26256156 -0.32330236 -0.37136439  1.7872723  -0.62871259
  0.38561206 -0.17492717 -0.19011441  0.71593863 -0.32113541  0.44298817
  0.13400671 -0.16789311 -0.67441898 -0.11817151  0.30936536 -0.21299439
 -0.32881467 -0.29923993 -0.22789481 -0.23183016 -0.16673145 -0.22523952
 -0.16053931 -0.14321202 -0.17492026 -0.14521515 -0.19806739 -0.24213022
  0.17252301 -0.05983624 -0.18091134 -0.18530385 -0.12090468 -0.17259996
 -0.20599311 -0.12734332 -0.29777621 -0.19738748 -0.0713879  -0.11154623
 -0.15845336 -0.39963019 -0.15519768  0.12865539 -0.05617407 -0.1030484
 -0.07248046  0.09661415  0.20074936]
    Weight (w): [-0.20038446  0.02442596 -0.01424606 -0.16730768 -0.03276872  0.04329092
  0.16714529 -0.00622518 -0.20830809 -0.24691626 -0.02001971 -0.09844293
 -0.18665129 -0.17148751 -0.08712335 -0.08755223  0.10678689 -0.1522314
 -0.06888235 -0.06581558  0.23035938 -0.09500963 -0.15215501 -0.0249746
 -0.37780899 -0.35742251 -0.96527222 -0.22866352 -0.25885997 -0.1286777
 -0.11398826 -0.57729618 -0.44027997 -0.2233877   0.03032272 -0.30508883
 -0.18788107 -0.0187943  -0.31855786 -0.05904208 -0.4455563   0.03742761
 -0.1822495  -0.62992164 -0.28584372 -0.14065413 -0.03767818 -0.07261569
  0.18559352 -0.10405874 -0.26440702 -0.20434301  0.29678342  0.447326
 -0.26310856  0.08379738 -0.11184297]
    Xi: 0.162132
    Gamma: 1.000000
    QP Objective: 2.7795169814362994

  Function 87:
    Center: [-0.34243371 -0.16507191 -0.55676058 -0.04689958  1.95969483 -0.35026618
 -0.29179389 -0.26256156 -0.32330236 -0.37136439 -0.29685953 -0.62871259
 -0.31205521 -0.17492717 -0.19011441 -0.3013776  -0.32113541 -0.34787592
  1.82950653 -0.16789311 -0.67441898 -0.11817151 -0.2902092  -0.21299439
 -0.32881467 -0.29923993 -0.22789481 -0.23183016 -0.16673145 -0.22523952
 -0.16053931 -0.14321202 -0.17492026 -0.14521515 -0.19806739 -0.24213022
 -0.32345561 -0.05983624 -0.18091134 -0.18530385 -0.12090468 -0.17259996
 -0.20599311 -0.12734332 -0.29777621 -0.19738748 -0.0713879  -0.11154623
 -0.15845336 -0.51430655 -0.15519768 -0.32991229 -0.30835494 -0.1030484
 -0.10787729 -0.24207296 -0.39138438]
    Weight (w): [-0.37564739 -0.38806656 -0.30521964  0.69037609  0.1033216  -0.21182293
 -0.15215706 -0.13308087 -0.29012397 -0.38050544 -0.30277377 -0.31916551
 -0.28730373 -0.25143597 -0.55260926 -0.03356622 -0.17001211 -0.22541112
 -0.01403137  0.30077897 -0.0343984  -0.45684552 -0.28653623 -0.25728003
 -0.60792081 -0.689827   -0.97085183  0.59834753 -0.29229981 -0.43985486
 -0.11464715 -0.58063315 -0.47411195 -0.51765422 -0.21487769 -0.43718277
 -0.37878932 -0.10479863 -0.24125676 -0.20118695 -0.44813177 -0.07557159
 -0.43106867 -0.65352127 -0.25822372 -0.49576953 -0.03789597 -0.15173978
 -0.50741068 -0.19751548 -0.50056123 -0.01685755 -0.36075424 -0.17595466
 -0.26665651  0.36818263 -0.40182165]
    Xi: 0.406976
    Gamma: 1.000000
    QP Objective: 3.0142539307233256

  Function 88:
    Center: [-0.34243371 -0.16507191 -0.55676058 -0.04689958 -0.4643144  -0.35026618
 -0.29179389 -0.26256156 -0.32330236 -0.37136439 -0.29685953 -0.62871259
 -0.31205521 -0.17492717 -0.19011441 -0.3013776  -0.32113541 -0.34787592
  1.50843181 -0.16789311 -0.67441898 -0.11817151 -0.2902092  -0.21299439
 -0.32881467 -0.29923993 -0.22789481 -0.23183016 -0.16673145 -0.22523952
 -0.16053931 -0.14321202 -0.17492026 -0.14521515 -0.19806739 -0.24213022
 -0.32345561 -0.05983624 -0.18091134 -0.18530385 -0.12090468 -0.17259996
 -0.20599311 -0.12734332 -0.29777621 -0.19738748 -0.0713879  -0.11154623
 -0.15845336 -0.51430655 -0.15519768  0.63504163 -0.30835494 -0.1030484
 -0.10453619 -0.23180971 -0.4425157 ]
    Weight (w): [-0.2997048  -0.02211325 -0.25298598 -0.05060089 -0.26577159 -0.16872677
 -0.2710714  -0.44239983 -0.50701947 -0.3928568  -0.40337903 -0.34936997
 -0.39346316 -0.38933271 -0.3465769  -0.11948228 -0.45204239 -0.34866768
 -0.1308542  -0.42432104  0.09351799 -0.23293446 -0.25481674 -0.3056206
 -0.87288921 -0.56105923 -0.98798451 -0.10406471 -0.29745804 -0.5801834
 -0.11667034 -0.59087962 -0.65966249 -0.52678929 -0.44211428 -0.49741304
 -0.53661113 -0.10664802 -0.55130458 -0.2592669  -0.45603998  0.33442287
 -0.54875662 -1.13975629 -0.06705712 -0.52037323 -0.03856472 -0.15441754
 -0.40033514 -0.28524482 -0.53070792  0.38578611 -0.15102637  0.19011519
  0.41086164  0.48289061 -0.51457181]
    Xi: 0.498468
    Gamma: 1.000000
    QP Objective: 3.561590345673331

  Function 89:
    Center: [-0.34243371 -0.16507191 -0.55676058 -0.04689958  0.96332294  1.40287462
 -0.29179389 -0.26256156  1.39968701 -0.37136439  2.08500542 -0.07161265
 -0.31205521 -0.17492717 -0.19011441  1.44259308 -0.32113541  3.26750277
 -0.39548493 -0.16789311  0.52490209 -0.11817151  1.08024693 -0.21299439
 -0.32881467 -0.29923993 -0.22789481 -0.23183016 -0.16673145 -0.22523952
 -0.16053931 -0.14321202 -0.17492026 -0.14521515 -0.19806739 -0.24213022
 -0.32345561 -0.05983624 -0.18091134 -0.18530385 -0.12090468 -0.17259996
  1.93889926 -0.12734332 -0.29777621 -0.19738748 -0.0713879  -0.11154623
 -0.15845336 -0.51430655 -0.15519768  0.48668149 -0.30835494 -0.1030484
 -0.02378223 -0.12917726 -0.23304221]
    Weight (w): [-0.08074919  0.41562427  0.06711088 -0.05277392  0.09424594 -0.05561179
  0.21523867  0.05480475 -0.03921754 -0.10386063 -0.03309459 -0.137679
  0.02470038 -0.04723932  0.87799844  0.03103884  0.01042189 -0.11134391
  0.04205499 -0.01045562 -0.01653174 -0.03369881  0.00421931 -0.07836419
  0.11769317 -0.17383414 -0.2149548  -0.09478725 -0.31023231 -0.07569869
 -0.05105275 -0.61625481 -0.21689783 -0.11112062 -0.23848918 -0.03914131
 -0.09478741  0.00382897 -0.08202284  0.02609259 -0.47562452 -0.58861435
 -0.30157107 -0.07283522 -0.24180222  0.3150601  -0.04022088  0.40876847
  0.21730848 -0.01353105 -0.08448158 -0.04330667  0.27276001  0.09161045
 -0.1557599   0.17756575 -0.0583903 ]
    Xi: 0.055294
    Gamma: 1.000000
    QP Objective: 2.4925315476035292

  Function 90:
    Center: [-0.34243371 -0.16507191 -0.55676058 -0.04689958  5.24623496 -0.35026618
 -0.29179389 -0.26256156 -0.32330236 -0.37136439 -0.29685953 -0.62871259
 -0.31205521 -0.17492717 -0.19011441 -0.3013776  -0.32113541 -0.34787592
  1.22678732 -0.16789311 -0.67441898 -0.11817151 -0.2902092  -0.21299439
 -0.32881467 -0.29923993 -0.22789481 -0.23183016 -0.16673145 -0.22523952
 -0.16053931 -0.14321202 -0.17492026 -0.14521515 -0.19806739 -0.24213022
 -0.32345561 -0.05983624 -0.18091134 -0.18530385 -0.12090468 -0.17259996
 -0.20599311 -0.12734332 -0.29777621 -0.19738748 -0.0713879  -0.11154623
 -0.15845336 -0.51430655 -0.15519768 -0.32991229 -0.30835494 -0.1030484
 -0.13211609 -0.26259945 -0.45571088]
    Weight (w): [-4.26196064e-02 -4.75534490e-02 -1.24311367e-01 -6.26573392e-04
 -4.68312432e-02 -1.00765568e-01  6.24056917e-02  2.40767929e-01
 -1.66233028e-01 -1.78647155e-01 -6.88366357e-02 -1.69442408e-01
 -1.46564728e-01 -7.35617620e-02 -3.52643884e-01  1.08486778e-01
  2.21512923e-01 -1.10206286e-01 -8.19126345e-02  3.21538913e-01
  6.76663854e-02 -2.12680481e-01 -5.98621797e-02 -1.82316053e-01
 -4.30919147e-01 -4.30848354e-01 -1.03677387e+00  5.14701569e-01
 -3.12147327e-01 -3.32825255e-02 -1.22431831e-01 -6.20058854e-01
 -3.29434046e-01 -4.76041848e-01 -6.71290497e-02 -2.04270840e-01
 -1.76332665e-01 -1.11914567e-01  6.74146407e-02 -2.58438582e-01
 -4.78560472e-01 -3.08261388e-01 -1.98369771e-01 -5.90196137e-01
 -1.34157142e-01 -2.88180405e-01 -4.04691458e-02 -1.62043096e-01
 -1.50497057e-01 -1.52699221e-01 -2.41459591e-01 -3.01485384e-02
 -2.15003244e-01 -1.12092121e-01 -1.84176189e-01  1.28233574e-01
 -2.07379473e-01]
    Xi: 0.200248
    Gamma: 1.000000
    QP Objective: 2.936735371658695

  Function 91:
    Center: [-0.34243371 -0.16507191  0.61366976  0.03195348 -0.4643144  -0.35026618
 -0.29179389 -0.26256156  0.07154937 -0.01460119 -0.29685953 -0.50104386
 -0.31205521 -0.17492717 -0.19011441 -0.16815762 -0.32113541 -0.34787592
 -0.40111782 -0.16789311 -0.28297391 -0.11817151 -0.2902092  -0.21299439
 -0.19118635 -0.29923993 -0.01701996 -0.23183016 -0.16673145 -0.22523952
 -0.16053931 -0.14321202 -0.17492026  0.18871569 -0.19806739  0.92534139
 -0.32345561 -0.05983624 -0.18091134 -0.18530385 -0.12090468 -0.17259996
 -0.20599311 -0.12734332 -0.29777621 -0.19738748 -0.0713879  -0.11154623
  0.77399595  0.67684787  0.87787647 -0.26124975 -0.00329744 -0.1030484
 -0.08338634 -0.0727294   0.52403129]
    Weight (w): [-9.52451124e-02 -1.16973645e-01 -8.23760839e-03 -9.89477036e-02
 -4.83492844e-02 -2.94663684e-02  1.80982622e-03 -7.26479445e-02
  6.27359981e-02 -1.23894331e-01 -1.22522003e-01 -9.95044942e-02
 -1.23499253e-01 -5.75529244e-02 -9.84168673e-02 -1.04122162e-01
 -8.79729394e-02 -1.33213390e-01 -1.49514015e-01 -4.87353018e-02
 -4.54690944e-02 -1.11102911e-01  7.17906142e-02 -1.15509695e-01
 -2.06791047e-01 -8.66136062e-02 -2.89454530e+00 -1.65508156e-01
 -8.97696273e-02 -1.29676856e-01 -9.69871227e-02 -1.97203146e-01
 -2.45808425e-01 -1.70819842e-01  1.85220057e-01 -7.30472832e-02
 -7.65156590e-02  7.98222485e-02 -1.86255406e-01 -2.08591753e-01
 -4.84542478e-01  4.29377680e-01 -1.20200525e-01 -2.57092539e-01
 -2.06448129e-01 -7.43779561e-02 -4.09750047e-02  1.09878452e-01
 -3.45952002e-02  2.25111263e-03 -1.14510686e-01 -4.04973331e-02
 -6.08771455e-02 -7.99114934e-02 -2.03943421e-01  8.42774543e-02
 -5.62688757e-02]
    Xi: 0.127552
    Gamma: 1.000000
    QP Objective: 2.4131701292944814

  Function 92:
    Center: [ 0.54187171 -0.12632529 -0.35838255 -0.04689958 -0.4643144  -0.35026618
 -0.29179389 -0.26256156 -0.32330236 -0.37136439 -0.29685953 -0.07161265
 -0.31205521 -0.17492717 -0.19011441 -0.3013776  -0.32113541 -0.15957495
 -0.38985204 -0.16789311 -0.5911328   3.2650683  -0.2902092  -0.21299439
 -0.32881467 -0.29923993 -0.22789481 -0.23183016 -0.16673145 -0.22523952
 -0.16053931 -0.14321202 -0.17492026 -0.14521515 -0.19806739 -0.24213022
  0.31423118 -0.05983624 -0.18091134 -0.18530385 -0.12090468 -0.17259996
 -0.20599311 -0.12734332 -0.29777621  0.63684224 -0.0713879  -0.11154623
  2.33492432 -0.27755536  0.17392329 -0.26247587 -0.30835494  0.36749003
 -0.04493208 -0.04707129  2.48351564]
    Weight (w): [ 7.38673824e-03 -2.53358614e-01 -9.10131360e-02 -2.93050253e-02
 -3.18089091e-02 -3.33519668e-02 -6.67900723e-02 -7.50725998e-02
 -7.96253406e-02 -8.72045913e-02 -9.32514576e-02 -1.45563152e-01
 -1.48663214e-01 -1.24299969e-01  1.08470708e-01 -6.20062462e-02
 -1.43857404e-01 -9.01846158e-02 -9.53174419e-02  2.59124372e-01
 -1.11991202e-01 -3.24877468e-02  1.44875396e-01 -1.16288428e-01
  7.84122003e-02 -1.58760953e-01 -9.90022792e-01  2.14070121e-01
 -3.18036901e-01 -1.21929453e-01 -1.24741868e-01 -3.52210269e-01
 -1.95908709e-01  1.26423036e-01  3.00578018e-01 -1.99046576e-02
 -4.31530617e-02 -7.06415309e-02 -2.11169148e-01 -2.35228463e-01
 -4.87589915e-01 -5.10680703e-02  4.19222765e-02 -2.74441790e-01
 -2.06966991e-01 -3.84862440e-01 -4.01148502e-02  1.83542551e-01
 -3.85627416e-02 -1.23938097e-01 -1.50070664e-01 -1.23820549e-01
 -4.57418900e-03  2.03563336e-01 -2.75769456e-01  3.80801334e-01
  9.81989203e-05]
    Xi: 0.117930
    Gamma: 1.000000
    QP Objective: 2.2919608990954

  Function 93:
    Center: [ 2.11397023 -0.16507191 -0.55676058 -0.04689958 -0.4643144  -0.35026618
  0.65353346 -0.26256156 -0.32330236  0.20255902 -0.29685953 -0.62871259
 -0.31205521 -0.17492717 -0.19011441 -0.3013776   1.36802688 -0.34787592
  1.17609132 -0.16789311  2.14065409 -0.11817151 -0.2902092  -0.21299439
 -0.10741259 -0.29923993 -0.22789481 -0.23183016 -0.16673145 -0.22523952
 -0.16053931 -0.14321202 -0.17492026 -0.14521515 -0.19806739 -0.24213022
 -0.32345561 -0.05983624 -0.18091134 -0.18530385 -0.12090468 -0.17259996
 -0.20599311 -0.12734332 -0.29777621 -0.19738748 -0.0713879  -0.11154623
 -0.15845336 -0.14808205  5.302725   -0.32991229 -0.30835494 -0.1030484
 -0.09665621 -0.20101998 -0.32705787]
    Weight (w): [-3.67510707e-02 -7.44794234e-02 -2.89323442e-02  1.15428527e-01
 -1.82079309e-02  4.30114473e-02  3.14441535e-03 -4.56598489e-02
 -4.80360763e-02 -4.74155232e-02 -6.29434233e-02 -8.41480184e-02
 -7.87622847e-02 -2.46600403e-02 -1.70444590e-02  5.89025116e-02
  1.04578911e-01 -1.02977900e-02  3.26868746e-03  5.66256986e-02
  1.52036650e-02 -3.14515948e-03  8.27596165e-02 -3.52080806e-03
 -4.09382071e-01  1.47934871e-01 -3.24085856e-01 -6.15399987e-02
 -2.37199671e-01 -8.30526192e-02  1.43083796e-01 -3.61293436e-01
 -1.87427759e-01 -6.05711724e-02  8.10853751e-03 -8.57530223e-02
 -7.41221560e-02  3.08670916e-01 -8.11265885e-02 -7.70663093e-02
 -4.90675927e-01 -1.30386792e-01 -1.06542573e-01 -3.22610349e-01
 -1.19777909e-01 -5.91187865e-02 -4.14936886e-02 -1.66145457e-01
  5.34844938e-01 -5.84325495e-02 -2.20614600e-01 -1.86140758e-03
  1.11744167e-01 -4.81923022e-04 -2.16426341e-01  4.06454723e-01
 -6.30395186e-02]
    Xi: 0.055275
    Gamma: 1.000000
    QP Objective: 2.3084084487574343

  Function 94:
    Center: [-0.34243371  0.1758984   0.31610273 -0.04689958  0.19001938 -0.35026618
  0.27029264 -0.26256156 -0.32330236  3.39791637  5.16158098 -0.11803764
 -0.31205521 -0.17492717 -0.19011441 -0.3013776  -0.32113541  2.57078917
  0.6860299  -0.16789311  1.16620572 -0.11817151 -0.2902092  -0.21299439
 -0.32881467 -0.29923993 -0.16255331 -0.23183016 -0.16673145 -0.22523952
 -0.16053931 -0.14321202 -0.17492026 -0.14521515 -0.19806739 -0.24213022
 -0.32345561 -0.05983624 -0.18091134  0.44348684 -0.12090468 -0.17259996
 -0.20599311 -0.12734332 -0.29777621 -0.19738748 -0.0713879  -0.11154623
 -0.15845336 -0.38113401 -0.15519768 -0.24040577  0.28549033 -0.01919007
 -0.08250378 -0.15483537 -0.0977916 ]
    Weight (w): [-1.30032020e-01  2.94538146e-01 -5.01781778e-02 -2.96783323e-02
  4.11897180e-02  1.18202551e-02  7.24453542e-02  3.63985159e-02
 -5.19468893e-02 -9.60545347e-02  1.61081139e-02 -1.59534994e-01
 -2.32249722e-02 -1.45768452e-01  3.55165232e-01  1.03808577e-01
  2.18029592e-01 -1.85665409e-02  8.00823370e-02  9.75304621e-02
  2.29421488e-05 -1.30229614e-01  1.49222824e-01 -1.26089055e-01
  1.59230022e-01 -2.63739733e-01 -1.31053393e+00 -1.15072035e-01
 -3.22088326e-01 -1.15016311e-01 -1.26321154e-01 -5.14689053e-01
 -1.42565236e-01 -1.57324753e-01  1.15260039e-01 -8.36160156e-02
 -4.01626420e-02 -2.45647902e-02 -1.75729243e-01 -3.38920865e-01
 -4.93801251e-01  3.30842481e-01 -1.93657619e-01 -4.07107793e-01
 -2.87382920e-01  4.45864680e-01 -4.17579790e-02  1.30671525e-01
  4.13951340e-01 -9.64410308e-02 -2.25505320e-01  5.33327764e-02
  1.15975840e-01  1.18692828e-01 -2.34829718e-01  2.90827102e-01
 -9.95950797e-02]
    Xi: 0.094607
    Gamma: 1.000000
    QP Objective: 2.4678684518552223

  Function 95:
    Center: [ 0.05059092 -0.07208001 -0.31870695 -0.04689958 -0.28585974  0.08801902
 -0.29179389  0.6600676   0.10744498 -0.37136439  0.29860671  0.23014982
 -0.31205521 -0.17492717 -0.19011441 -0.3013776   0.21939652 -0.12191475
 -0.93624235  0.30296149 -0.67441898 -0.11817151 -0.2902092  -0.21299439
 -0.03560651 -0.29923993 -0.22789481 -0.00899618  0.03554002 -0.22523952
 -0.16053931 -0.14321202 -0.17492026 -0.14521515 -0.19806739  2.19217228
  0.2433771  -0.05983624  0.09518886 -0.18530385 -0.12090468  0.46647259
 -0.20599311 -0.12734332 -0.29777621  0.61488883 -0.0713879  -0.11154623
 -0.08862236 -0.18507443 -0.15519768 -0.32991229 -0.23920857 -0.1030484
 -0.11941357 -0.17536186  0.28486864]
    Weight (w): [-5.58362114e-02  1.20394106e-02 -7.54500743e-02  8.58592215e-02
 -1.72962809e-02 -1.44330706e-02  2.20548920e-02 -2.49257358e-02
 -5.87699130e-02 -9.92180868e-02  4.10388558e-02 -1.24454117e-01
 -8.49258757e-02  2.51053742e-02 -4.70997719e-04 -2.84929247e-02
 -1.65952393e-02 -1.12308951e-01 -1.44889620e-02 -7.50323381e-02
 -4.17724279e-02 -1.08294062e-01  3.06775168e-03 -6.80523131e-02
 -4.29914673e-01 -5.65195099e-02 -8.33633902e-01  3.71440748e-01
 -1.02993065e+00 -1.04936571e-01 -1.27140749e-01 -2.86583520e-01
  9.28511189e-03 -9.86081575e-02 -1.37110371e-01 -9.70372625e-03
 -8.68812741e-02  1.31983274e+00  3.06737643e-02 -1.32084121e-01
 -4.96966644e-01 -9.26302828e-01 -7.25155875e-02 -1.39636673e-01
 -1.96481353e-01 -2.70070998e-01 -4.20256508e-02  1.83632537e-01
  2.47766893e-01  6.08611691e-02 -8.97424226e-02 -1.06367951e-01
  1.53197055e-02  8.62098629e-02 -1.94750243e-01  3.20565083e-01
 -2.62910951e-02]
    Xi: 0.071368
    Gamma: 1.000000
    QP Objective: 2.301608670363032

  Function 96:
    Center: [ 1.45892918 -0.16507191 -0.55676058 -0.04689958 -0.4643144  -0.35026618
 -0.29179389 -0.26256156 -0.32330236 -0.37136439 -0.29685953 -0.62871259
 -0.31205521 -0.17492717 -0.19011441 -0.3013776  -0.32113541 -0.34787592
  0.3029934  -0.16789311 -0.21634496 -0.11817151 -0.2902092  -0.21299439
 -0.32881467 -0.29923993 -0.22789481 -0.23183016 -0.16673145 -0.22523952
 -0.16053931 -0.14321202 -0.17492026 -0.14521515 -0.19806739 -0.24213022
 -0.32345561 -0.05983624 -0.18091134 -0.18530385 -0.12090468 -0.17259996
 -0.20599311 -0.12734332  0.78963453 -0.19738748 -0.0713879  -0.11154623
 -0.15845336 -0.51430655 -0.15519768  0.44621964 -0.30835494 -0.1030484
 -0.11994941 -0.21128322 -0.36664341]
    Weight (w): [-0.16741887 -0.65480135 -0.19060023  0.76724205 -0.07109679 -0.31387136
  0.0272098  -0.23649426 -0.31481417 -0.25378998 -0.29310983 -0.46395734
 -0.29578304 -0.27500828 -0.32737192 -0.09359825  0.24037637 -0.22559786
  0.09747639  0.40310153 -0.06892379 -0.18360314 -0.30849879 -0.18561052
  0.07894127 -0.62517051 -0.40090783 -0.39157649 -0.26269022 -0.32537314
 -0.100579   -0.65226971 -0.69561569 -0.20872817 -0.4333359  -0.16354632
 -0.27555181  0.15631677 -0.4321487  -0.41619273 -0.50342076 -0.49868665
 -0.23908913 -0.77587464 -0.45478795 -0.41714407 -0.04257145 -0.17046092
 -0.07391093 -0.1035265  -0.38652255  0.17558356  0.43125346  0.10231318
 -0.04514799  0.1050499  -0.28104964]
    Xi: 0.289589
    Gamma: 1.000000
    QP Objective: 2.7220514616020806

  Function 97:
    Center: [-3.42433707e-01 -1.65071912e-01 -5.56760578e-01 -4.68995838e-02
 -6.27914010e-02 -3.50266176e-01 -2.91793886e-01  4.10708365e-01
 -3.23302359e-01 -3.71364386e-01 -2.96859527e-01 -3.15343875e-01
  6.03339465e+00 -1.74927167e-01  8.53100499e-01  2.56168989e-02
 -3.21135414e-01  6.68949337e-01 -9.36242354e-01 -1.67893113e-01
 -6.74418985e-01 -1.18171509e-01 -2.90209203e-01 -2.12994388e-01
 -1.67250992e-01  5.20532354e-03 -2.27894812e-01  7.70922749e-01
 -1.66731450e-01  3.66046345e-01 -1.60539307e-01 -1.43212021e-01
 -1.74920257e-01 -1.45215148e-01 -1.98067390e-01 -2.42130222e-01
 -3.23455613e-01 -5.98362369e-02 -1.80911344e-01 -1.85303849e-01
 -1.20904684e-01 -1.72599962e-01 -2.05993114e-01 -1.27343320e-01
 -2.97776209e-01  9.89836055e-02 -7.13879045e-02 -1.11546231e-01
  1.74718128e-03 -8.14957821e-02 -1.55197675e-01 -3.29912295e-01
 -3.08354941e-01 -1.03048405e-01 -8.42058585e-02  1.45081829e-02
 -1.55520520e-01]
    Weight (w): [-0.08764955  0.05332136 -0.03718844 -0.02448155  0.05776072 -0.06919928
 -0.01037981 -0.09955877 -0.12332282 -0.10684305 -0.08559758 -0.19104942
  0.01671867 -0.05417732 -0.08614486 -0.05061181 -0.04978223 -0.05187308
 -0.03564661 -0.11065821 -0.10836261 -0.06815946  0.08474835 -0.09035364
 -0.02213343 -0.25230469 -0.654043   -0.19848876 -0.19093542 -0.13339212
 -0.06558403 -0.46286617 -0.2788721  -0.19203073 -0.23506716  0.01196176
 -0.1453162   0.08296739  0.05358262 -0.10905303 -0.51004471 -0.39974726
 -0.12693379 -0.27073076 -0.26092012 -0.03428885 -0.0431316  -0.01550269
 -0.15348028  0.06384706 -0.24544466 -0.16380462 -0.08014287  0.02625855
 -0.16352683 -0.03309259 -0.04661423]
    Xi: 0.121155
    Gamma: 1.000000
    QP Objective: 2.30182460051332

  Function 98:
    Center: [-0.34243371 -0.16507191 -0.55676058 -0.04689958 -0.4643144  -0.35026618
 -0.29179389 -0.26256156 -0.32330236 -0.37136439 -0.29685953 -0.62871259
 -0.31205521 -0.17492717 -0.19011441  1.21248583 -0.32113541  2.00588625
  0.47198009 -0.16789311  0.36665834 -0.11817151 -0.2902092  -0.21299439
 -0.32881467 -0.29923993 -0.22789481 -0.23183016 -0.16673145 -0.22523952
 -0.16053931 -0.14321202 -0.17492026 -0.14521515 -0.19806739 -0.24213022
 -0.32345561 -0.05983624 -0.18091134 -0.18530385 -0.12090468 -0.17259996
 -0.20599311 -0.12734332 -0.29777621 -0.19738748 -0.0713879  -0.11154623
 -0.15845336 -0.51430655 -0.15519768 -0.32991229 -0.30835494 -0.1030484
 -0.03200892  0.01450818 -0.35014944]
    Weight (w): [-0.13886704  1.18291382 -0.13975976 -0.0308576   0.1716063  -0.12979921
  0.16979398 -0.05229353 -0.2802656  -0.25356394 -0.05162203 -0.27749963
 -0.31883194 -0.156424    0.40601369 -0.03905581 -0.13998572 -0.10662993
  0.04660216 -0.12096251  0.05525091 -0.12235023  0.0706619  -0.20342238
  0.13952344 -0.46917985 -0.87262068 -0.12361898 -0.23745205 -0.32036707
 -0.13135071 -0.66522871 -0.19142581 -0.48250091 -0.49347254 -0.17659476
 -0.30896058 -0.03816854 -0.30452489 -0.31234299 -0.51342249 -0.40343239
 -0.35894852 -0.85840366 -0.2267226  -0.35417048 -0.04341723 -0.04880507
 -0.21128997 -0.25058996 -0.34347465  0.36687353 -0.03384335 -0.31372025
 -0.35336214 -0.1321925  -0.23795756]
    Xi: 0.259055
    Gamma: 1.000000
    QP Objective: 2.8768686218856865

  Function 99:
    Center: [-0.34243371 -0.16507191  0.15740031 -0.04689958  0.62128483 -0.35026618
 -0.29179389 -0.26256156 -0.32330236 -0.37136439 -0.29685953 -0.21088764
  0.2859453  -0.17492717 -0.19011441  0.13461507 -0.32113541 -0.34787592
 -0.21523246 -0.16789311 -0.37458872 -0.11817151 -0.2902092  -0.21299439
 -0.11339643  1.1440561  -0.22789481 -0.23183016 -0.16673145 -0.22523952
 -0.16053931 -0.14321202 -0.17492026 -0.14521515 -0.19806739 -0.24213022
  0.52679345 -0.05983624 -0.18091134 -0.18530385 -0.12090468 -0.17259996
  0.59834153 -0.12734332 -0.11983627 -0.19738748 -0.0713879  -0.11154623
 -0.04754529 -0.51430655 -0.15519768 -0.26247587 -0.30835494 -0.1030484
 -0.06352881 -0.00601831 -0.02191931]
    Weight (w): [-2.09956425e-02 -1.38495647e-02 -1.18156832e-02  7.04179724e-03
  4.46790107e-03 -1.88980621e-02  5.31176595e-03 -2.28008562e-02
 -1.31924392e-02 -2.37955747e-02 -1.74517042e-02 -3.14799394e-02
 -1.79923877e-02 -9.19203177e-03  6.76347066e-02  1.46550379e-02
 -1.81806308e-02 -1.59025691e-02 -1.09460032e-02  5.22399740e-03
 -2.37949606e-03 -1.53369131e-02 -1.19009473e-03 -2.50438263e-02
  3.10639152e+00 -1.71593646e+00 -3.10787911e-01 -2.35467480e-02
 -9.73059289e-02  3.93846637e-02 -8.79236966e-02 -9.87365924e-02
 -6.42421576e-02 -3.38221429e-02 -4.25541355e-02 -2.61663317e-02
 -1.91292412e-02  5.80709377e-02 -4.12828712e-02 -2.53783018e-02
 -5.20314070e-01 -3.78903545e-02 -4.72855876e-02 -1.07521411e-01
 -5.30141171e-02  1.10789198e-02 -3.42148086e-02  7.56943260e-03
  3.00879411e-02 -2.44120942e-02 -4.48246752e-02 -1.22480404e-02
 -8.80027190e-03 -1.68236403e-02 -2.38964988e-02 -3.13647530e-02
  3.35040633e-02]
    Xi: 0.020943
    Gamma: 1.000000
    QP Objective: 2.2554003565835563

  Function 100:
    Center: [-0.34243371 -0.16507191 -0.55676058 -0.04689958 -0.4643144  -0.35026618
 -0.29179389 -0.26256156 -0.32330236 -0.37136439 -0.29685953 -0.62871259
 -0.31205521 -0.17492717 -0.19011441 -0.3013776  -0.32113541 -0.34787592
 -0.93624235 -0.16789311 -0.67441898 -0.11817151 -0.2902092  -0.21299439
 -0.32881467 -0.29923993 -0.2011642  -0.23183016  0.15353171 -0.22523952
 -0.16053931 -0.14321202 -0.01300514 -0.14521515 -0.19806739 -0.24213022
 -0.32345561 -0.05983624 -0.18091134  0.07192871 -0.12090468 -0.17259996
 -0.20599311 -0.12734332 -0.29777621 -0.19738748 -0.0713879  -0.11154623
 -0.15845336 -0.34414163  2.96230924 -0.32991229 -0.30835494 -0.03083706
 -0.02453871 -0.12404563  1.84025058]
    Weight (w): [-0.15975254 -0.2053294  -0.14371193 -0.03235763 -0.15167169 -0.13044439
  0.12733766 -0.16531092 -0.08732735 -0.17562485 -0.16474131 -0.16471148
 -0.15849376 -0.17823084  0.26962395 -0.08828566 -0.08381227 -0.13743909
 -0.15659065 -0.03057477 -0.14656217  0.27582253  0.22414293 -0.15973175
 -0.36899457 -0.14769816 -1.10972319  0.07268267 -0.83086594 -0.16041246
  0.05993979 -0.2892303  -0.24859049 -0.16921174 -0.39032645 -0.21410015
 -0.15838428  0.04461167 -0.03703918 -0.25573138 -0.53838053  0.32032257
 -0.11110862 -0.28703161 -0.14662755 -0.15111445 -0.0455278   0.0222546
  0.38431976 -0.1014476  -0.14552379 -0.15650216  0.04048325 -0.10966672
 -0.33428728  0.42785574 -0.06505414]
    Xi: 0.157449
    Gamma: 1.000000
    QP Objective: 2.2503315394414485

  Function 101:
    Center: [-3.42433707e-01 -1.65071912e-01  1.03026361e+00 -4.68995838e-02
  3.13452140e+00 -3.50266176e-01 -2.91793886e-01 -2.62561558e-01
 -3.23302359e-01 -3.71364386e-01 -2.96859527e-01 -1.64462640e-01
 -3.12055206e-01 -1.74927167e-01 -1.90114405e-01 -3.01377603e-01
 -3.21135414e-01  4.05327974e-01  2.02665767e+00 -1.67893113e-01
  6.66488605e-01 -1.18171509e-01 -2.90209203e-01 -2.12994388e-01
 -8.94610728e-02  1.51790077e-01 -2.27894812e-01 -2.31830156e-01
 -1.66731450e-01 -2.25239518e-01 -1.60539307e-01 -1.43212021e-01
 -1.74920257e-01 -1.45215148e-01 -1.98067390e-01 -2.42130222e-01
 -3.23455613e-01 -5.98362369e-02 -1.80911344e-01 -1.85303849e-01
 -1.20904684e-01 -1.72599962e-01 -2.05993114e-01 -1.27343320e-01
  1.29379770e+00 -1.97387481e-01 -7.13879045e-02 -1.11546231e-01
 -1.58453362e-01 -5.14306549e-01 -1.55197675e-01  1.13924132e-03
 -3.08354941e-01 -1.03048405e-01 -8.92490407e-02 -8.81242733e-02
 -3.69942208e-01]
    Weight (w): [-0.10103038 -0.14552325  0.03815644 -0.03304608  0.02999544 -0.13637322
  0.00265732 -0.15905216 -0.12172939 -0.22404538 -0.1188707  -0.22669409
 -0.17130791 -0.21919722 -0.01089155  0.22327348  0.07481356 -0.03206875
  0.10152923  0.62521849  0.0393639  -0.20053113 -0.15282365 -0.19991545
 -0.42238159 -0.21649779 -0.9099784  -0.00982827 -0.13150036 -0.14772024
 -0.14066636 -0.71240805 -0.34703633 -0.24481069  0.04151611 -0.19328936
 -0.2106989   0.20274466 -0.34818094 -0.23539119 -0.54983544  0.06815152
 -0.05222018 -0.62691228 -0.27970265 -0.21351877 -0.04649647 -0.06501623
 -0.0492768  -0.20996409 -0.19438271 -0.14476623  0.06293051  0.04438915
 -0.32760091  0.23280442 -0.11504569]
    Xi: 0.172817
    Gamma: 1.000000
    QP Objective: 2.621338166805544

  Function 102:
    Center: [-0.34243371 -0.16507191  1.68491109 -0.04689958  0.08592082 -0.35026618
 -0.29179389 -0.26256156 -0.32330236 -0.37136439 -0.29685953 -0.62871259
 -0.31205521 -0.17492717 -0.19011441  0.14672597 -0.32113541  0.34883768
 -0.29972581 -0.16789311 -0.3662601  -0.11817151 -0.2902092  -0.21299439
 -0.32881467 -0.29923993 -0.22789481 -0.23183016 -0.16673145 -0.22523952
 -0.16053931 -0.14321202 -0.17492026 -0.14521515 -0.19806739 -0.24213022
 -0.32345561 -0.05983624 -0.18091134 -0.18530385 -0.12090468 -0.17259996
 -0.20599311 -0.12734332 -0.29777621 -0.19738748 -0.0713879  -0.11154623
 -0.15845336  0.02208286 -0.15519768  0.20467463 -0.30835494 -0.1030484
 -0.10715234  0.01450818 -0.22479522]
    Weight (w): [-0.31974681  1.07524868 -0.04386444  0.31426367  0.31220222 -0.20049145
  0.07692647 -0.24540734 -0.27090206 -0.24731328 -0.35854752 -0.27280519
 -0.22872984 -0.18730251  0.55011386  0.04652651 -0.2803016  -0.21587672
 -0.09426187  0.03967144 -0.07022503 -0.14996913 -0.06760555 -0.3650574
 -0.65168141 -0.09640484 -0.91647824 -0.24840864  0.7316519  -0.30401763
 -0.14167112 -0.65232302  0.20320032 -0.16972114 -0.53685305 -0.23648829
 -0.34098109  0.39284429 -0.32213411  0.01369212 -0.55376283 -0.26241575
  0.08709398 -0.8555754   0.82545153 -0.34755593 -0.04682859  0.05058533
 -0.50811669 -0.31396298 -0.06684272  0.11863131  0.0612467  -0.1056225
 -0.32742984 -0.41292571 -0.17162564]
    Xi: 0.315066
    Gamma: 1.000000
    QP Objective: 3.3268569761324107

  Function 103:
    Center: [-3.42433707e-01 -1.65071912e-01 -5.56760578e-01 -4.68995838e-02
 -4.64314403e-01 -3.50266176e-01 -2.91793886e-01 -2.62561558e-01
 -3.23302359e-01 -3.71364386e-01 -2.96859527e-01 -6.28712594e-01
 -3.12055206e-01 -1.74927167e-01 -1.90114405e-01  3.36822737e+00
 -3.21135414e-01  5.35764357e+00  7.70523251e-01 -1.67893113e-01
  1.84915244e+00 -1.18171509e-01 -2.90209203e-01 -2.12994388e-01
 -3.28814669e-01 -2.99239934e-01 -2.27894812e-01 -2.31830156e-01
 -1.66731450e-01 -2.25239518e-01 -1.60539307e-01 -1.43212021e-01
 -1.74920257e-01 -1.45215148e-01 -1.98067390e-01 -2.42130222e-01
 -3.23455613e-01 -5.98362369e-02 -1.80911344e-01 -1.85303849e-01
 -1.20904684e-01 -1.72599962e-01 -2.05993114e-01 -1.27343320e-01
 -2.97776209e-01 -1.97387481e-01 -7.13879045e-02 -1.11546231e-01
 -1.58453362e-01 -5.14306549e-01 -1.55197675e-01 -3.29912295e-01
 -3.08354941e-01 -1.03048405e-01 -1.21399183e-03  1.45081829e-02
 -3.56747027e-01]
    Weight (w): [-0.21486889  0.91593045 -0.13728277 -0.03352157  0.10815156 -0.18880903
  0.18814312 -0.05863474 -0.17367164 -0.1929099  -0.1690681  -0.27650177
 -0.12933322 -0.20511786  0.06324536  0.10892578 -0.08491345 -0.05835577
  0.0972543  -0.09592028  0.05857654 -0.14029379 -0.1079735  -0.19816959
 -0.50648403  0.18000627 -0.3809634  -0.14516579 -0.12742149 -0.25229067
 -0.14269034 -0.72265852 -0.33761815 -0.32608769 -0.42834649 -0.14487833
 -0.24974564 -0.11437699 -0.31894328 -0.1530288  -0.55774674 -0.43388947
 -0.24230739 -0.3835876  -0.25192622 -0.19652348 -0.04716549 -0.17174414
 -0.20385456 -0.21053486 -0.07799876  0.02995831  0.3038498  -0.21666608
 -0.12920251 -0.2243876  -0.18479818]
    Xi: 0.184282
    Gamma: 1.000000
    QP Objective: 2.6046085537518913

  Function 104:
    Center: [-0.34243371 -0.16507191 -0.55676058 -0.04689958 -0.4643144  -0.35026618
 -0.29179389 -0.26256156 -0.32330236 -0.37136439 -0.29685953 -0.62871259
 -0.31205521 -0.17492717 -0.19011441 -0.3013776  -0.32113541 -0.34787592
  1.74501318 -0.16789311 -0.67441898 -0.11817151 -0.2902092  -0.21299439
 -0.32881467 -0.29923993 -0.22789481 -0.23183016 -0.16673145 -0.22523952
 -0.16053931 -0.14321202 -0.17492026 -0.14521515 -0.19806739 -0.24213022
 -0.32345561 -0.05983624 -0.18091134 -0.18530385 -0.12090468 -0.17259996
 -0.20599311 -0.12734332 -0.29777621 -0.19738748 -0.0713879  -0.11154623
 -0.15845336 -0.51430655 -0.15519768 -0.32991229 -0.30835494 -0.1030484
  1.41235845  0.24029959 -0.30231691]
    Weight (w): [-0.33908822 -0.24792133 -0.37443294  0.02876519 -0.32512615 -0.29566829
 -0.08587442 -0.35358838 -0.3644128  -0.3285574  -0.3722662  -0.45288001
 -0.35438126 -0.33726695 -0.33470847 -0.25749254 -0.34404281 -0.36407948
  0.23838642 -0.11697167 -0.25074826  0.09386708 -0.33755371 -0.35933484
 -0.68278527 -0.3490777  -0.92976054 -0.24971244 -0.13435907 -0.37749829
 -0.14372433 -0.72789518 -0.1637684  -0.52795118 -0.37485308 -0.33778554
 -0.37539158 -0.13137799 -0.40603631 -0.43961634 -0.56178838  0.06411486
 -0.41642942 -0.91816025 -0.37205842 -0.44309085 -0.04750727 -0.19022451
 -0.36876553 -0.39446835 -0.39219797 -0.20969828 -0.18755419  0.25407242
 -0.83559308  1.09243621 -0.31289329]
    Xi: 0.379408
    Gamma: 1.000000
    QP Objective: 2.480516285048642

  Function 105:
    Center: [-0.34243371 -0.16507191 -0.55676058 -0.04689958 -0.4643144  -0.35026618
 -0.29179389 -0.26256156 -0.32330236 -0.37136439 -0.29685953 -0.62871259
 -0.31205521 -0.17492717 -0.19011441  1.81803121 -0.32113541  2.94739111
  2.02665767 -0.16789311  0.78308927 -0.11817151 -0.2902092  -0.21299439
 -0.32881467 -0.29923993 -0.22789481 -0.23183016 -0.16673145 -0.22523952
 -0.16053931 -0.14321202 -0.17492026 -0.14521515 -0.19806739 -0.24213022
 -0.32345561 -0.05983624 -0.18091134 -0.18530385 -0.12090468 -0.17259996
 -0.20599311 -0.12734332 -0.29777621 -0.19738748 -0.0713879  -0.11154623
 -0.15845336 -0.51430655 -0.15519768 -0.0380965  -0.30835494 -0.1030484
 -0.02573647  0.01450818 -0.35179883]
    Weight (w): [-0.17736425  1.32467491 -0.06932294 -0.03401094  0.16990033 -0.21560894
  0.40885157  0.01921861 -0.24766528 -0.27868217 -0.13334892 -0.21676343
 -0.2686989  -0.21617928 -0.09102568 -0.04766909 -0.0951614  -0.1117897
  0.08698697 -0.11368835  0.08555461 -0.14780196 -0.02369063 -0.17456385
 -0.5413963   0.10408728 -0.61799115 -0.24131098 -0.13533979 -0.32509192
 -0.14477341 -0.73320828 -0.37828557 -0.40594585 -0.54860896 -0.11565978
 -0.30040716 -0.13233696 -0.50408482 -0.08747782 -0.56588903 -0.64259493
 -0.20337387 -0.40900393 -0.17951559 -0.30920059 -0.04785404 -0.19127125
 -0.18462662 -0.21365558  0.04274309 -0.00831665  0.07185833 -0.25818988
 -0.2598428  -0.24229991 -0.22514609]
    Xi: 0.216008
    Gamma: 1.000000
    QP Objective: 2.9884965619721906

  Function 106:
    Center: [-0.34243371  0.09840515 -0.55676058 -0.04689958  0.54692871 -0.35026618
  1.44556447 -0.26256156 -0.32330236  0.15602469  1.39029481 -0.62871259
 -0.31205521 -0.17492717 -0.19011441  0.11039325 -0.32113541  2.21301732
  0.99020595 -0.16789311  1.59929388 -0.11817151 -0.2902092  -0.21299439
 -0.12536411  0.08413558 -0.22789481 -0.23183016 -0.16673145 -0.22523952
 -0.16053931 -0.14321202  0.43675909 -0.14521515 -0.19806739 -0.24213022
 -0.32345561 -0.05983624 -0.18091134 -0.18530385 -0.12090468 -0.17259996
 -0.20599311 -0.12734332 -0.29777621 -0.19738748 -0.0713879  -0.11154623
 -0.15845336 -0.51430655 -0.15519768 -0.27105869 -0.11311814 -0.1030484
 -0.11916141 -0.19075673 -0.3089145 ]
    Weight (w): [-0.17981642 -0.01945828 -0.12016828  0.26085141  0.04522098  0.02138306
  0.08483658  0.06540389 -0.12463334 -0.10851826  0.01206323 -0.06658665
 -0.15381344 -0.12894445 -0.01319113  0.01597666 -0.06771757  0.07333321
  0.04959534 -0.01000806  0.08524788 -0.07193324 -0.13212615 -0.18606414
 -0.37523905 -0.15166324 -0.93577777 -0.24854566 -0.13633494 -0.1969681
 -0.01347468 -0.60815084 -0.76551931 -0.18167     0.05529063 -0.20253585
 -0.1382992   0.83099196 -0.26353604 -0.18183664 -0.57004997 -0.15069075
 -0.02181189 -0.20620405 -0.09601459 -0.10094648 -0.0482059  -0.19302193
  0.08411767 -0.05194391 -0.25745461 -0.19429869 -0.12606631  0.25166862
 -0.1164159   0.35295535 -0.17753105]
    Xi: 0.168897
    Gamma: 1.000000
    QP Objective: 2.747456623489553

  Function 107:
    Center: [ 0.47636761 -0.16507191  0.43512954 -0.04689958 -0.09253385 -0.35026618
 -0.29179389 -0.26256156 -0.32330236 -0.37136439 -0.29685953 -0.04840015
 -0.31205521 -0.17492717 -0.19011441 -0.3013776  -0.32113541  1.06438138
  2.60121243 -0.16789311 -0.04977259 -0.11817151 -0.2902092  -0.21299439
 -0.32881467 -0.29923993 -0.22789481 -0.23183016 -0.16673145 -0.22523952
 -0.16053931 -0.14321202 -0.17492026 -0.14521515 -0.19806739 -0.24213022
 -0.32345561 -0.05983624 -0.18091134 -0.18530385 -0.12090468 -0.17259996
 -0.20599311 -0.12734332  0.1965014   0.07703019 -0.0713879  -0.11154623
  0.03871654 -0.51430655 -0.15519768 -0.32991229 -0.30835494 -0.1030484
 -0.13211609 -0.26259945 -0.39798197]
    Weight (w): [-1.24281298e-01 -1.57583811e-01 -1.08848141e-01 -3.50338129e-02
  8.84410208e-02 -2.24882838e-01 -7.81118138e-02 -1.62305502e-01
 -2.53378457e-01 -2.47808070e-01 -9.08020104e-02 -2.40694646e-01
 -2.99563852e-01  2.35843208e-02 -7.15761522e-02 -1.18854751e-01
 -7.65024408e-02 -6.06900889e-02  1.03726915e-01 -5.44331438e-02
 -2.69541355e-02 -2.02194132e-01 -2.68705535e-01 -8.37482116e-02
 -7.30259143e-01 -1.41478712e-01 -9.63597371e-01 -2.14414710e-02
 -1.08724045e-01 -2.84471588e-01 -1.49127496e-01 -7.55259657e-01
 -2.71414854e-02 -4.36721384e-01 -1.42431225e-01  2.72101381e-01
 -3.10360312e-01 -8.51981282e-02 -2.91341471e-01 -2.23173904e-01
 -5.51681016e-01  5.43849126e-01 -1.25378006e-01 -8.42418761e-01
 -3.65425935e-01 -7.73236469e-01  2.78972178e-09 -1.97375806e-01
 -3.71141438e-01 -2.46089525e-01  4.65721282e-01  4.61510350e-02
  1.10054264e-01 -2.72865072e-01 -6.44534217e-01  9.97944086e-01
 -8.84587878e-02]
    Xi: 0.217536
    Gamma: 1.000000
    QP Objective: 2.779437946081165

  Function 108:
    Center: [ 0.14884708 -0.08757866 -0.55676058 -0.04689958 -0.01817773  0.19759032
 -0.29179389  0.48551613 -0.32330236 -0.37136439 -0.29685953  0.06766234
 -0.31205521 -0.17492717 -0.19011441 -0.3013776  -0.32113541 -0.34787592
  0.22413294 -0.16789311  0.03351359 -0.11817151 -0.14745336 -0.21299439
 -0.20913787 -0.29923993 -0.22789481 -0.23183016 -0.16673145 -0.22523952
 -0.16053931 -0.14321202  0.27484397 -0.14521515  0.08378046 -0.24213022
  0.50317542 -0.05983624 -0.18091134 -0.18530385 -0.12090468 -0.17259996
 -0.20599311 -0.04694557 -0.29777621 -0.19738748 -0.0713879  -0.11154623
  0.14140919  0.35131498 -0.15519768 -0.24040577 -0.30835494 -0.1030484
 -0.0941031  -0.01628155  1.22502527]
    Weight (w): [-0.1376114  -0.02315824 -0.05824403  0.43528375  0.12663275 -0.06748966
  0.10984189 -0.01382325  0.02210964 -0.15242744  0.00739294 -0.18566898
 -0.15739262 -0.12339751 -0.16032059 -0.03586477  0.15089048 -0.0673321
 -0.03825787 -0.14907841 -0.03472076 -0.12200904  0.24559957  0.03233403
 -0.82278019  0.40713476 -0.97089735 -0.156402   -0.14046629 -0.16891689
 -0.06529398 -0.33014387 -0.2246663   0.65700279 -0.69924721 -0.02541695
 -0.14599939  0.11741335 -0.04345927 -0.18485286 -0.55586042  0.08425486
  0.10832935 -0.51928537 -0.21136365 -0.20772894  0.22600401  0.04477269
  0.20039509 -0.11453888 -0.03245415 -0.1422618   0.27167162  0.11694111
 -0.26087984  0.17695139 -0.09089319]
    Xi: 0.139420
    Gamma: 1.000000
    QP Objective: 2.518513437913482

  Function 109:
    Center: [-0.34243371 -0.16507191 -0.55676058 -0.04689958 -0.4643144  -0.35026618
 -0.29179389 -0.26256156 -0.32330236  6.36060206 -0.29685953  1.88984341
 -0.31205521 -0.17492717 -0.19011441 -0.3013776  -0.32113541 -0.34787592
 -0.93624235 -0.16789311 -0.67441898 -0.11817151 -0.2902092  -0.21299439
 -0.32881467 -0.29923993 -0.22789481 -0.23183016 -0.16673145 -0.22523952
 -0.16053931 -0.14321202 -0.17492026 -0.14521515 -0.19806739 -0.24213022
 -0.32345561 -0.05983624 -0.18091134 -0.18530385 -0.12090468 -0.17259996
 -0.20599311 -0.12734332 -0.29777621 -0.19738748 -0.0713879  -0.11154623
 -0.15845336 -0.51430655 -0.15519768 -0.32991229 -0.30835494 -0.1030484
 -0.13211609 -0.26259945 -0.45571088]
    Weight (w): [-1.75066255e-01  1.07269967e-01 -1.40649157e-01 -3.58422947e-02
 -1.00622125e-01 -1.83227485e-01 -3.42789970e-02 -1.48129267e-01
 -1.52712548e-01 -2.22947654e-02 -1.46108731e-01 -9.61701845e-02
 -2.07908704e-01 -1.56476874e-01  6.63022260e-02 -1.26429265e-01
 -6.13872565e-02 -2.25094235e-01  1.75264451e-02 -1.37832657e-01
 -9.94480351e-02 -1.52257730e-01 -1.24446171e-01 -1.69862657e-01
 -5.00071906e-01 -1.05429939e-01 -9.48838611e-01 -4.63984472e-03
 -6.39505872e-02 -1.99801722e-01 -1.48826891e-01 -7.56296813e-01
 -2.26576399e-02 -1.75202911e-01 -3.45471656e-01 -1.35069653e-01
 -1.94908379e-01  1.24396283e-01 -1.84036158e-01 -2.45079940e-01
 -5.64412117e-01 -4.56984142e-01 -2.67781875e-01 -1.61102981e-01
 -3.47610425e-01 -1.19894971e-01  1.88699609e-09 -1.61524872e-01
  9.14561877e-01 -1.64534136e-01 -3.64008509e-01 -2.16087500e-01
  8.62950960e-02 -1.87269622e-01 -2.76955188e-01  1.23893476e-01
 -1.82837591e-01]
    Xi: 0.174569
    Gamma: 1.000000
    QP Objective: 2.3870807677786554

  Function 110:
    Center: [-0.34243371 -0.16507191 -0.55676058 -0.04689958 -0.4643144  -0.35026618
 -0.29179389 -0.26256156 -0.32330236 -0.37136439 -0.29685953 -0.62871259
 -0.31205521 -0.17492717 -0.19011441  0.40105503 -0.32113541 -0.34787592
 -0.93624235 -0.16789311 -0.67441898 -0.11817151 -0.2902092  -0.21299439
 -0.32881467 -0.29923993  0.20573517  0.30668529 -0.16673145  1.04493011
 -0.16053931 -0.14321202 -0.17492026 -0.14521515 -0.19806739 -0.24213022
  1.0463901  -0.05983624 -0.18091134 -0.18530385 -0.12090468 -0.17259996
 -0.20599311 -0.12734332 -0.29777621 -0.19738748 -0.0713879  -0.11154623
 -0.15845336 -0.44772028 -0.15519768 -0.32991229 -0.30835494 -0.1030484
  7.74785606  7.36812367  2.01673612]
    Weight (w): [-5.16871546e-02  7.32936166e-02 -7.75758605e-02 -1.88590799e-02
 -1.22162464e-02 -5.40217002e-02  3.21197135e-03 -5.98850015e-02
  4.42988789e-02 -6.11122122e-02 -2.25851588e-03 -8.09356236e-02
 -7.33936336e-02 -6.54286033e-02 -3.63019898e-02 -1.07992145e-02
 -6.73040615e-02 -7.25806690e-02 -5.32736398e-02  3.54622061e-01
 -6.06368303e-02  2.63550781e-01 -4.63665924e-02 -6.97291392e-02
 -7.46480119e-02 -5.38726842e-02 -1.72657476e+00 -6.10022872e-02
  1.20937234e-02 -4.26464050e-02 -1.34177099e-01 -3.93508255e-01
 -7.77854675e-02 -3.71610387e-03 -2.57206651e-01 -7.23537256e-02
 -3.88957000e-02  3.33508873e-01 -8.51968464e-03 -7.96230276e-02
 -5.73231056e-01 -3.13897060e-01 -7.97930733e-02 -1.24153316e-01
 -9.28064229e-02 -2.60661415e-02  4.76413076e-10  3.54118929e-02
 -2.56829114e-02 -6.88741572e-02 -2.91134747e-03 -6.81983411e-02
 -2.71393043e-02  1.18292818e-01 -6.26454342e-02  1.03927900e-01
 -4.58198285e-03]
    Xi: 0.064716
    Gamma: 1.000000
    QP Objective: 2.160044606116793

  Function 111:
    Center: [ 0.08334298 -0.16507191 -0.29886915 -0.04689958 -0.0627914   0.63587552
 -0.29179389 -0.26256156 -0.32330236 -0.37136439 -0.29685953 -0.15285639
  0.58494556 -0.17492717 -0.19011441 -0.3013776  -0.32113541 -0.34787592
 -0.23213113 -0.16789311 -0.44954628 -0.11817151 -0.2902092  -0.21299439
 -0.32881467 -0.29923993 -0.22789481 -0.23183016 -0.16673145 -0.22523952
 -0.16053931 -0.14321202 -0.17492026 -0.14521515 -0.19806739 -0.24213022
 -0.32345561 -0.05983624  0.11819721 -0.18530385 -0.12090468 -0.17259996
 -0.20599311 -0.12734332 -0.0308663  -0.05469029 -0.0713879  -0.11154623
 -0.15845336  0.57326922 -0.15519768  0.30031174 -0.30835494 -0.1030484
 -0.11922445 -0.18049348 -0.18356028]
    Weight (w): [-2.43788193e-01 -3.42327716e-01 -1.31890488e-01 -3.66889684e-02
  7.19800182e-02 -4.52037550e-02  3.43576363e-01 -1.94875041e-01
 -2.10928421e-01 -2.51286506e-01 -1.33785694e-01 -3.31740277e-01
 -1.20775562e-01 -2.43265782e-01 -3.89727744e-02  2.54872785e-02
  3.13735545e-02 -2.29163582e-01 -7.36767593e-02 -6.83807229e-02
 -1.49717775e-01  2.97045035e-01 -1.06974306e-01 -1.41302618e-02
 -7.56020104e-01 -4.58737863e-01 -8.38401191e-01  8.31221672e-02
 -5.86932535e-02  2.35096739e-10 -1.56172890e-01 -7.90941216e-01
 -2.11036298e-01  8.56177378e-01  3.65194938e-01  1.48552994e-02
 -3.00364104e-01 -8.92232431e-02 -5.91929931e-01 -2.14208102e-01
 -5.77744687e-01  6.05153134e-01 -2.30508728e-01 -6.40548869e-01
 -4.69778881e-01 -5.00527726e-01  1.59638109e-10 -2.06700649e-01
  1.19102057e-01 -1.87226011e-01 -2.52382110e-01 -9.78501146e-02
  7.67212106e-02  1.53121641e-01  5.97770832e-01  7.73149963e-01
  8.53175983e-02]
    Xi: 0.212043
    Gamma: 1.000000
    QP Objective: 2.6783897531766607

  Function 112:
    Center: [-0.34243371  0.1139038   0.15740031 -0.04689958 -0.4643144   0.96458942
 -0.29179389  1.55776083 -0.32330236  0.18704758  1.48953919  1.06579974
 -0.31205521 -0.17492717 -0.19011441  0.13461507 -0.32113541  4.472629
  0.71419435 -0.16789311 -0.37458872 -0.11817151 -0.2902092   1.43639727
 -0.32881467 -0.29923993 -0.22789481 -0.23183016 -0.16673145 -0.22523952
 -0.16053931 -0.14321202 -0.17492026 -0.14521515 -0.19806739 -0.24213022
 -0.32345561 -0.05983624 -0.18091134 -0.18530385 -0.12090468 -0.17259996
  1.40267616 -0.12734332 -0.29777621 -0.19738748 -0.0713879  -0.11154623
 -0.15845336 -0.51430655 -0.15519768 -0.32991229  0.19193936 -0.1030484
 -0.07367822  0.08121928 -0.20830124]
    Weight (w): [-7.41909930e-02  1.77685829e-01 -3.02871286e-02 -2.83646687e-02
  2.79055984e-02  3.25641353e-02  6.20724334e-04 -4.12040577e-02
 -3.98144538e-02 -6.11607610e-02 -7.81992303e-03 -1.16987084e-01
 -2.84224020e-02 -6.82445152e-02  7.35452845e-01  1.57743567e-01
 -1.23878388e-02 -4.32347553e-02  8.11455653e-02  2.12228254e-01
  8.57886992e-02 -2.79655922e-02  7.61807030e-02 -6.25153991e-02
 -5.00185046e-01 -1.60702688e-01 -8.51815610e-01 -7.98741451e-02
 -1.48332408e-01  1.63312171e-01 -1.58671632e-01 -6.02081863e-01
  9.81376862e-02 -1.21939006e-01 -3.01021896e-01  2.77930340e-01
 -1.07693106e-01 -4.55890534e-02 -2.93168387e-01 -1.72258294e-01
 -5.86988602e-01 -3.97674547e-02 -3.40925863e-01 -4.13038900e-01
 -1.77149200e-01  1.48904798e-01  8.46682048e-09 -1.18784696e-01
  4.68761250e-02 -7.82912947e-02  2.11303434e-01 -7.45314600e-02
  4.87788153e-02  5.13930360e-02  8.20365026e-01  5.92012380e-02
  4.63278033e-02]
    Xi: 0.069826
    Gamma: 1.000000
    QP Objective: 2.405248527401983

  Function 113:
    Center: [-0.34243371 -0.16507191  6.52533487 -0.04689958 -0.4643144  -0.35026618
 -0.29179389 -0.26256156 -0.32330236 -0.37136439 -0.29685953 -0.62871259
 -0.31205521 -0.17492717 -0.19011441 -0.3013776  -0.32113541 -0.34787592
 -0.93624235 -0.16789311 -0.67441898 -0.11817151 -0.2902092  -0.21299439
 -0.32881467 -0.29923993 -0.22789481 -0.23183016 -0.16673145 -0.22523952
 -0.16053931 -0.14321202 -0.17492026 -0.14521515 -0.19806739 -0.24213022
 -0.32345561 -0.05983624 -0.18091134 -0.18530385 -0.12090468 -0.17259996
 -0.20599311 -0.12734332 -0.29777621 -0.19738748 -0.0713879  -0.11154623
 -0.15845336  2.22312907 -0.15519768  0.57741414 -0.30835494 -0.1030484
 -0.0953639  -0.23180971 -0.42437233]
    Weight (w): [-2.00200896e-01 -2.42558077e-01  1.29155180e-02  3.60896656e-01
 -3.07813454e-03 -2.07052091e-01 -2.07628007e-04 -3.06837466e-02
 -1.75721909e-01 -1.78978412e-01 -2.24481976e-01 -2.00833279e-01
 -1.59401202e-01 -1.45150640e-01 -5.53330722e-02 -9.59427098e-03
 -7.90878231e-02 -1.35137130e-01 -1.22652742e-01 -1.82607017e-01
 -1.40364931e-01 -1.45148031e-01 -1.20077827e-01 -1.96199657e-01
 -5.24875777e-01 -4.69234818e-02 -7.72667710e-01 -5.13019794e-02
 -5.02106417e-02  1.29035232e-01 -1.42463222e-01 -8.68602647e-02
  1.90530957e-01  1.23627276e-01 -3.57047675e-01 -2.08920191e-01
 -2.13057859e-01  1.75682710e-01  3.60409434e-01 -1.18800982e-01
 -5.91722381e-01 -4.53231724e-01 -2.24015747e-01 -6.17240528e-01
 -1.71808027e-01 -2.27436589e-01  4.13649975e-10 -2.11701471e-01
  1.85426826e-01 -1.35310385e-01 -8.42770307e-02  1.08609435e-01
 -6.16209193e-02 -1.55020946e-01  1.06708094e+00  5.22672969e-01
 -1.84739228e-01]
    Xi: 0.180244
    Gamma: 1.000000
    QP Objective: 2.5508569772791225

  Function 114:
    Center: [-0.34243371 -0.16507191 -0.55676058 -0.04689958 -0.4643144  -0.35026618
 -0.29179389 -0.26256156 -0.32330236 -0.37136439 -0.29685953 -0.62871259
 -0.31205521 -0.17492717 -0.19011441  4.17965817 -0.32113541 -0.34787592
  1.14792687 -0.16789311 -0.67441898 -0.11817151 -0.2902092  -0.21299439
 -0.32881467 -0.29923993 -0.22789481 -0.23183016 -0.16673145 -0.22523952
 -0.16053931 -0.14321202 -0.17492026 -0.14521515 -0.19806739 -0.24213022
 -0.32345561 -0.05983624 -0.18091134 -0.18530385 -0.12090468 -0.17259996
 -0.20599311 -0.12734332 -0.29777621 -0.19738748 -0.0713879  -0.11154623
 -0.15845336 -0.51430655 -0.15519768 -0.32991229 -0.30835494 -0.1030484
 -0.12688379 -0.25746783 -0.45571088]
    Weight (w): [-2.75978397e-01 -1.43646168e-03 -2.25149027e-01 -3.81926150e-02
 -5.05044809e-02 -1.64899696e-01  3.78190614e-02 -1.21229719e-01
 -2.94648835e-01 -3.03081415e-01 -2.28909422e-01 -7.22746423e-02
 -2.99138459e-01 -2.27871748e-01 -4.25192122e-01  6.62441690e-02
 -1.74490051e-01 -2.24131848e-01 -1.81952104e-01 -2.24899118e-02
 -1.44668141e-03 -1.12006742e-01 -1.73465030e-01 -1.58581237e-01
 -6.62981234e-01 -2.12979205e-01 -8.72761896e-01  1.63946234e-01
 -1.51979929e-01  5.16558611e-11 -1.62573418e-01 -8.23356841e-01
  1.22604091e-01 -5.97193752e-01 -3.69636529e-01 -2.82689374e-01
 -3.67848182e-01 -9.28799337e-02 -2.02849369e-01 -3.66325307e-01
 -6.01422748e-01 -5.80581417e-01 -7.54570212e-02 -1.02288724e+00
 -3.21535480e-01 -6.73341481e-01  4.04588899e-11 -2.15171987e-01
 -3.53866160e-01 -4.59099651e-02 -4.81726064e-01  2.78821017e-01
  1.69316657e-01 -3.32319646e-01  1.89466197e+00 -4.96345061e-02
 -2.86928507e-01]
    Xi: 0.286115
    Gamma: 1.000000
    QP Objective: 3.064996828065621

  Function 115:
    Center: [-0.34243371  1.33054786  0.9707502  -0.04689958  0.68076971 -0.35026618
 -0.29179389  0.68500352 -0.32330236 -0.37136439  1.58878356 -0.62871259
  4.80417138 -0.17492717 -0.19011441  0.15883688  0.53470681  1.81758527
  1.45210291 -0.16789311  4.46433867 -0.11817151 -0.2902092  -0.21299439
 -0.32881467 -0.29923993 -0.11503221 -0.23183016 -0.16673145 -0.22523952
 -0.16053931 -0.14321202 -0.17492026 -0.14521515 -0.19806739 -0.24213022
 -0.32345561 -0.05983624 -0.18091134 -0.18530385 -0.12090468 -0.17259996
 -0.20599311 -0.12734332 -0.29777621 -0.19738748 -0.0713879  -0.11154623
 -0.15845336 -0.51430655 -0.15519768 -0.19626556 -0.30835494 -0.1030484
 -0.13076073 -0.24720458 -0.31056389]
    Weight (w): [ 7.01013442e-02 -2.60553679e-01 -2.00310659e-02 -3.88291218e-02
  8.10064304e-02 -1.20087694e-02  1.18184554e-02 -6.52265168e-02
 -5.95920642e-02 -6.88503467e-02  2.80571104e-03 -7.53270040e-02
 -3.03561891e-02 -9.77980426e-02  3.03226261e-01 -1.51285080e-02
 -3.18015292e-02  9.41570321e-03  1.19027648e-01 -2.70405699e-02
  8.16278064e-03 -1.03007346e-01 -2.41265844e-02 -6.53628457e-02
 -2.42473022e-01 -1.59546563e-02 -9.11826736e-01 -1.13582869e-01
  2.19603879e-01  3.62007012e-09 -5.66757344e-03 -8.78231315e-02
 -3.25766915e-01 -2.22324171e-01 -3.15311965e-01 -7.23393751e-02
 -1.27810029e-01 -6.93734371e-02 -2.93217031e-01  1.18914352e-01
 -6.11446460e-01 -7.28194915e-01 -2.94775902e-02 -2.31794970e-03
 -1.73611286e-01 -1.32893241e-01  3.79706149e-09 -2.18758185e-01
 -1.17711534e-01 -6.38513336e-02 -1.80057594e-01 -6.73490704e-02
  1.06481473e-01 -9.57683407e-02  3.40032873e-01  8.03781519e-01
 -9.01744214e-02]
    Xi: 0.080737
    Gamma: 1.000000
    QP Objective: 2.365197702016631

  Function 116:
    Center: [-0.34243371 -0.16507191  2.67680121 -0.04689958 -0.4643144  -0.35026618
 -0.29179389 -0.26256156 -0.32330236 -0.37136439 -0.29685953  1.26310597
 -0.31205521 -0.17492717 -0.19011441  1.67270032 -0.32113541 -0.34787592
 -0.01808132 -0.16789311  0.68314584 -0.11817151 -0.2902092  -0.21299439
 -0.32881467 -0.29923993 -0.22789481 -0.23183016 -0.16673145 -0.22523952
 -0.16053931 -0.14321202 -0.17492026 -0.14521515 -0.19806739 -0.24213022
 -0.32345561 -0.05983624 -0.18091134 -0.18530385 -0.12090468 -0.17259996
 -0.20599311 -0.12734332 -0.29777621 -0.19738748 -0.0713879  -0.11154623
 -0.15845336 -0.51430655 -0.15519768 -0.32991229 -0.30835494 -0.1030484
 -0.12641099 -0.2523362  -0.4458145 ]
    Weight (w): [-2.72410042e-01 -4.16705887e-01  7.64449810e-02  4.90591769e-02
 -2.82667287e-02 -4.09437605e-02  4.87309139e-02 -3.05408122e-01
 -2.79114451e-01 -1.82506934e-01 -2.05994964e-01 -9.09536330e-02
 -2.74909757e-01 -2.38331389e-01 -1.79596211e-01  4.29036915e-02
 -1.31703206e-01 -1.81250750e-01  9.55315304e-03  1.32209008e-01
  6.23909136e-02 -7.05286643e-02 -1.95904259e-01 -1.62824454e-01
 -5.46497375e-01 -2.79065082e-02 -8.32825775e-01 -2.08574860e-01
  2.60968437e-01  5.55771806e-11 -1.66671899e-01 -3.98793609e-01
 -2.56009907e-02 -4.19954980e-01 -3.78955094e-01 -4.51151809e-02
 -3.26233913e-01 -9.52214445e-02 -2.41049078e-01 -2.98588139e-01
 -6.16584666e-01  2.32835461e-01 -4.94469075e-02 -3.36747414e-01
 -4.75326509e-02 -3.56010201e-01  7.93866443e-11  1.31176686e-01
 -3.12179508e-01 -2.81532723e-01 -3.09734240e-01  8.24257219e-02
  3.09161984e-01 -2.99122934e-01  3.55934826e-01  8.26655048e-01
 -2.47154960e-01]
    Xi: 0.250968
    Gamma: 1.000000
    QP Objective: 2.737915394144515

  Function 117:
    Center: [-0.34243371 -0.16507191  1.14929043 -0.04689958 -0.4643144  -0.35026618
 -0.29179389 -0.26256156 -0.32330236 -0.37136439  3.97064851  0.36942481
 -0.31205521 -0.17492717 -0.19011441 -0.3013776  -0.32113541  1.27151245
  2.97861605 -0.16789311  2.94020147 -0.11817151 -0.2902092  -0.21299439
 -0.32881467 -0.29923993  0.02753107 -0.23183016 -0.16673145 -0.22523952
 -0.16053931 -0.14321202 -0.17492026 -0.14521515 -0.19806739 -0.24213022
 -0.32345561 -0.05983624 -0.18091134 -0.18530385 -0.12090468 -0.17259996
 -0.20599311 -0.12734332 -0.29777621 -0.19738748 -0.0713879  -0.11154623
 -0.15845336 -0.51430655 -0.15519768 -0.32991229 -0.30835494 -0.1030484
 -0.13063465 -0.25746783 -0.43096992]
    Weight (w): [-1.58263727e-01 -1.85182331e-02  5.97955566e-02 -3.94872735e-02
 -8.28784838e-02 -1.21564717e-01 -6.81258584e-02 -7.67042330e-02
 -1.40602185e-01 -1.65156568e-01  7.68432928e-02 -4.91594874e-02
 -1.30062794e-01 -1.46994824e-01 -9.25252223e-02  5.44674767e-02
 -1.54954841e-01  3.47172780e-02  1.49818763e-01 -7.02154460e-02
  9.62031891e-02 -2.04947434e-01 -1.31243954e-01 -1.74314320e-01
 -4.44051519e-01  1.71372503e-01 -2.48076630e+00 -1.87439871e-01
 -1.28474256e-01  2.26838526e-09 -1.68084380e-01 -3.60868999e-01
 -2.16533590e-01 -1.91478561e-01  3.78699463e-02 -1.53725150e-01
 -2.18379961e-01 -9.60283979e-02 -2.72273736e-01 -1.69153264e-01
 -6.21809960e-01  4.40354944e-02 -3.13352139e-02 -3.90077597e-01
 -2.35008771e-01 -2.33572993e-01  2.84929673e-09 -1.58612003e-01
 -1.14083917e-01 -1.98373632e-01 -1.32259739e-01 -1.92531844e-01
 -2.33001225e-02 -1.84152459e-01  3.31833444e-01  3.06958954e-01
 -1.81588503e-01]
    Xi: 0.178417
    Gamma: 1.000000
    QP Objective: 2.3934288116854936

  Function 118:
    Center: [-0.34243371 -0.16507191  0.29626492 -0.04689958 -0.4643144  -0.35026618
 -0.29179389 -0.26256156 -0.32330236 -0.37136439 -0.29685953  3.94414946
 -0.31205521 -0.17492717 -0.19011441 -0.3013776  -0.32113541 -0.34787592
  0.54520766 -0.16789311  0.41663005 -0.11817151 -0.2902092  -0.21299439
 -0.32881467 -0.29923993 -0.22789481 -0.23183016 -0.16673145 -0.22523952
 -0.16053931 -0.14321202 -0.17492026 -0.14521515 -0.19806739 -0.24213022
 -0.32345561 -0.05983624 -0.18091134 -0.18530385 -0.12090468 -0.17259996
 -0.20599311 -0.12734332 -0.29777621 -0.19738748 -0.0713879  -0.11154623
 -0.15845336 -0.51430655 -0.15519768 -0.32991229 -0.30835494 -0.1030484
 -0.12221884 -0.24207296 -0.39138438]
    Weight (w): [-1.89776510e-01 -8.17642446e-02  1.05110317e-01 -3.98247759e-02
 -8.68916067e-02 -5.67643388e-02 -1.10549330e-01 -2.32480039e-01
 -1.54909714e-01 -2.18550306e-01 -1.35791379e-01 -1.51435015e-01
 -2.58176400e-01 -2.69186313e-01 -2.23784688e-01  1.53177716e-02
 -8.01130336e-02 -1.96722113e-01  1.62017406e-01  8.71062397e-02
 -2.30056383e-02 -2.41665932e-01 -6.37626914e-02 -1.60347678e-01
 -5.11128229e-01 -4.37788667e-01 -7.43945810e-01 -2.31348062e-01
 -1.33798304e-01  1.45615273e-01 -1.69521000e-01 -8.58543030e-01
 -2.73971560e-01 -2.21066490e-01 -3.85432959e-01 -1.42687873e-01
 -2.69270517e-01 -3.04944462e-02 -2.42254529e-01 -4.33968277e-01
 -6.27124575e-01 -6.87995146e-01 -1.08139319e-01 -5.27873096e-01
 -4.07310811e-01 -2.57526586e-01  4.15852042e-09  8.64377357e-03
  3.78101091e-01 -2.36574472e-01  1.09738638e-01 -2.68451524e-01
 -1.77660032e-01  9.49833112e-01  4.53513168e-01  5.56746100e-01
 -2.32412010e-01]
    Xi: 0.220332
    Gamma: 1.000000
    QP Objective: 2.451607171277223

  Function 119:
    Center: [-0.34243371 -0.16507191 -0.55676058 -0.04689958 -0.4643144  -0.35026618
 -0.29179389 -0.26256156 -0.32330236 -0.37136439 -0.29685953  0.54351854
 -0.31205521 -0.17492717 -0.19011441  0.92182405 -0.32113541 -0.34787592
  0.20160138 -0.16789311 -0.67441898 -0.11817151 -0.2902092  -0.21299439
 -0.32881467 -0.29923993 -0.22789481 -0.23183016 -0.16673145 -0.22523952
 -0.16053931 -0.14321202 -0.17492026 -0.14521515 -0.19806739 -0.24213022
 -0.32345561 -0.05983624 -0.18091134 -0.18530385 -0.12090468 -0.17259996
 -0.20599311 -0.12734332 -0.29777621 -0.19738748 -0.0713879  -0.11154623
 -0.15845336 -0.51430655 -0.15519768  0.0710279  -0.30835494 -0.1030484
 -0.12382636 -0.23694133 -0.42767112]
    Weight (w): [-1.82952442e-01 -2.77042257e-01 -9.30401841e-02 -4.16026700e-02
 -1.09872687e-01 -2.38468779e-01 -1.51855607e-01 -4.13352913e-01
 -4.69369120e-01 -2.80971988e-01 -1.72300746e-01 -2.42148843e-01
 -3.34763528e-01 -4.15564045e-01 -2.57773403e-01  1.30421095e-01
 -2.46661330e-01 -3.08797276e-01 -1.29561496e-01 -1.67556580e-01
 -2.43149176e-03 -1.29889445e-01 -2.90134366e-01 -1.59120209e-01
 -7.59151118e-01 -3.68383887e-01 -6.11090798e-01  1.26406357e-01
 -1.65549565e-01  1.35085310e-11 -1.77088902e-01 -4.75613327e-01
 -1.41780155e-01 -6.50514623e-01 -2.15298831e-01 -5.14093450e-02
 -4.60160152e-01 -1.01172785e-01 -3.37848269e-01 -4.02297425e-01
 -6.55121207e-01 -6.45089863e-02 -2.12322627e-01 -8.43988660e-01
 -3.27731427e-01 -6.72041467e-01  1.54551832e-11 -2.34383771e-01
  1.44346080e-01 -3.57526841e-01 -3.53937779e-01 -1.55968489e-01
 -1.72732021e-01 -2.11782734e-01  1.72291912e+00  8.19077509e-01
 -3.96180406e-01]
    Xi: 0.386263
    Gamma: 1.000000
    QP Objective: 2.9835501363139167

  Function 120:
    Center: [-0.34243371 -0.16507191  0.57399416 -0.04689958  0.79973949 -0.35026618
 -0.29179389 -0.26256156  0.68177477 -0.37136439  2.5316051  -0.30373763
 -0.31205521 -0.17492717 -0.19011441  0.72804953 -0.32113541  0.72543963
 -0.136372   -0.16789311  0.03351359 -0.11817151 -0.2902092  -0.21299439
 -0.32881467 -0.29923993 -0.22789481 -0.23183016 -0.16673145 -0.22523952
 -0.16053931 -0.14321202 -0.17492026 -0.14521515 -0.19806739 -0.24213022
 -0.32345561 -0.05983624 -0.18091134 -0.18530385 -0.12090468 -0.17259996
 -0.20599311 -0.12734332 -0.29777621 -0.19738748 -0.0713879  -0.11154623
  0.17016314 -0.51430655 -0.15519768  0.01585264  0.67596393 -0.1030484
 -0.08609705 -0.13430888 -0.00872413]
    Weight (w): [-1.82508500e-01 -3.44689759e-03 -5.25598401e-03 -4.23590679e-02
  2.75098663e-02 -3.15292437e-02  2.28093237e-01 -1.82506765e-01
 -1.87135535e-01 -1.08415126e-01 -6.68185154e-02 -6.50227536e-02
 -1.92844529e-01 -1.54510056e-01  1.68882635e-01 -8.45572000e-02
  9.10393199e-02  4.55893104e-03  2.17392774e-02  4.33822986e-01
 -6.03138932e-02  2.01707946e-01  3.66545216e-01 -1.47052930e-01
 -4.17190291e-01  2.95307308e-01 -6.33912509e-01 -1.71104897e-01
 -1.68559547e-01  4.72932267e-09 -1.80308519e-01 -4.84260841e-01
 -5.06683775e-01 -2.76711587e-01  9.38347938e-02 -2.83746559e-01
 -2.09252604e-01  3.36884387e-01 -2.98228414e-01  2.85698928e-01
 -6.67032502e-01  3.64302866e-01  5.01953863e-01 -3.63005346e-01
 -2.82432448e-01 -3.66183730e-01  3.05828576e-09 -2.38645293e-01
 -4.85254833e-01 -1.32597968e-01 -4.07936989e-01 -1.27266821e-01
 -4.72410980e-02  8.51087498e-02  5.55552815e-01  9.46356419e-01
 -1.20577989e-01]
    Xi: 0.164894
    Gamma: 1.000000
    QP Objective: 2.828650913801748

  Function 121:
    Center: [-0.34243371 -0.16507191 -0.55676058 -0.04689958 -0.4643144  -0.35026618
 -0.29179389 -0.26256156 -0.32330236 -0.37136439 -0.29685953  1.40238096
 -0.31205521 -0.17492717 -0.19011441 -0.3013776  -0.32113541 -0.34787592
  0.54520766 -0.16789311  2.24059751 -0.11817151 -0.2902092  -0.21299439
 -0.32881467 -0.29923993 -0.22789481 -0.23183016 -0.16673145 -0.22523952
 -0.16053931 -0.14321202 -0.17492026 -0.14521515 -0.19806739 -0.24213022
 -0.32345561 -0.05983624 -0.18091134 -0.18530385 -0.12090468 -0.17259996
 -0.20599311 -0.12734332 -0.29777621 -0.19738748 -0.0713879  -0.11154623
 -0.15845336 -0.51430655 -0.15519768 -0.32991229 -0.30835494 -0.1030484
 -0.12470892 -0.24207296 -0.43261932]
    Weight (w): [-3.73569604e-01  4.55770899e-03 -2.63240337e-01 -4.27476974e-02
 -4.94059957e-02 -1.80151956e-01 -1.17637378e-01 -3.98157258e-01
 -2.80922787e-01 -2.81992511e-01 -1.77398718e-01 -1.94568227e-01
 -3.40278925e-01 -3.27799364e-01 -4.44873270e-01  3.19046938e-01
  1.06238829e-01 -4.12122810e-01  1.16021203e-01  4.09308015e-01
  3.21403033e-01 -2.59402887e-01 -3.30337012e-01 -3.73430439e-01
 -8.67202690e-01 -4.69786044e-01 -8.07913095e-01 -3.82924307e-01
 -1.70105975e-01  1.81685995e-10 -1.81962908e-01 -4.88703602e-01
 -1.12192157e-01 -4.93480387e-01 -4.13721620e-01 -2.19968162e-01
 -4.58334721e-01 -1.03957357e-01  6.69515859e-04 -4.96893220e-01
 -6.73152066e-01 -3.96191919e-01 -5.81616469e-02 -9.19597593e-01
 -6.79042563e-01 -5.08130840e-01  1.76678540e-10  1.71492239e-01
  4.04076671e-01 -3.86877807e-01  1.53742433e-01 -2.64083058e-01
  9.97399119e-02 -3.55853201e-01  1.18899042e+00  1.14100907e+00
 -3.97326652e-01]
    Xi: 0.382608
    Gamma: 1.000000
    QP Objective: 2.8440203974328964

  Function 122:
    Center: [ 2.24497844 -0.16507191  1.01042581 -0.04689958  0.71051216 -0.35026618
 -0.29179389 -0.26256156 -0.32330236 -0.37136439 -0.29685953  0.28818107
 -0.31205521 -0.17492717 -0.19011441 -0.3013776  -0.32113541 -0.34787592
 -0.49124406 -0.16789311 -0.67441898 -0.11817151 -0.2902092  -0.21299439
 -0.32881467 -0.29923993 -0.22789481 -0.23183016 -0.16673145 -0.22523952
 -0.16053931 -0.14321202 -0.17492026 -0.14521515 -0.19806739 -0.24213022
 -0.32345561 -0.05983624 -0.18091134 -0.18530385 -0.12090468 -0.17259996
 -0.20599311 -0.12734332 -0.29777621 -0.19738748 -0.0713879  -0.11154623
 -0.15845336 -0.51430655 -0.15519768 -0.32991229 -0.30835494  0.23937313
 -0.12688379 -0.24720458 -0.39798197]
    Weight (w): [-1.11939847e-01 -7.62235891e-01  2.83314031e-02  7.91858150e-01
  6.40940365e-02 -1.89351102e-01  6.94846619e-02 -1.91701672e-01
 -2.61585014e-01 -2.58108528e-01 -2.07949963e-01 -2.91247667e-02
 -2.02642819e-01 -2.84921155e-01 -3.27938033e-01  1.43521301e-02
  7.65069629e-02 -1.09258852e-01 -9.35218881e-02  3.55054154e-01
 -1.36856529e-01 -1.12772314e-01 -5.33772965e-02 -2.81202315e-01
 -7.94360075e-01 -1.01273621e-01 -8.01061711e-01  3.92170119e-01
 -1.78284147e-01  2.52419805e-01  9.04974070e-10 -5.12198965e-01
 -3.10966556e-01 -2.43790250e-01 -5.67590403e-02 -1.09255651e-01
 -2.82515353e-01 -1.08955297e-01 -1.88991817e-01 -3.39058192e-01
 -7.05515146e-01  7.68097051e-02  4.64792409e-01 -6.26322979e-01
 -6.07942255e-01 -7.09805564e-01  3.31951484e-09 -2.52413290e-01
 -2.08034769e-01 -2.70177712e-01 -3.22225401e-01 -1.39053095e-02
  4.56792042e-02 -2.97966137e-01  4.75889667e-01  1.15960687e+00
 -1.79723227e-01]
    Xi: 0.247352
    Gamma: 1.000000
    QP Objective: 2.6201948221616993

  Function 123:
    Center: [-0.34243371 -0.16507191 -0.55676058 -0.04689958 -0.4643144  -0.35026618
 -0.29179389 -0.26256156 -0.32330236 -0.37136439 -0.29685953  1.40238096
 -0.31205521 -0.17492717 -0.19011441 -0.3013776  -0.32113541 -0.34787592
  1.03526907 -0.16789311  2.24059751 -0.11817151 -0.2902092  -0.21299439
 -0.32881467 -0.29923993 -0.22789481 -0.23183016 -0.16673145 -0.22523952
 -0.16053931 -0.14321202 -0.17492026 -0.14521515 -0.19806739 -0.24213022
 -0.32345561 -0.05983624 -0.18091134 -0.18530385 -0.12090468 -0.17259996
 -0.20599311 -0.12734332  1.43219543 -0.19738748 -0.0713879  -0.11154623
  1.17655116 -0.51430655 -0.15519768 -0.32991229  2.33954416 -0.1030484
 -0.1281761  -0.2523362  -0.43756751]
    Weight (w): [-1.20606034e-01 -4.36693635e-03 -1.12714847e-01 -4.56813632e-02
 -1.51342913e-01 -1.24234368e-01 -1.88477427e-01 -1.21947946e-01
 -1.44247596e-01 -8.23192420e-02 -9.90205941e-02 -2.97494199e-02
 -1.95410542e-01 -1.68536787e-01 -1.25317697e-01  1.77763831e-02
 -4.46458946e-02 -1.76822972e-01  3.30483831e-02  3.69473559e-01
  1.02615591e-01 -2.28424961e-01 -1.39947650e-01 -1.32509041e-01
 -1.87849784e-01 -2.44751472e-01 -8.16768804e-01 -1.30098116e-01
 -1.81779915e-01  1.67423803e-11  2.93823987e-12 -5.22242084e-01
 -3.62110680e-01 -3.51973145e-01  6.43554220e-01 -1.97964008e-01
 -1.71723824e-01 -2.38514910e-02 -2.03841790e-01 -2.76704260e-01
 -7.19348777e-01 -3.54442429e-01 -2.87636560e-02 -6.29505646e-01
 -1.44966227e-01 -3.79369629e-01  1.53553266e-11 -4.10037071e-02
 -2.28526981e-01 -3.93222908e-02 -3.01133954e-01 -1.12227924e-01
  6.72848212e-02  2.36698196e-01  1.02834134e+00  4.84942802e-01
 -1.90848984e-01]
    Xi: 0.172903
    Gamma: 1.000000
    QP Objective: 2.4320610680422194

  Function 124:
    Center: [-0.34243371 -0.16507191 -0.55676058 -0.04689958 -0.4643144  -0.35026618
  1.42001508 -0.26256156 -0.32330236 -0.37136439 -0.29685953 -0.62871259
 -0.31205521 -0.17492717 -0.19011441 -0.3013776  -0.32113541 -0.34787592
  0.9620415  -0.16789311 -0.11640154 -0.11817151 -0.2902092  -0.21299439
 -0.32881467 -0.29923993 -0.02890023 -0.23183016 -0.16673145 -0.22523952
 -0.16053931 -0.14321202 -0.17492026 -0.14521515 -0.19806739 -0.24213022
 -0.32345561 -0.05983624 -0.18091134 -0.18530385 -0.12090468 -0.17259996
 -0.20599311 -0.12734332  1.03677334 -0.19738748 -0.0713879  -0.11154623
 -0.15845336 -0.51430655 -0.15519768 -0.32991229 -0.30835494 -0.1030484
 -0.10469379 -0.23180971 -0.37159161]
    Weight (w): [-2.44657007e-01 -8.81989193e-02 -1.92104429e-01 -4.61336539e-02
  8.17865491e-02 -1.66896810e-01  4.19536384e-02 -1.10958354e-01
 -1.84254643e-01 -2.63355034e-01 -1.90984810e-01 -1.20293834e-01
 -2.60515261e-01 -1.56429919e-01 -2.54687479e-01 -1.13182270e-01
 -4.37614458e-02 -1.35756882e-01  2.22655862e-03  2.51946659e-01
 -3.00404649e-02 -8.77572630e-02 -1.77809787e-01 -2.04477934e-01
 -5.73171257e-01 -3.71670382e-02 -3.38402419e+00 -8.90539425e-02
 -1.83579716e-01  7.98092002e-02  1.80219902e-10 -5.27412798e-01
 -3.37227936e-01 -3.05061114e-01 -4.46491649e-01 -1.99811593e-01
 -2.93323562e-01  3.62939934e-02 -1.70059603e-01 -2.71165167e-01
 -7.26471042e-01 -3.03500627e-01 -9.57015484e-02 -5.14777649e-01
 -1.16925369e-01 -5.58443465e-01  1.10185326e-11 -2.59910717e-01
 -4.07824403e-02 -1.68162600e-01 -3.81622537e-01 -6.41385267e-02
 -6.80705110e-02 -2.54702785e-01  8.91469423e-01 -7.59776262e-02
 -2.29715588e-01]
    Xi: 0.226824
    Gamma: 1.000000
    QP Objective: 2.637683134727334

  Function 125:
    Center: [-3.42433707e-01 -1.65071912e-01  2.76427121e-01 -4.68995838e-02
 -4.64314403e-01 -3.50266176e-01  2.44743253e-01 -2.62561558e-01
 -3.23302359e-01 -4.56240739e-02 -2.96859527e-01 -1.41250142e-01
 -3.12055206e-01 -1.74927167e-01 -1.90114405e-01 -3.01377603e-01
 -3.21135414e-01  4.75561250e-02 -9.69417761e-02 -1.67893113e-01
 -3.24617005e-01 -1.18171509e-01 -2.90209203e-01 -2.12994388e-01
 -2.03154031e-01 -6.24491781e-02 -2.27894812e-01 -2.31830156e-01
 -1.66731450e-01 -2.25239518e-01 -1.60539307e-01 -1.43212021e-01
  2.02881691e-01 -1.45215148e-01 -1.98067390e-01 -2.42130222e-01
 -3.23455613e-01 -5.98362369e-02 -1.80911344e-01 -1.85303849e-01
 -1.20904684e-01 -1.72599962e-01 -2.05993114e-01 -1.27343320e-01
 -2.97776209e-01 -1.97387481e-01 -7.13879045e-02 -1.11546231e-01
 -1.87913498e-02 -1.12561014e-04  1.55638792e-01 -3.29912295e-01
 -2.77020411e-02 -1.03048405e-01 -6.43168088e-02 -7.78610277e-02
  4.73553845e-02]
    Weight (w): [-1.32409444e-01 -5.31967871e-02  1.58476181e-01 -4.70656454e-02
  4.35213705e-02  1.19657849e-01  2.12952610e-02 -1.98357828e-01
 -2.64809194e-01 -1.64733155e-01 -1.50009335e-01 -7.47053926e-02
 -2.01271818e-01 -1.24823023e-01 -7.86924111e-02 -1.31283687e-02
 -2.80825503e-01 -7.03248148e-02 -1.93324584e-01  3.64472229e-02
 -6.60366317e-02 -1.29276847e-01  1.27578569e-02 -2.46674454e-01
 -3.01149043e-01 -6.58360302e-01 -5.63614155e-01 -1.92892851e-01
 -1.87288397e-01  3.14767431e-01  3.98271987e-10 -5.38067602e-01
 -5.93291732e-01  8.34533698e-02 -1.65684619e-01 -1.90508616e-01
 -1.43512727e-01  3.96549912e-01  2.23627526e-01 -4.64446681e-01
 -7.41147225e-01 -4.60761836e-01 -1.06430568e-01 -2.55656586e-01
 -2.69167550e-01 -5.46402098e-01  1.10566973e-09 -1.80768555e-01
  4.15911470e-01 -1.99693095e-01 -5.64031450e-01 -2.44847074e-01
 -1.99718168e-01  5.95253644e-02  4.43794473e-01  4.14687871e-01
 -9.96630962e-02]
    Xi: 0.238387
    Gamma: 1.000000
    QP Objective: 2.6673959084152647

  Function 126:
    Center: [-0.34243371 -0.16507191 -0.55676058 -0.04689958 -0.4643144  -0.35026618
 -0.29179389 -0.26256156  1.39968701 -0.37136439  2.08500542 -0.62871259
 -0.31205521 -0.17492717 -0.19011441  0.27994596  0.75992845 -0.34787592
 -0.12510622 -0.16789311  1.72422316 -0.11817151  2.45070307 -0.21299439
 -0.32881467 -0.29923993 -0.22789481 -0.23183016 -0.16673145 -0.22523952
 -0.16053931 -0.14321202 -0.17492026 -0.14521515 -0.19806739 -0.24213022
 -0.32345561 -0.05983624 -0.18091134 -0.18530385 -0.12090468 -0.17259996
 -0.20599311 -0.12734332  0.1767303  -0.19738748 -0.0713879  -0.11154623
 -0.15845336 -0.23316451 -0.15519768  0.04405333  1.24133716 -0.1030484
 -0.10425251 -0.22154647 -0.3056157 ]
    Weight (w): [-7.41953155e-02 -2.93579873e-01 -1.01498584e-01 -4.75459064e-02
  1.20053080e-01 -9.93047935e-02 -2.24106994e-03  9.76786474e-03
 -1.60201342e-02 -1.48825360e-01 -5.70395792e-02  1.52012677e-02
 -1.47716136e-01 -1.28274545e-01 -1.91689105e-01 -2.22918113e-02
 -1.16999945e-02 -8.75539223e-02 -1.74622491e-02  4.77116595e-01
  5.86334193e-02 -5.65515771e-02  1.71063882e-03 -1.46725318e-01
 -7.15163423e-01 -8.88405867e-02 -5.86841936e-01 -1.95162210e-01
 -9.15355525e-02  2.87192270e-02  2.56386825e-10 -5.43558088e-01
 -6.79358010e-01 -2.23215202e-01 -4.60159759e-01 -1.60454112e-01
 -2.24586354e-01  9.57511838e-02 -2.82595720e-01  7.59559796e-02
 -7.48709951e-01 -2.18472845e-01  1.35561972e-01 -5.43219428e-02
 -2.45940575e-01 -3.99369054e-01  7.28888566e-10 -1.49394741e-01
 -2.60142188e-02  4.09194740e-02  2.94105687e-01 -1.78561814e-01
 -8.28381875e-03  6.60954190e-02  9.15015351e-01  9.19305738e-01
 -1.52256666e-01]
    Xi: 0.145198
    Gamma: 1.000000
    QP Objective: 2.6060675980645764

  Function 127:
    Center: [-0.34243371 -0.16507191 -0.14016673 -0.04689958 -0.15201873 -0.35026618
 -0.29179389  0.26109283 -0.32330236 -0.37136439 -0.29685953 -0.62871259
 -0.31205521 -0.17492717 -0.19011441 -0.3013776  -0.32113541 -0.34787592
  0.15653826 -0.16789311 -0.31628839 -0.11817151 -0.2902092  -0.21299439
 -0.32881467 -0.29923993 -0.22789481 -0.23183016 -0.16673145 -0.22523952
 -0.16053931 -0.14321202 -0.17492026 -0.14521515 -0.19806739 -0.24213022
 -0.32345561 -0.05983624 -0.18091134 -0.18530385 -0.12090468 -0.17259996
 -0.20599311 -0.12734332 -0.29777621 -0.19738748 -0.0713879  -0.11154623
  0.16605543 -0.51430655  0.20135004 -0.1840044  -0.30835494 -0.01220187
 -0.12940538 -0.2523362  -0.30066751]
    Weight (w): [-1.94931199e-01 -7.54688901e-01 -3.14714191e-02  2.80259585e-01
 -9.45856955e-02 -1.35249434e-01  3.88961377e-01 -3.21843226e-01
 -3.58869819e-01 -1.99223457e-01 -3.15078551e-01 -4.30308087e-02
 -3.38266432e-01 -2.84889949e-01 -2.47731992e-01  6.19019088e-02
 -3.10252827e-01 -2.60994289e-01 -6.48901759e-02 -1.90575635e-01
 -4.44955918e-02 -2.54093659e-01  1.57130478e-01 -3.25680042e-01
 -4.46127239e-01 -2.80214194e-02 -6.04864915e-01 -1.76650528e-01
 -1.93141159e-01  8.25985954e-10  3.78136982e-10 -5.54882214e-01
 -6.72963387e-01 -3.32892310e-01 -6.43438145e-02 -1.73608200e-01
 -2.40934787e-01 -1.18034914e-01 -4.51957327e-01 -2.74346480e-01
 -7.64308075e-01  1.91137317e-03  1.18198872e-02 -2.98665205e-01
 -4.33101001e-01 -7.18117860e-01  6.51344113e-10 -2.73447733e-01
 -4.68443675e-01 -1.67715029e-02 -6.78001591e-01 -2.99981516e-01
 -2.46022041e-01 -3.93590769e-01  7.34233910e-01  1.01813797e+00
 -3.33501668e-01]
    Xi: 0.326973
    Gamma: 1.000000
    QP Objective: 2.8685301048705063

  Function 128:
    Center: [-0.34243371 -0.16507191  0.79220998 -0.04689958  0.54692871 -0.35026618
 -0.29179389 -0.26256156 -0.32330236 -0.37136439 -0.29685953 -0.62871259
  0.81750131 -0.17492717 -0.19011441 -0.3013776  -0.32113541  0.29234739
  0.02134891 -0.16789311 -0.67441898 -0.11817151 -0.2902092  -0.21299439
 -0.32881467 -0.29923993 -0.22789481 -0.23183016 -0.16673145 -0.22523952
 -0.16053931 -0.14321202 -0.17492026 -0.14521515 -0.19806739 -0.24213022
 -0.32345561 -0.05983624 -0.18091134 -0.18530385 -0.12090468 -0.17259996
 -0.20599311 -0.12734332  0.37444134 -0.19738748 -0.0713879  -0.11154623
 -0.15845336  0.12566151 -0.15519768  0.23777978 -0.30835494 -0.1030484
 -0.11515839 -0.21128322 -0.33530486]
    Weight (w): [-2.76590268e-01 -4.58715012e-01  5.65624890e-02 -1.47553056e-02
  7.84267982e-02 -2.74891562e-01  2.33537673e-01 -2.86762919e-01
 -2.93291348e-01 -2.28071835e-01 -3.27112059e-01 -3.39251191e-01
 -1.85611942e-01 -1.54652031e-01  7.44674151e-01  2.50308960e-01
 -1.77667573e-01 -1.95536085e-01 -1.63971334e-01 -2.36639235e-01
  3.20550780e-02 -2.97628864e-01 -4.21663758e-02 -2.76512246e-01
 -8.68343147e-01 -1.35082251e-01 -6.29676732e-01 -1.91252630e-01
 -1.95174224e-01  1.95093933e-11  1.18197684e-11 -5.60723080e-01
 -8.15008714e-01  4.71754225e-01 -1.73123410e-01 -2.82234612e-01
 -3.38404123e-01 -8.81645500e-02 -2.81604283e-01 -2.77140503e-01
 -7.72353424e-01 -2.86929438e-01 -4.88158743e-02 -4.85341321e-01
 -3.91221034e-01 -6.96982189e-01  1.66883128e-11 -2.76326131e-01
  2.63683001e-01 -2.94357085e-01 -5.48245360e-01 -4.50267764e-02
  4.31751450e-02 -2.89373410e-01  3.23919900e-01  3.74686993e-01
 -2.30840993e-01]
    Xi: 0.271976
    Gamma: 1.000000
    QP Objective: 2.8729770028690256

  Function 129:
    Center: [ 1.00040045 -0.16507191  0.25658932 -0.04689958  1.39458839 -0.35026618
  0.75573101 -0.26256156 -0.32330236 -0.06113552 -0.29685953  0.57833729
  0.35238981 -0.17492717 -0.19011441  0.1951696   0.60227331 -0.34787592
  1.294382   -0.16789311  1.23283467 -0.11817151  0.28081419  2.13682386
 -0.32881467 -0.29923993 -0.22789481 -0.23183016 -0.16673145 -0.22523952
 -0.16053931 -0.14321202 -0.17492026 -0.14521515 -0.19806739 -0.24213022
 -0.32345561 -0.05983624 -0.18091134 -0.18530385 -0.12090468  0.08824598
 -0.20599311 -0.12734332  0.52272462 -0.19738748 -0.0713879  -0.11154623
 -0.15845336 -0.25905917 -0.15519768  0.73190485  0.11059069 -0.1030484
 -0.0043975   0.83043621  0.33270117]
    Weight (w): [-6.55638938e-02  4.06993928e-02  1.75412739e-02 -2.70513157e-02
 -5.48680632e-02 -7.92830756e-02 -8.42884650e-03 -7.50296903e-02
 -4.30200422e-02  1.98626683e-02  5.52054612e-02 -2.33170756e-02
 -3.92951928e-02 -6.99577052e-02 -7.58872491e-02  1.29379034e-01
  7.45045865e-02 -4.19791317e-02  1.67098068e-01  4.46399033e-01
  2.59803381e-02 -1.34303967e-01 -4.87360989e-02 -6.72826240e-02
 -3.97299851e-01 -4.54183609e-01 -6.54046972e-01 -1.33852538e-01
  1.09767319e-01  6.44072243e-01  5.65239140e-12 -5.66688219e-01
 -3.34207432e-01  1.83060944e-01 -1.33181863e-01 -1.29160649e-01
 -1.18107251e-01  7.05020056e-01  5.53101223e-02  3.99312632e-01
 -7.80569949e-01 -1.65107090e+00 -4.07124938e-02 -1.18011877e-01
 -3.07135917e-01 -2.24672608e-01  7.72424758e-11 -2.79265770e-01
 -2.08586901e-01 -9.38153404e-03  2.73906871e-01 -1.22280389e-01
  2.70360378e-01  1.15076582e+00  1.08332363e+00 -3.71041184e-01
  7.58415477e-02]
    Xi: 0.082571
    Gamma: 1.000000
    QP Objective: 2.679852216970649

  Function 130:
    Center: [-0.34243371 -0.16507191 -0.55676058 -0.04689958 -0.4643144  -0.35026618
 -0.29179389 -0.26256156 -0.32330236 -0.37136439 -0.29685953 -0.62871259
 -0.31205521 -0.17492717 -0.19011441 -0.3013776  -0.32113541 -0.34787592
  2.19001148 -0.16789311  1.63260836 -0.11817151 -0.2902092  -0.21299439
 -0.32881467 -0.29923993 -0.22789481 -0.23183016 -0.16673145 -0.22523952
 -0.16053931 -0.14321202 -0.17492026 -0.14521515 -0.19806739 -0.24213022
 -0.32345561 -0.05983624 -0.18091134 -0.18530385 -0.12090468 -0.17259996
 -0.20599311 -0.12734332 -0.29777621 -0.19738748 -0.0713879  -0.11154623
 -0.15845336 -0.51430655 -0.15519768 -0.32991229 -0.30835494 -0.1030484
 -0.06119634 -0.21641484 -0.4458145 ]
    Weight (w): [-3.03287773e-01 -4.31470792e-01 -3.07062086e-01 -5.01021402e-02
 -3.09136989e-02 -2.72917498e-01 -1.85748443e-01 -4.24883017e-01
 -3.46952077e-01 -3.36118362e-01 -3.24306995e-01 -2.96639051e-02
 -4.95399049e-01 -3.83059502e-01 -6.12638788e-01 -2.58480458e-01
 -2.66425456e-01 -3.08009103e-01  9.84022160e-02 -4.68815118e-01
  2.51102616e-01  1.15846171e-01 -3.02187434e-01 -3.64894281e-01
 -1.00801435e+00 -3.55418531e-01 -6.61079735e-01 -1.20508807e-01
 -1.99371519e-01  8.96482250e-11  2.13455916e-11 -5.72781641e-01
 -4.77187894e-01 -7.83415459e-01 -4.84899533e-01 -2.12070453e-01
 -5.39723866e-01 -1.21842494e-01 -4.70063073e-01 -6.56932921e-01
 -7.88963175e-01 -5.39962893e-01 -1.54956431e-01 -6.85927987e-01
 -2.95738901e-01 -9.25426128e-01  6.51850177e-11 -2.82268628e-01
 -1.17350964e-01 -5.12503803e-01 -7.13817303e-01  2.39304550e-01
 -6.90657106e-02 -5.67519543e-01  2.05221191e-01  9.41434400e-01
 -4.87441250e-01]
    Xi: 0.477019
    Gamma: 1.000000
    QP Objective: 3.343661999511531

  Function 131:
    Center: [-0.34243371 -0.16507191  0.61366976 -0.04689958  0.41308771 -0.35026618
 -0.29179389 -0.26256156 -0.32330236 -0.37136439 -0.29685953  0.05605609
 -0.31205521 -0.17492717 -0.19011441 -0.3013776  -0.32113541 -0.34787592
 -0.60390186 -0.16789311 -0.18303049 -0.11817151 -0.2902092  -0.21299439
 -0.32881467 -0.29923993 -0.05266078 -0.23183016 -0.16673145 -0.22523952
 -0.16053931 -0.14321202 -0.17492026 -0.14521515 -0.19806739 -0.24213022
 -0.32345561 -0.05983624 -0.18091134 -0.18530385 -0.12090468 -0.17259996
 -0.20599311 -0.12734332  0.28547137 -0.19738748 -0.0713879  -0.11154623
 -0.15845336 -0.12588663 -0.15519768 -0.32991229 -0.30835494 -0.1030484
 -0.10608066 -0.22667809 -0.39798197]
    Weight (w): [-1.84719699e-01 -2.69691990e-01 -2.59356228e-02  4.48518071e-01
  1.07120626e-01 -1.67038178e-01  1.22164989e-01 -2.14353899e-01
 -8.05611706e-02 -1.36781948e-01 -2.77033226e-01 -3.32396278e-01
 -2.89698548e-01 -1.30705243e-01 -1.09887540e-01  2.49818168e-01
 -2.10281869e-01 -1.38605222e-01  2.98489029e-03  1.73869923e-01
 -1.10573104e-01 -2.47626807e-01  1.71885044e-01 -2.84718598e-01
 -4.74190708e-01  1.46075137e-01 -3.16931294e+00  8.78123711e-02
 -1.59280067e-01  2.19544559e-01  4.30544444e-09  4.19471681e-10
 -1.20327294e-01 -2.56737465e-02 -4.77269960e-01 -1.91547601e-01
 -2.70901197e-01 -2.28372239e-04  5.00872007e-02 -1.57522480e-01
 -8.15261947e-01 -2.57506698e-01  1.32673812e-01 -7.23579715e-01
 -4.69167162e-01 -3.56699605e-01  3.45168960e-09 -1.87978611e-02
 -4.98210791e-02 -2.68238044e-01 -4.98996623e-01 -2.30836327e-02
  3.70926467e-01 -2.96504825e-01 -4.87619570e-02  3.32090514e-01
 -2.34477467e-01]
    Xi: 0.230067
    Gamma: 1.000000
    QP Objective: 2.809464204490337

  Function 132:
    Center: [-0.34243371  0.90433497  2.18085615 -0.04689958 -0.4643144  -0.35026618
 -0.29179389 -0.26256156 -0.32330236  1.76921481 -0.29685953 -0.62871259
 -0.31205521 -0.17492717 -0.19011441 -0.3013776  -0.32113541 -0.34787592
  4.53892652 -0.16789311  0.47493038 -0.11817151 -0.2902092  -0.21299439
 -0.32881467 -0.29923993 -0.22789481 -0.23183016 -0.16673145 -0.22523952
 -0.16053931 -0.14321202 -0.17492026 -0.14521515 -0.19806739 -0.24213022
 -0.32345561 -0.05983624 -0.18091134 -0.18530385 -0.12090468 -0.17259996
 -0.20599311 -0.12734332  1.06643    -0.19738748 -0.0713879  -0.11154623
 -0.15845336 -0.51430655 -0.15519768 -0.32991229 -0.30835494 -0.1030484
 -0.09895717 -0.15996699 -0.40293016]
    Weight (w): [-7.83458546e-02 -7.27301452e-01  2.02409634e-03 -4.95951978e-02
  7.00610918e-02 -3.83859481e-02  1.86406456e-01 -2.61946078e-02
 -5.52370997e-02 -2.44447054e-02 -1.51146424e-02  2.17349457e-01
 -1.12945305e-01  4.18412625e-02 -4.17480880e-02  1.66787773e-01
  2.92652714e-02  1.12760031e-01 -7.15531667e-02  1.92280537e-01
  1.81494041e-02 -5.84607792e-02 -4.35608125e-02  9.39545547e-02
 -4.70126294e-01  2.68276978e-01 -3.61611438e-01  1.83179787e-01
 -2.08332036e-01  9.02841036e-02  1.98993063e-01  2.03359021e-08
 -2.71321446e-01 -7.92610570e-02 -4.31285702e-01 -9.89271697e-02
 -9.96789038e-02  9.00447058e-02 -1.55147485e-02 -9.42933729e-02
 -8.24422194e-01 -3.00583348e-01  1.57829623e-01 -4.65215209e-01
 -2.47711841e-01 -4.38178282e-01  1.34759940e-09  6.18759572e-02
 -4.76585558e-02 -6.65173950e-02 -1.12438260e-01  3.13033629e-02
  2.45424451e-01 -7.04844110e-02  1.15695371e+00 -7.15879706e-02
 -5.85820879e-02]
    Xi: 0.046775
    Gamma: 1.000000
    QP Objective: 2.4392982687092712

  Function 133:
    Center: [-0.34243371 -0.16507191 -0.06081552 -0.04689958 -0.4643144   0.56282799
  0.98567549  0.36083652 -0.32330236 -0.37136439 -0.29685953 -0.62871259
 -0.31205521 -0.17492717 -0.19011441 -0.3013776  -0.32113541 -0.34787592
 -0.23213113 -0.16789311 -0.46620352 -0.11817151 -0.2902092  -0.21299439
 -0.32881467 -0.29923993 -0.22789481 -0.23183016 -0.16673145 -0.22523952
 -0.16053931 -0.14321202 -0.17492026 -0.14521515 -0.19806739 -0.24213022
 -0.32345561 -0.05983624 -0.18091134 -0.18530385 -0.12090468 -0.17259996
 -0.20599311 -0.12734332 -0.0506374  -0.19738748 -0.0713879  -0.11154623
 -0.15845336  0.15155617 -0.15519768 -0.27473704 -0.30835494 -0.1030484
 -0.12190365 -0.24207296 -0.3056157 ]
    Weight (w): [-3.69574951e-01  1.79016369e-01  3.24098365e-03 -5.29488527e-02
 -2.40784646e-02 -5.45399495e-02  1.81465120e-02 -1.47007396e-01
 -4.06434630e-01 -1.56310493e-01 -2.27981576e-01 -3.42755495e-01
 -2.36295461e-01 -2.62575142e-01 -3.81897433e-01 -3.17416092e-01
 -2.24464343e-01 -2.31811754e-01 -1.93554572e-01 -1.18511561e-01
 -1.12302611e-02 -1.39901868e-01 -2.12170567e-01 -3.04276007e-01
 -7.81867619e-01  1.95783660e-01 -4.80948572e-01 -2.89968045e-01
 -2.10699447e-01  4.80215824e-11  9.83159658e-12  2.89391606e-12
  7.07734132e-02  1.93007705e-01 -3.89040152e-01 -3.03099482e-01
 -3.91816366e-01 -1.28765363e-01  2.55253790e-02 -3.19017633e-02
 -8.33790628e-01  6.38347421e-01  5.81366005e-02 -2.44688495e-01
 -2.42013687e-01 -5.06774329e-01  5.91741799e-11 -2.98306618e-01
  1.07151406e-02 -2.66186140e-01 -2.12287641e-01 -3.43107216e-01
 -1.96764136e-01 -2.54810560e-01  2.79955278e-01  8.72915448e-01
 -3.17579639e-01]
    Xi: 0.328381
    Gamma: 1.000000
    QP Objective: 2.839078925321492

  Function 134:
    Center: [-0.08041729 -0.16507191 -0.55676058 -0.04689958 -0.34534462 -0.35026618
 -0.29179389 -0.26256156 -0.32330236 -0.24727284 -0.29685953 -0.62871259
 -0.0462772  -0.17492717 -0.19011441 -0.3013776  -0.1409581  -0.34787592
 -0.89117924 -0.16789311 -0.60779004 -0.11817151 -0.2902092  -0.21299439
 -0.23307323 -0.29923993 -0.22789481 -0.23183016 -0.16673145 -0.22523952
 -0.16053931 -0.14321202  0.11292885 -0.14521515  0.25288918  0.15530692
 -0.13451138 -0.05983624 -0.18091134 -0.18530385 -0.12090468 -0.17259996
 -0.20599311  0.25856586 -0.29777621 -0.19738748 -0.0713879  -0.11154623
 -0.15845336 -0.19987138 -0.15519768 -0.32991229 -0.30835494 -0.08674262
 -0.01051236  0.0401663   2.87442287]
    Weight (w): [-1.79031245e-01 -6.30820204e-02 -1.80658203e-01 -5.35574603e-02
 -2.39308990e-02 -1.37541960e-01 -1.93145958e-01 -1.49196692e-01
 -9.05856252e-02 -2.45033386e-01 -2.03755944e-01 -1.33006595e-01
 -1.55813466e-01 -2.03978036e-01 -2.22671634e-01 -1.63703025e-01
 -1.03525939e-01 -1.91077874e-01 -2.34783932e-01  1.57797840e-01
 -1.37944392e-01  1.96916637e-01  1.06123041e-01 -1.97714419e-01
 -5.65403970e-01  9.31593487e-02 -4.86476717e-01 -9.87484071e-02
  6.12559405e-02  5.65535936e-02  7.15871355e-02  9.78210824e-13
 -1.70552689e-01  1.83528289e-01 -5.89238939e-01 -1.76804504e-01
 -1.52563126e-01 -1.31962933e-02 -7.63551424e-02 -2.35181864e-01
 -8.43374428e-01 -2.51251383e-01  3.83648338e-02 -4.52401730e-01
 -1.80709469e-01 -2.44994182e-01  3.22211248e-01  3.63675075e-01
  2.72366523e-01 -1.90178382e-01 -3.57044915e-01 -2.05393022e-01
 -8.92684500e-02  3.00983184e-01  5.93998072e-02  4.96026581e-01
 -8.81212533e-03]
    Xi: 0.201809
    Gamma: 1.000000
    QP Objective: 2.301730218289263

  Function 135:
    Center: [ 2.08121818 -0.16507191 -0.55676058 -0.04689958 -0.4643144  -0.35026618
 -0.29179389 -0.26256156 -0.32330236 -0.37136439 -0.29685953 -0.62871259
 -0.31205521 -0.17492717 -0.19011441 -0.3013776  -0.32113541 -0.34787592
  0.73109302 -0.16789311 -0.67441898 -0.11817151 -0.2902092  -0.21299439
 -0.32881467 -0.29923993 -0.22789481 -0.23183016 -0.16673145 -0.22523952
 -0.16053931 -0.14321202 -0.17492026 -0.14521515 -0.19806739 -0.24213022
 -0.32345561 -0.05983624 -0.18091134 -0.18530385 -0.12090468 -0.17259996
 -0.20599311 -0.12734332 -0.29777621 -0.19738748 -0.0713879  -0.11154623
 -0.15845336 -0.51430655 -0.15519768  0.13233374 -0.30835494 -0.1030484
 -0.13211609 -0.26259945 -0.41282655]
    Weight (w): [-8.90137806e-02 -4.88664936e-01 -1.08403262e-01  9.26310666e-02
 -1.86348229e-01 -2.09506403e-01  1.28448308e-02 -2.86176717e-01
 -4.00010802e-01 -3.03065482e-01 -2.62777269e-01 -2.38057491e-01
 -2.21436767e-01 -3.65644876e-01 -4.40026392e-01 -1.88309670e-01
  1.35839545e-01 -3.22288314e-01  4.93970617e-02  8.41501543e-03
  4.54810517e-02  6.20341596e-01 -2.29290679e-01 -2.31347722e-01
 -8.55000710e-01 -1.05965710e-01 -4.92133423e-01  4.20148932e-02
 -2.15599434e-01  2.18174876e-10  5.45121639e-11  1.39043019e-11
 -4.26208477e-01 -2.29445080e-01 -2.62184050e-01 -3.80089481e-01
 -3.86683317e-01 -1.31759906e-01 -2.93942059e-01 -3.95183527e-01
 -8.53181107e-01 -5.66927390e-01 -6.48194672e-02 -5.32868785e-01
 -4.11346623e-01 -6.25265573e-01  1.99685139e-10 -3.05243981e-01
 -2.81042957e-01 -2.63877397e-01 -3.66049714e-01 -1.23018249e-01
  6.33458046e-02  5.53102804e-02  1.23313809e+00  8.68668299e-01
 -3.37431248e-01]
    Xi: 0.336672
    Gamma: 1.000000
    QP Objective: 2.8214301810772366

  Function 136:
    Center: [-0.34243371 -0.16507191 -0.55676058 -0.04689958 -0.4643144  -0.35026618
 -0.29179389 -0.26256156 -0.32330236 -0.37136439 -0.29685953  0.35781856
 -0.31205521 -0.17492717 -0.19011441 -0.3013776  -0.32113541 -0.34787592
 -0.93624235 -0.16789311 -0.67441898 -0.11817151 -0.2902092  -0.21299439
 -0.07749339  0.17434158 -0.22789481 -0.23183016 -0.16673145 -0.22523952
 -0.16053931 -0.14321202 -0.17492026 -0.14521515 -0.19806739  2.93736693
 -0.32345561 -0.05983624 -0.18091134 -0.18530385 -0.12090468 -0.17259996
 -0.20599311 -0.12734332 -0.29777621 -0.19738748 -0.0713879  -0.11154623
 -0.15845336 -0.51430655 -0.15519768 -0.32991229 -0.30835494 -0.1030484
 -0.11156512 -0.22154647 -0.27922534]
    Weight (w): [-3.73703898e-01 -5.16978313e-01 -3.17054091e-01 -5.48176353e-02
 -3.19404763e-01 -3.58609503e-01  1.58270555e-01 -3.46526424e-01
 -4.22628898e-01 -3.84769890e-01 -2.23573716e-01  4.73788984e-02
 -3.72959141e-01 -2.90531448e-01 -4.80244873e-01 -3.29758773e-01
 -3.03979619e-01 -2.96765287e-01 -3.77194014e-01 -3.02989933e-01
 -2.85514453e-01 -2.27597588e-01 -4.62068895e-02 -3.67494758e-01
 -9.16703837e-01 -8.51985549e-02 -3.97111430e-01 -1.83142407e-01
 -9.18067295e-02  1.64128495e-01  5.57197892e-11  2.27212019e-11
  8.38263506e-02 -2.32144434e-01 -2.65268568e-01  3.83495813e-02
 -3.92046061e-01  2.06387183e-01  3.26715211e-01  2.70185403e-01
 -8.63218532e-01 -1.45081552e-01  1.80941648e-01 -3.13998072e-01
 -3.28193904e-01 -3.34135058e-01  2.24817813e-10 -3.08835087e-01
  3.56330905e-01 -3.80939869e-01 -6.64206189e-01 -3.68502123e-01
 -1.56227150e-01 -3.90129080e-01  3.30123175e-01  6.08841590e-01
 -3.75527669e-01]
    Xi: 0.368502
    Gamma: 1.000000
    QP Objective: 2.4619454948657067

  Function 137:
    Center: [-0.34243371 -0.16507191 -0.55676058 -0.04689958  1.24587616  0.67239929
 -0.29179389 -0.26256156 -0.32330236 -0.37136439 -0.29685953 -0.62871259
 -0.31205521 -0.17492717  0.89173809 -0.3013776  -0.32113541 -0.34787592
 -0.93624235 -0.16789311 -0.67441898 -0.11817151 -0.2902092  -0.21299439
 -0.32881467 -0.29923993 -0.22789481 -0.23183016 -0.16673145 -0.22523952
 -0.16053931 -0.14321202  0.32881567 -0.14521515 -0.19806739 -0.24213022
 -0.32345561 -0.05983624 -0.18091134 -0.18530385 -0.12090468 -0.17259996
 -0.20599311 -0.12734332 -0.29777621 -0.19738748 -0.0713879  -0.11154623
 -0.15845336 -0.24796146 -0.15519768 -0.32991229 -0.30835494 -0.1030484
 -0.11582031 -0.22667809 -0.32210968]
    Weight (w): [-3.48157590e-01 -1.93451482e-01 -2.37217514e-01 -5.61385425e-02
  1.53982585e-01 -1.33296754e-01  1.91707901e-01 -2.25193686e-01
 -3.75176012e-01 -3.24193923e-01 -2.57668545e-01 -1.81927314e-01
 -1.68551807e-01 -2.78527816e-01 -3.06301714e-01 -2.02603846e-01
 -3.06544594e-01 -3.27623430e-01 -2.90986252e-01 -2.25464690e-01
 -2.79273382e-01 -3.34692322e-01 -3.63935505e-02 -3.39226793e-01
 -6.79586165e-01 -3.82738940e-01 -4.75572049e-01 -2.10915162e-01
 -2.23392184e-01  1.31895061e-01  2.55708888e-11  7.90128109e-12
 -5.80360171e-01 -2.37738276e-01 -2.17793191e-01 -2.22354388e-01
 -3.16241653e-01 -1.12533440e-01 -1.71616963e-01 -1.97011494e-02
 -8.84018979e-01  9.91923478e-02  1.38057590e-01 -5.43618858e-01
 -4.21134600e-01 -6.18386048e-01  7.88456535e-11 -3.16276896e-01
 -3.71034605e-01 -1.53048830e-01 -4.37069411e-01 -3.55817482e-01
 -2.97906764e-01 -2.14182477e-01  3.38050593e-01 -6.07872281e-02
 -3.31323830e-01]
    Xi: 0.330814
    Gamma: 1.000000
    QP Objective: 2.525316416176261

  Function 138:
    Center: [-0.34243371  0.02866122  0.43512954 -0.04689958 -0.4643144  -0.35026618
 -0.29179389 -0.26256156 -0.32330236  0.40420779 -0.29685953  0.10248108
 -0.31205521 -0.17492717 -0.19011441 -0.3013776  -0.32113541 -0.34787592
 -0.72219254 -0.16789311 -0.67441898 -0.11817151 -0.2902092  -0.21299439
 -0.32881467 -0.29923993 -0.22789481 -0.23183016 -0.16673145 -0.22523952
 -0.16053931 -0.14321202 -0.17492026 -0.14521515 -0.19806739 -0.24213022
 -0.32345561 -0.05983624 -0.18091134 -0.18530385 -0.12090468 -0.17259996
 -0.20599311 -0.12734332 -0.29777621 -0.19738748 -0.0713879  -0.11154623
 -0.08451465 -0.03710493  0.68588924 -0.30784219 -0.30835494 -0.1030484
  0.08918505  0.07095603  0.76319394]
    Weight (w): [-1.76925636e-01 -4.08147345e-01  8.05105914e-02 -5.68231579e-02
  1.13520301e-01 -5.16059845e-02  8.66004074e-02 -2.61278641e-01
 -2.00049408e-01 -6.78384146e-02 -2.16174477e-01 -2.01368373e-01
 -2.12656067e-01 -2.37920532e-01  1.39440777e-01 -5.54274957e-02
 -2.66565091e-01 -1.09132970e-01 -2.07149604e-01  1.49331461e-02
 -2.01266773e-01  1.32834694e-01  2.41901924e-01 -2.56988431e-01
 -3.55314242e-01 -2.45092588e-01 -4.03174520e-01  7.75453341e-02
 -8.18967635e-02  1.82752612e-01  1.40838558e-10  1.04092689e-10
 -4.33921339e-01  3.67630982e-02 -2.42705146e-01 -1.16997564e-02
 -1.03353765e-01  2.59144596e-01  1.72270368e-01 -2.37353278e-01
 -8.94799698e-01  6.60994827e-02 -1.83887987e-01 -4.17201665e-01
 -2.66232375e-01 -5.04908765e-01  4.31129569e-01 -1.80277048e-01
  2.15439124e-01 -1.30936256e-01 -4.36022231e-01 -2.63665677e-01
  1.41578379e-01 -2.93578489e-01 -5.83422428e-01  9.39961375e-01
 -2.21541111e-01]
    Xi: 0.243336
    Gamma: 1.000000
    QP Objective: 2.6077044514305263

  Function 139:
    Center: [-0.34243371 -0.16507191 -0.55676058 -0.04689958 -0.4643144  -0.35026618
 -0.29179389 -0.26256156 -0.32330236 -0.37136439 -0.29685953 -0.62871259
 -0.31205521 -0.17492717 -0.19011441 -0.3013776  -0.32113541 -0.34787592
 -0.93624235 -0.16789311 -0.67441898 -0.11817151 -0.2902092  -0.21299439
 -0.32881467 -0.29923993 -0.22789481 -0.23183016 -0.16673145 -0.22523952
 -0.16053931 -0.14321202 -0.17492026 -0.14521515 -0.19806739 -0.24213022
 -0.32345561 -0.05983624 -0.18091134 -0.18530385 -0.12090468 -0.17259996
 -0.20599311 -0.12734332 -0.29777621 -0.19738748 -0.0713879  -0.11154623
 -0.15845336  2.70033069 -0.15519768  1.80230482 -0.30835494 -0.1030484
 -0.13211609 -0.26259945 -0.45736028]
    Weight (w): [-2.78893073e-01 -5.09911344e-01 -1.68682993e-01  2.01103638e-01
 -6.99629615e-02 -1.35945917e-01 -1.94992664e-01 -2.55066072e-01
 -3.02260341e-01 -2.92058933e-01 -2.09356750e-01 -3.98625341e-01
 -3.62847073e-01 -2.05626768e-01 -7.15509120e-02 -9.72245696e-02
 -2.01525197e-01 -2.93445049e-01 -1.37030994e-01 -1.55209919e-01
 -2.02503615e-01 -1.75816113e-01 -3.06676759e-01 -2.39399008e-01
 -3.54998827e-01 -5.04627768e-01 -5.22512027e-01  4.06763098e-02
 -1.11221843e-01  4.49230768e-01  1.46000186e-09  1.00939673e-09
 -4.12730199e-01  4.68559499e-01 -2.78368242e-01 -2.78254982e-01
 -1.52723896e-01  1.76563163e-01 -2.28366015e-01 -1.47185397e-01
 -9.05846607e-01 -6.29435540e-01 -2.50458441e-01 -3.70414345e-01
 -3.26008709e-01 -4.57294552e-01  1.07785221e-08 -3.24086199e-01
 -6.74536089e-02 -1.77925381e-01 -1.48695205e-01 -8.32518402e-02
 -5.47604083e-02  3.81434491e-01  1.60182696e+00  4.57873923e-01
 -2.92661037e-01]
    Xi: 0.266604
    Gamma: 1.000000
    QP Objective: 2.7363095971737357

  Function 140:
    Center: [-0.34243371 -0.16507191  3.11323286 -0.04689958 -0.4643144  -0.35026618
 -0.29179389 -0.26256156 -0.32330236  2.49825265 -0.29685953  1.51844344
  5.83406115 -0.17492717 -0.19011441 -0.3013776  -0.32113541 -0.34787592
  2.19001148 -0.16789311 -0.67441898 -0.11817151 -0.2902092  -0.21299439
 -0.32881467 -0.29923993 -0.22789481 -0.23183016 -0.16673145 -0.22523952
 -0.16053931 -0.14321202 -0.17492026 -0.14521515 -0.19806739 -0.24213022
 -0.32345561 -0.05983624 -0.18091134 -0.18530385 -0.12090468 -0.17259996
 -0.20599311 -0.12734332 -0.29777621 -0.19738748 -0.0713879  -0.11154623
 -0.15845336 -0.51430655 -0.15519768  0.51856053 -0.30835494 -0.1030484
 -0.10920113 -0.24207296 -0.43591811]
    Weight (w): [-8.80357640e-02 -9.34788572e-02  2.60949992e-02  4.84622374e-02
  2.50189897e-02  9.85564520e-03  1.21149123e-01 -9.10925880e-02
 -1.60379695e-01 -5.04502348e-02 -7.85326184e-02 -3.90547060e-02
 -7.19579102e-02  5.10495516e-02  1.78325563e-01  2.84233682e-02
 -3.99272494e-02 -5.52338746e-02  1.14809173e-01 -1.08553387e-01
 -8.38323691e-02 -1.52838072e-01  4.97976714e-02 -1.07000712e-01
 -7.54735972e-01  6.01592807e-02 -1.27085601e-01 -8.27783931e-03
 -1.92732597e-01  9.50840777e-02  2.69550669e-02  9.43165023e-10
 -1.56340270e-01 -1.02623328e-01 -2.75201095e-01 -1.54355662e-01
 -1.67628948e-01 -3.05765597e-02  6.02100354e-02 -1.20720573e-01
 -9.28779433e-01 -4.74070143e-01  2.08207578e-01 -3.12145761e-01
 -2.15072790e-01 -3.35282624e-01  9.86608186e-09 -3.53447963e-02
  2.97516591e-01 -1.22236174e-01 -2.67621006e-01 -1.12328069e-01
  1.48503657e-01 -1.27887981e-01  1.00681076e+00  5.54730203e-01
 -1.19443643e-01]
    Xi: 0.102473
    Gamma: 1.000000
    QP Objective: 2.4807311014241833

  Function 141:
    Center: [-0.34243371 -0.16507191 -0.55676058 -0.04689958  0.82948194 -0.35026618
 -0.29179389 -0.26256156 -0.32330236 -0.37136439  6.2036469  -0.12964389
 -0.31205521 -0.17492717 -0.19011441  1.81803121 -0.32113541  2.11886683
  0.54520766 -0.16789311  0.05017083 -0.11817151 -0.2902092  -0.21299439
 -0.32881467 -0.29923993 -0.22789481 -0.23183016 -0.16673145 -0.22523952
 -0.16053931 -0.14321202 -0.17492026 -0.14521515 -0.19806739 -0.24213022
 -0.32345561 -0.05983624 -0.18091134 -0.18530385 -0.12090468 -0.17259996
 -0.20599311 -0.12734332 -0.29777621 -0.19738748 -0.0713879  -0.11154623
 -0.15845336 -0.29235231 -0.15519768  0.11271587  0.42378306 -0.1030484
 -0.10942177 -0.23694133 -0.32540847]
    Weight (w): [-1.66483874e-01  1.56354695e-01 -7.51279248e-02 -6.34667752e-03
  1.60794923e-01 -2.19214001e-01  1.36706863e-01 -5.22961041e-02
 -2.67272619e-01 -2.00561182e-01  3.49190890e-02  1.58768230e-01
 -1.45344995e-01 -2.11186514e-01 -7.43030503e-02 -2.25127171e-02
 -7.47627581e-02  1.58917437e-02  4.06517613e-02  2.64399939e-01
 -2.64211608e-02  9.07388848e-02 -1.50317829e-01 -2.28530413e-01
 -4.87267525e-01  7.22575397e-01 -4.54626920e-01 -2.07435260e-01
 -2.37712196e-01  2.90035970e-10  3.81109285e-10  1.35837396e-11
 -4.76885443e-01 -2.52977900e-01 -2.55486713e-01 -2.49187018e-01
 -2.10485745e-01  2.85979805e-02 -3.29290192e-01  4.67315087e-01
 -9.40686862e-01 -6.47955511e-01 -1.26374340e-01 -2.20085579e-01
 -2.93404750e-01 -2.80155118e-01  2.37413485e-10 -3.36551056e-01
 -3.70613733e-01 -1.72161474e-01 -7.16305704e-02 -2.02637920e-01
  2.55314693e-02  1.16235722e-01  1.52967796e-01  5.94204922e-01
 -1.92755701e-01]
    Xi: 0.183415
    Gamma: 1.000000
    QP Objective: 2.6917570317384785

  Function 142:
    Center: [-0.34243371 -0.16507191 -0.55676058 -0.04689958 -0.4643144  -0.35026618
 -0.29179389 -0.26256156  0.64587916 -0.37136439 -0.29685953  0.32299981
  0.58494556 -0.17492717 -0.19011441 -0.3013776   3.37249946 -0.34787592
 -0.17016934 -0.16789311 -0.22467358 -0.11817151 -0.2902092  -0.21299439
 -0.16725099 -0.29923993 -0.22789481 -0.23183016 -0.16673145 -0.22523952
 -0.16053931 -0.14321202 -0.17492026 -0.14521515 -0.19806739  1.09922014
  0.31423118 -0.05983624 -0.18091134 -0.18530385 -0.12090468 -0.17259996
 -0.20599311 -0.12734332 -0.29777621 -0.19738748 -0.0713879  -0.11154623
 -0.15845336 -0.18137519 -0.15519768 -0.27473704 -0.30835494 -0.1030484
 -0.11745934 -0.22667809 -0.32705787]
    Weight (w): [-6.70745554e-02  6.60958743e-02 -1.44049976e-01 -6.05129697e-02
 -3.95355663e-02 -1.36501047e-01 -2.90012054e-02 -1.20935829e-01
 -1.46327067e-01 -1.58329295e-01 -1.17394933e-01  2.32758740e-02
 -7.16687794e-02 -1.60672989e-01 -7.52680039e-02 -6.08733773e-02
  3.07951484e-02 -1.31686874e-01 -5.99026473e-02 -1.44131870e-01
  1.99454789e-03 -2.29592682e-01  7.59800270e-02 -1.48287464e-01
 -8.48136535e-01 -2.67973581e-02 -4.33700423e-01 -1.75315579e-01
 -1.75986315e-01  8.42059599e-02  9.01042339e-10  1.00502786e-10
 -3.23554528e-01 -2.56262013e-01 -5.07390528e-02 -6.48442316e-02
 -1.89017522e-01  2.71208976e-02  7.46464896e-02 -3.67621288e-02
 -9.52903574e-01 -1.43778023e-01  1.81972785e-01  7.81137160e-02
 -2.64541773e-01 -2.42968661e-01  1.86305577e-09 -3.24894179e-02
  4.42199438e-01 -1.73540368e-01 -4.10844374e-01 -1.88426610e-01
 -8.61410753e-02 -2.66908257e-02  2.28032892e-01  6.16556742e-01
 -1.04000124e-01]
    Xi: 0.164645
    Gamma: 1.000000
    QP Objective: 2.3803278702829185

  Function 143:
    Center: [-0.34243371 -0.16507191 -0.55676058 -0.04689958 -0.4643144  -0.35026618
 -0.29179389 -0.26256156 -0.32330236 -0.37136439 -0.29685953 -0.62871259
 -0.31205521 -0.17492717 -0.19011441  9.01191026 -0.32113541 -0.34787592
  3.39544989 -0.16789311 -0.67441898 -0.11817151 -0.2902092  -0.21299439
 -0.32881467 -0.29923993 -0.22789481 -0.23183016 -0.16673145 -0.22523952
 -0.16053931 -0.14321202 -0.17492026 -0.14521515 -0.19806739 -0.24213022
 -0.32345561 -0.05983624 -0.18091134 -0.18530385 -0.12090468 -0.17259996
 -0.20599311 -0.12734332 -0.29777621 -0.19738748 -0.0713879  -0.11154623
 -0.15845336 -0.51430655 -0.15519768 -0.32991229 -0.30835494 -0.1030484
 -0.13211609 -0.26259945 -0.45736028]
    Weight (w): [-2.24386631e-01 -4.65738203e-01 -1.70767395e-01 -6.13091979e-02
 -2.31328580e-01 -2.50273929e-01  1.54199974e-01 -1.71785837e-01
 -2.55194510e-01 -1.72678421e-01 -1.47806107e-01 -6.51259185e-02
 -2.49813227e-01 -1.52246844e-01 -6.96421125e-02  8.66167052e-02
 -2.60198521e-01 -1.30876376e-01 -3.87889339e-02 -1.85187843e-01
 -6.42572542e-03 -2.28682848e-01 -7.37556941e-02 -1.60032067e-01
 -7.46577003e-01 -9.45742521e-02 -5.56887821e-01  1.35792772e-02
 -2.43967780e-01  5.38561850e-02  1.06550261e-11  2.80232924e-12
 -1.75629129e-01 -2.59635222e-01 -2.96681951e-01 -3.13783262e-01
 -2.74465115e-01 -1.49096736e-01 -5.19300766e-02 -1.59443341e-01
 -9.65441779e-01 -3.09018379e-01 -7.87147823e-02 -3.86441289e-01
 -1.52851547e-01 -6.61933886e-01  3.80629097e-11 -3.45407663e-01
 -2.69464214e-01 -2.46921435e-01 -3.54244783e-01 -1.01191664e-01
 -1.92741268e-01 -2.41818283e-01  1.67958042e+00 -3.89854576e-01
 -2.35421152e-01]
    Xi: 0.219763
    Gamma: 1.000000
    QP Objective: 2.6304975492662424

  Function 144:
    Center: [-0.34243371 -0.16507191 -0.55676058 -0.04689958 -0.4643144  -0.35026618
 -0.29179389 -0.26256156 -0.32330236 -0.37136439 -0.29685953 -0.62871259
 -0.31205521 -0.17492717 -0.19011441 -0.3013776  -0.32113541 -0.34787592
  0.62406812 -0.16789311 -0.67441898 -0.11817151 -0.2902092  -0.21299439
 -0.32881467 -0.29923993 -0.22789481 -0.23183016 -0.16673145 -0.22523952
 -0.16053931 -0.14321202 -0.17492026 -0.14521515 -0.19806739 -0.24213022
 -0.32345561 -0.05983624 -0.18091134 -0.18530385 -0.12090468 -0.17259996
 -0.20599311 -0.12734332  0.38432689 -0.19738748 -0.0713879  -0.11154623
 -0.15845336 -0.51430655 -0.15519768 11.41015606 -0.30835494 -0.1030484
 -0.11991789 -0.24207296 -0.39633257]
    Weight (w): [-6.00348927e-02 -1.53298318e-01 -2.90848909e-02  5.38861028e-01
 -7.15048651e-02 -4.89943025e-02 -5.73713579e-02 -3.65317126e-02
 -1.04987087e-01 -1.17963769e-01 -6.55267594e-02 -1.39127150e-01
 -1.39131894e-01 -6.62762394e-02 -7.72751754e-02  2.22485683e-02
 -3.11230869e-02 -7.79650161e-02  1.34418418e-01  4.41547278e-02
 -1.03281690e-01 -7.33983784e-02  1.82703583e-01 -7.43815283e-02
 -2.92214225e-01 -7.72265360e-02 -1.18184753e-01 -1.10739771e-01
 -2.47220684e-01  2.22340858e-01  1.31500612e-10  5.40901916e-12
 -3.49495713e-01 -3.70492727e-02 -2.25622181e-01 -7.45516479e-02
 -1.13108432e-01  2.78693173e-01 -1.06822893e-01  2.95533160e-02
 -9.78314336e-01 -7.02165220e-01  3.09052954e-03 -5.32336619e-02
 -2.54601464e-01 -2.08162761e-01  7.89897888e-11 -3.13693091e-01
  7.94166699e-02 -2.24511297e-02 -1.34996946e-01 -1.00438767e-01
 -4.06942758e-03 -8.31361219e-02  9.36874248e-01 -5.15729006e-02
 -9.16696657e-02]
    Xi: 0.076615
    Gamma: 1.000000
    QP Objective: 2.4785023244997437

  Function 145:
    Center: [-0.34243371 -0.16507191  0.35577833 -0.04689958 -0.4643144  -0.35026618
 -0.29179389 -0.26256156 -0.32330236 -0.37136439 -0.29685953 -0.09482515
 -0.31205521 -0.17492717 -0.19011441 -0.3013776  -0.32113541 -0.34787592
  1.14792687 -0.16789311 -0.67441898 -0.11817151 -0.2902092   0.8263483
 -0.32881467 -0.29923993 -0.22789481 -0.23183016 -0.16673145 -0.22523952
 -0.16053931 -0.14321202 -0.17492026 -0.14521515 -0.19806739 -0.24213022
 -0.32345561 -0.05983624 -0.18091134 -0.18530385 -0.12090468 -0.17259996
 -0.20599311 -0.12734332  0.15695919 -0.19738748 -0.0713879  -0.11154623
 -0.15845336 -0.16657824 -0.15519768  0.25004095 -0.30835494 -0.1030484
 -0.08483626 -0.14457212 -0.40128076]
    Weight (w): [-1.02342309e-01 -9.17796560e-02 -8.07374037e-02  1.17448871e-01
 -2.22379445e-02 -1.19308757e-01  7.00933565e-02 -2.84232715e-01
 -2.86308472e-01 -1.95652101e-01 -2.64534568e-01 -1.06628935e-01
 -1.80104087e-01 -2.13544036e-01 -7.93921941e-02  2.31024505e-01
 -2.81335517e-01 -2.30343621e-01 -5.63850631e-03 -1.36597661e-01
  1.09288825e-01 -2.77387367e-01 -8.96495223e-02 -1.56431604e-01
 -9.14027125e-01 -7.38080267e-02 -5.79773621e-01 -8.60964988e-02
 -2.53993852e-01  6.04670686e-09  1.53531094e-09  8.19604429e-10
 -2.52883584e-01  6.32498447e-01 -8.44230641e-02  8.52064266e-02
 -3.24986954e-01  1.09072729e-01 -3.18149296e-01 -2.03682703e-01
 -1.00511747e+00  4.67930520e-01 -1.16740749e-01 -1.21934587e-01
 -2.42771694e-01 -5.83238533e-01  5.49957861e-09 -3.59602495e-01
  1.38466041e-01 -2.85044484e-01 -3.49770767e-01  6.89112035e-02
  2.42632988e-01 -2.96894153e-01  2.45574358e-01 -4.87190415e-02
 -1.74603850e-01]
    Xi: 0.274676
    Gamma: 1.000000
    QP Objective: 2.8441717100668615

  Function 146:
    Center: [-0.34243371 -0.16507191 -0.55676058 -0.04689958 -0.4643144  -0.35026618
 -0.29179389 -0.26256156 -0.32330236 -0.37136439 -0.29685953 -0.62871259
  3.97361512 -0.17492717 -0.19011441 -0.3013776  -0.32113541 -0.34787592
 -0.93624235 -0.16789311 -0.67441898 -0.11817151 -0.2902092  -0.21299439
 -0.32881467 -0.29923993 -0.22789481 -0.23183016 -0.16673145 -0.22523952
 -0.16053931 -0.14321202 -0.17492026 -0.14521515 -0.19806739 -0.24213022
 -0.32345561 -0.05983624 -0.18091134 -0.18530385 -0.12090468 -0.17259996
 -0.20599311 -0.12734332  0.97746003 -0.19738748 -0.0713879  -0.11154623
  0.85204237 -0.51430655 -0.15519768 -0.32991229  0.69223366 -0.1030484
 -0.12067437 -0.24720458 -0.41777474]
    Weight (w): [-2.17375227e-01 -2.23247236e-01 -2.05817345e-01  6.68207550e-02
 -2.45275401e-01 -2.54850503e-01 -8.11469164e-02 -1.68751660e-01
 -2.56531062e-01 -1.85503683e-01 -1.10018865e-01 -2.81539438e-01
  1.64212880e-02 -2.21941867e-01 -5.15529515e-02 -2.39002040e-01
 -8.82885258e-02 -2.58568664e-01 -1.62445043e-01  1.66317675e-01
 -2.32383667e-01  4.83157095e-02 -1.53106821e-01 -2.56697728e-01
 -2.39040868e-01 -2.84873357e-02 -5.87826033e-01 -1.97186411e-01
 -2.57521546e-01  1.58632620e-10  2.96001912e-11  1.02009253e-11
 -5.42387066e-01 -2.74059401e-01 -7.01593621e-02 -1.65846543e-01
 -2.80713308e-01 -6.08772968e-02 -3.58916541e-01 -1.28668472e-02
 -1.01907743e+00 -1.02250308e+00 -6.01890165e-02 -5.10897409e-01
 -2.67445723e-01 -4.44127132e-01  1.40424119e-10 -3.64596978e-01
 -3.46503330e-01 -1.46143975e-02 -3.85612954e-01 -1.02062111e-01
  2.33751145e-01 -8.56927325e-02  1.56086219e+00  1.70824090e-01
 -2.48159229e-01]
    Xi: 0.233310
    Gamma: 1.000000
    QP Objective: 2.479618002330318

  Function 147:
    Center: [-0.34243371 -0.16507191 -0.16000453 -0.04689958  0.42795894  0.38020916
 -0.29179389 -0.26256156  0.03565376 -0.37136439 -0.29685953 -0.04840015
 -0.31205521 -0.17492717 -0.19011441 -0.3013776  -0.09591378 -0.34787592
 -0.82358456 -0.16789311 -0.67441898 -0.11817151 -0.2902092  -0.21299439
 -0.32881467 -0.29923993 -0.22789481 -0.23183016 -0.16673145 -0.22523952
 -0.16053931 -0.14321202 -0.17492026 -0.14521515 -0.19806739 -0.24213022
 -0.08727532 -0.05983624 -0.18091134 -0.18530385 -0.12090468 -0.17259996
 -0.20599311 -0.12734332 -0.29777621 -0.19738748 -0.0713879  -0.11154623
 -0.15845336 -0.33304392 -0.15519768 -0.32991229 -0.30835494 -0.1030484
 -0.12792394 -0.21641484 -0.0334651 ]
    Weight (w): [-3.73378561e-01 -5.42907688e-01 -1.32682564e-01 -6.56267464e-02
 -2.91009853e-03 -2.02557519e-01  1.22421315e-01 -3.04521236e-01
 -3.86420176e-01 -3.85042528e-01 -2.31635755e-01 -1.05338113e-01
  1.59192184e-02 -3.39751674e-01  1.63470633e-01 -3.60840310e-01
 -3.30025178e-01 -2.66682793e-01 -3.12667701e-02 -1.70916136e-01
 -3.34042061e-01  7.85436309e-01  4.59527127e-01 -3.85207737e-01
 -9.62993935e-01 -1.23613963e-01 -5.69274494e-01  3.92734333e-02
 -2.00324147e-01  4.67937530e-01  7.46920890e-11  4.29171808e-11
 -2.83337205e-01 -2.77919393e-01 -5.30706825e-02 -9.97909698e-02
 -3.40261301e-01  3.95954763e-03  7.25244047e-02 -8.15133585e-02
 -1.03343064e+00  4.24992179e-01  9.72414860e-01 -4.50097002e-01
 -6.12016252e-01 -5.14778740e-01  3.29560750e-10 -3.69732146e-01
  9.13941408e-02 -3.55419531e-01 -6.23537864e-01 -6.46559366e-02
 -4.13805220e-02 -3.16396004e-01  4.43541064e-01  5.50294351e-01
 -2.64094281e-01]
    Xi: 0.346819
    Gamma: 1.000000
    QP Objective: 2.837899063434441

  Function 148:
    Center: [ 8.33429755e-02  1.44901097e-01 -5.56760578e-01 -4.68995838e-02
 -4.64314403e-01 -3.50266176e-01 -2.91793886e-01 -2.62561558e-01
 -3.23302359e-01  4.50742116e-01 -2.96859527e-01 -6.28712594e-01
 -3.12055206e-01 -1.74927167e-01 -1.90114405e-01 -3.01377603e-01
 -2.83472834e-02 -3.47875919e-01 -4.85611171e-01 -1.67893113e-01
 -2.33002201e-01 -1.18171509e-01 -2.90209203e-01 -2.12994388e-01
 -3.28814669e-01 -2.99239934e-01 -2.27894812e-01 -2.31830156e-01
 -1.66731450e-01 -2.25239518e-01 -1.60539307e-01 -1.43212021e-01
 -1.74920257e-01  2.49430390e-01 -1.98067390e-01 -2.42130222e-01
  2.51070793e+00 -5.98362369e-02 -1.80911344e-01 -1.85303849e-01
 -1.20904684e-01 -1.72599962e-01 -2.05993114e-01 -1.27343320e-01
 -2.97776209e-01  3.84377985e-01 -7.13879045e-02  3.43470798e-01
 -1.58453362e-01  4.10502782e-01 -1.55197675e-01 -3.12746659e-01
  1.42843909e+00 -5.54883815e-04  8.87237252e-03  4.66090990e-01
  2.06951684e+00]
    Weight (w): [-2.37999530e-02 -1.17195338e-01 -5.06178686e-02 -6.65642708e-02
 -3.71781082e-02 -8.03186827e-02  1.04770088e-01 -1.03502828e-01
 -7.72216802e-02 -2.54041743e-02  1.48719111e-02 -1.50109236e-02
 -9.95452538e-02 -7.27463527e-02 -7.19161340e-02 -3.77887721e-02
 -3.14750500e-02 -6.43117226e-02 -1.25202250e-01 -1.19568751e-02
 -5.34126190e-02 -1.15947272e-01  2.92906609e-01 -9.51682764e-02
 -6.85367023e-01  8.90247449e-02 -6.04621062e-01  4.02060558e-01
  1.96574365e-01  3.39382933e-10  7.35743954e-11  2.72228512e-11
 -2.05650880e-01 -1.46613316e-01 -2.03904166e-01  9.73689692e-02
 -4.62069722e-02 -2.46325976e-02  4.01757102e-01  3.05299901e-02
 -1.04819393e+00 -9.54491854e-02  3.31639151e-01 -8.63065694e-02
 -9.97547978e-02 -6.64461402e-01  2.34724946e-10 -5.70433148e-01
  3.74837037e-01  2.51660458e-02 -1.43068678e-01 -2.03410795e-02
 -1.81596019e-03 -1.17379660e-01  1.37888413e+00 -3.41644788e-02
  4.61129462e-02]
    Xi: 0.102405
    Gamma: 1.000000
    QP Objective: 2.2779905702753958

  Function 149:
    Center: [-0.34243371 -0.16507191  3.03388165 -0.04689958  2.52480128 -0.35026618
 -0.29179389 -0.26256156 -0.32330236 -0.37136439  0.6955842  -0.62871259
 -0.31205521 -0.17492717 -0.19011441  0.1830587  -0.32113541  0.02872603
  1.10286375 -0.16789311 -0.0081295  -0.11817151 -0.2902092  -0.21299439
 -0.32881467 -0.29923993 -0.22789481 -0.23183016 -0.16673145 -0.22523952
 -0.16053931 -0.14321202 -0.17492026 -0.14521515 -0.19806739 -0.24213022
 -0.32345561 -0.05983624 -0.18091134 -0.18530385 -0.12090468 -0.17259996
 -0.20599311 -0.12734332  0.09764588 -0.19738748 -0.0713879  -0.11154623
 -0.15845336 -0.51430655 -0.15519768  0.03914886 -0.30835494 -0.1030484
 -0.11396063 -0.18049348 -0.19675546]
    Weight (w): [-2.61405093e-01 -8.49371296e-01  2.45068250e-02 -6.75289717e-02
  1.16802700e-02 -2.72292256e-01  6.08468523e-02 -2.93416516e-01
 -3.38512544e-01 -1.89750024e-01 -1.18454122e-01 -1.08506677e-01
 -2.56153994e-01 -2.73932178e-01  1.09865467e-01  8.81165553e-02
 -8.44809691e-02 -8.89906963e-02 -1.72769637e-03  3.16197840e-01
  4.02049626e-02 -2.73026125e-01  2.58639565e-01 -2.99771407e-01
 -9.49070568e-01 -8.15931234e-02 -6.06390554e-01 -2.42413403e-01
 -2.68718135e-01  1.32387330e-07  4.99188427e-12  1.10057705e-12
 -1.21176562e-01  2.70397339e-12 -2.12586268e-01 -1.35743272e-01
 -2.25511721e-01 -1.64222491e-01 -1.77727027e-01 -4.64077819e-01
 -1.06338515e+00 -2.59604174e-01 -2.20347613e-01 -6.07312858e-01
 -1.36791035e-01 -4.10576580e-01  9.81897406e-12 -5.07265360e-02
 -4.55489353e-01 -2.95920041e-01 -5.35934615e-01  2.15743656e-01
  2.96022397e-01 -2.94954031e-01  5.74763154e-01  4.27331510e-01
 -2.39115148e-01]
    Xi: 0.242052
    Gamma: 1.000000
    QP Objective: 2.78622930187764

  Function 150:
    Center: [ 0.4108635   0.01316257 -0.55676058 -0.04689958 -0.12227629  0.48978046
 -0.29179389  0.90942683  0.50229671 -0.01460119  0.84445076 -0.36176887
 -0.31205521 -0.17492717 -0.19011441 -0.02282673 -0.32113541 -0.34787592
  0.68039701 -0.16789311  0.91634716 -0.11817151  0.36646769  0.30667695
 -0.32881467 -0.29923993 -0.22789481 -0.23183016 -0.16673145 -0.22523952
 -0.16053931 -0.14321202 -0.17492026 -0.14521515 -0.19806739 -0.24213022
 -0.32345561 -0.05983624 -0.18091134 -0.18530385 -0.12090468 -0.17259996
 -0.20599311 -0.12734332 -0.07040851 -0.19738748 -0.0713879  -0.11154623
 -0.15845336 -0.51430655 -0.15519768  0.12375092  0.52546889 -0.00754308
 -0.09173911 -0.14457212 -0.22644462]
    Weight (w): [-1.83065313e-01 -4.28454412e-01 -6.16220205e-02 -6.85220447e-02
 -9.84970155e-02 -3.57900179e-02  3.05016914e-01 -1.30323910e-01
 -1.90175338e-01 -1.56153801e-01 -3.25007446e-02  2.29508113e-02
  8.92916621e-02 -1.39148900e-01  1.41473307e-01 -1.47863464e-02
 -2.70139567e-02 -1.95127381e-01  1.74477710e-01  2.15125266e-01
  2.05248796e-02 -1.15780407e-01 -7.48903612e-02 -3.74573931e-02
 -8.87776887e-01  6.08586506e-02 -9.04613771e-02 -1.97002481e-01
 -2.72669872e-01  1.40750604e-10  5.08661094e-11  3.18977070e-12
 -3.68157830e-01  1.39561288e-11  3.78873065e-01  7.27079580e-02
 -1.78957839e-01  2.37877135e-02 -3.50970799e-01  4.01106224e-02
 -1.07902317e+00  1.07641643e-02  4.22909607e-03 -2.20263694e-01
 -3.56526162e-01 -3.40502865e-01  2.83711375e-11 -5.14725145e-02
 -3.34515383e-02 -1.66647693e-01 -2.38796516e-01 -4.46173451e-02
  7.65071210e-02 -2.10584285e-01  3.36294066e-01  1.09815669e+00
 -7.02035779e-02]
    Xi: 0.162934
    Gamma: 1.000000
    QP Objective: 2.7084193642086856

  Function 151:
    Center: [-0.34243371 -0.16507191 -0.55676058 -0.04689958 -0.4643144  -0.35026618
 -0.29179389 -0.26256156 -0.32330236 -0.37136439 -0.29685953 -0.62871259
 -0.31205521  2.45078317 -0.19011441 -0.3013776   1.66081501  1.30917265
  0.55647344 -0.16789311  0.79141788 -0.11817151 -0.2902092  -0.21299439
  0.19776324 -0.29923993 -0.22789481 -0.23183016 -0.16673145 -0.22523952
 -0.16053931 -0.14321202 -0.17492026 -0.14521515 -0.19806739 -0.24213022
 -0.32345561 -0.05983624 -0.18091134 -0.18530385 -0.12090468 -0.17259996
 -0.20599311 -0.12734332 -0.29777621 -0.19738748 -0.0713879  -0.11154623
 -0.15845336 -0.51430655 -0.15519768 -0.32991229 -0.30835494 -0.1030484
 -0.12045373 -0.2523362  -0.40622896]
    Weight (w): [-1.49011344e-01  3.52281991e-04 -1.51038540e-01 -7.16845625e-02
 -2.51963866e-02 -1.21185808e-01  2.87362042e-02 -1.04853589e-01
 -1.51024169e-01 -1.63631289e-01 -4.27462448e-02 -7.73260090e-02
 -9.36816224e-02 -8.99746840e-02  2.17906549e-01 -8.57516918e-02
  7.98430508e-02 -3.34364300e-02  1.72671971e-02 -6.43855828e-02
 -6.29132776e-03 -2.48671893e-01 -1.39088040e-01 -1.47344869e-01
 -1.63917924e+00  8.42935078e-01 -2.98309954e-01 -1.26225155e-01
 -2.85254634e-01  7.89858018e-01  7.97296863e-03  8.34601592e-10
 -3.24443374e-02  3.48180053e-09 -1.94537005e-01 -1.01170581e-01
 -1.71828392e-01 -1.74328464e-01  3.40158091e-01 -1.44616191e-01
 -5.96359973e-01 -5.23512819e-01 -1.23191294e-01 -5.03590423e-02
 -1.90953289e-01 -1.49494363e-01  1.15609103e-08 -5.38481659e-02
  6.06265427e-01 -1.29696378e-01 -2.07042122e-01 -4.59184243e-02
  7.65287924e-02  5.01305445e-01  3.02130364e-01  1.06930346e+00
 -1.28156071e-01]
    Xi: 0.120275
    Gamma: 1.000000
    QP Objective: 2.370833060042237

  Function 152:
    Center: [-0.34243371 -0.16507191 -0.55676058 -0.04689958 -0.4643144  -0.35026618
 -0.29179389 -0.26256156 -0.32330236 -0.37136439 -0.29685953  0.19533107
  2.04672458 -0.17492717 -0.19011441 -0.3013776  -0.32113541 -0.34787592
 -0.53630718 -0.16789311 -0.67441898 -0.11817151 -0.2902092  -0.21299439
 -0.32881467 -0.29923993 -0.22789481 -0.23183016 -0.16673145 -0.22523952
 -0.16053931 -0.14321202 -0.17492026 -0.14521515 -0.19806739 -0.24213022
 -0.32345561 -0.05983624 -0.18091134 -0.18530385 -0.12090468 -0.17259996
 -0.20599311 -0.12734332 -0.29777621  0.58195871 -0.0713879  -0.11154623
 -0.15845336 -0.05190188 -0.15519768 -0.32991229  0.20007423 -0.1030484
 -0.12354268 -0.24720458 -0.42107353]
    Weight (w): [-2.07849157e-01 -1.95451723e-01 -1.37153693e-01 -7.28046722e-02
 -1.14253444e-01 -1.51275233e-01 -1.33076144e-01 -1.92564712e-01
 -2.16460832e-01 -1.80091250e-01  1.01600013e-01 -7.75170969e-03
  7.91653875e-02  2.71652280e-02 -9.05568464e-02 -1.30002487e-01
 -1.35245824e-01 -1.59679933e-01 -1.64302507e-01 -1.03891474e-01
 -9.85264562e-02 -1.39306162e-01 -4.96204159e-02 -1.96035811e-01
 -6.24152180e-01 -1.46503242e-01 -5.53809477e-01  7.29750230e-01
 -2.89711739e-01  1.50779558e-10  2.06529654e-11  1.44842196e-11
 -1.78579176e-01  9.93529500e-11  5.07445459e-01  4.03185398e-01
 -2.07487841e-01 -1.77052372e-01  1.03764957e+00 -2.19684184e-01
 -6.05678097e-01  4.49548403e-02  6.17231161e-01 -3.99808727e-01
 -1.59347039e-01 -1.36561547e+00  2.42635226e-02  5.94939388e-02
  1.06187547e-01 -1.55663193e-01 -3.36448624e-01 -1.84765323e-01
 -1.44660879e-03 -2.33951079e-01  4.18576443e-01  4.56021500e-01
 -2.05923240e-01]
    Xi: 0.192381
    Gamma: 1.000000
    QP Objective: 2.367160299528947

  Function 153:
    Center: [-0.34243371 -0.16507191 -0.55676058 -0.04689958 -0.4643144  -0.35026618
 -0.29179389 -0.26256156 -0.32330236 -0.37136439 -0.29685953 -0.62871259
 -0.31205521  2.21208223 -0.19011441 -0.3013776  -0.32113541 -0.34787592
  2.21817592 -0.16789311  2.65702844 -0.11817151 -0.2902092   3.40211061
 -0.32881467 -0.29923993 -0.22789481 -0.23183016 -0.16673145 -0.22523952
 -0.16053931 -0.14321202 -0.17492026 -0.14521515 -0.19806739 -0.24213022
 -0.32345561 -0.05983624 -0.18091134 -0.18530385 -0.12090468 -0.17259996
 -0.20599311 -0.12734332 -0.29777621 -0.19738748 -0.0713879  -0.11154623
  0.3426868   0.38830736 -0.15519768 -0.32991229 -0.30835494 -0.1030484
 -0.10346451 -0.23694133 -0.43261932]
    Weight (w): [-1.64998461e-01 -1.07200895e-01 -7.50188429e-02  3.82689780e-01
 -5.13122947e-02 -1.34839930e-01 -5.54141939e-02 -1.28515760e-01
 -1.13538570e-01 -1.05102765e-02 -1.13213617e-01 -1.43956871e-01
 -9.67381972e-02 -9.32531343e-02  1.94813881e-01 -1.08710993e-01
 -2.64365292e-03 -8.95623809e-02  6.44362185e-02 -1.05590388e-01
  4.61735996e-02  1.62708845e-01 -1.07455177e-01 -4.10869313e-02
 -2.76181437e-01 -7.69965681e-02 -6.13175407e-01  1.81679117e-01
 -2.99057279e-01  3.54220606e-02  4.24391291e-12  5.56035087e-12
 -3.21540207e-01  1.25505958e-01 -2.01357974e-02  2.25882313e-02
 -1.20578490e-01 -2.37397066e-02 -3.08531102e-01 -2.87531522e-01
 -6.25216101e-01 -5.75034626e-02  4.92934438e-02 -5.64957458e-01
  8.11903593e-02 -2.21070305e-01  2.42328382e-11 -5.64537256e-02
 -3.83727708e-01 -1.42017034e-01 -1.20687258e-01 -4.24249347e-02
  3.97167591e-02  3.04104557e-02  8.00210800e-01  9.73538652e-01
 -1.46603435e-01]
    Xi: 0.135552
    Gamma: 1.000000
    QP Objective: 2.4447787892618913

  Function 154:
    Center: [-0.34243371 -0.16507191 -0.55676058 -0.04689958 -0.4643144  -0.35026618
 -0.29179389 -0.26256156 -0.32330236 -0.37136439 -0.29685953 -0.62871259
 -0.31205521 -0.17492717 -0.19011441 -0.3013776  -0.32113541 -0.34787592
 -0.93624235 -0.16789311 -0.67441898 -0.11817151 -0.2902092  -0.21299439
 -0.32881467 -0.29923993 -0.22789481 -0.23183016 -0.16673145 -0.22523952
 -0.16053931 -0.14321202 -0.17492026 -0.14521515 -0.04774853 -0.24213022
 -0.32345561 -0.05983624 -0.18091134 -0.18530385 -0.12090468 -0.17259996
 -0.20599311 -0.12734332 -0.21869179 -0.19738748 -0.0713879  -0.11154623
 -0.15845336  7.85706751 -0.15519768 -0.32991229 -0.30835494 -0.1030484
 -0.06437985 -0.22154647  1.69345419]
    Weight (w): [-1.87450136e-01 -1.86002709e-01 -1.65337330e-01 -7.63851948e-02
 -1.58457007e-01 -1.77445531e-01 -6.37748752e-02 -1.62430811e-01
 -1.67433978e-01 -1.85032412e-01 -1.81693880e-01 -1.79575286e-01
 -1.74366401e-01 -1.30337902e-01 -9.50101661e-02 -1.20989096e-01
 -1.55119212e-01 -1.89791805e-01 -1.82000222e-01 -1.78639685e-01
 -1.70812661e-01  5.95788178e-01 -5.31013557e-03 -1.77857450e-01
 -4.79841631e-01 -7.52644859e-03 -6.23227459e-01 -1.01793637e-01
  1.27630783e-01  2.28124150e-02  6.80502377e-09  1.95323994e-09
 -1.78950508e-01  2.22916856e-01 -2.69440298e-01 -1.81855279e-01
 -1.70152765e-01  1.09926603e-02 -1.09150487e-01 -2.24030063e-01
 -6.35465545e-01 -1.13017800e-01 -3.90826897e-02 -3.50397862e-01
 -1.75963613e-01 -2.49977311e-01  1.71811279e-08 -5.73791912e-02
  1.42002715e-01  1.81351744e-03 -2.35141696e-01 -1.26805495e-01
 -9.74435306e-02  2.63739719e-01  2.77391475e-01  5.97383307e-01
 -5.92717445e-02]
    Xi: 0.177264
    Gamma: 1.000000
    QP Objective: 2.1451538630888214

  Function 155:
    Center: [12.75838729 -0.16507191  1.42701966 -0.04689958  1.02280783 -0.35026618
 -0.29179389 -0.26256156 -0.32330236 -0.37136439 -0.29685953  0.53191229
 -0.31205521 -0.17492717 -0.19011441 -0.3013776  -0.32113541 -0.34787592
 -0.93624235 -0.16789311 -0.67441898 -0.11817151 -0.2902092  -0.21299439
 -0.32881467 -0.29923993 -0.22789481 -0.23183016 -0.16673145 -0.22523952
 -0.16053931 -0.14321202 -0.17492026 -0.14521515 -0.19806739 -0.24213022
 -0.32345561 -0.05983624 -0.18091134 -0.18530385 -0.12090468 -0.17259996
 -0.20599311 -0.12734332 -0.29777621 -0.19738748 -0.0713879  -0.11154623
 -0.15845336  0.10716532 -0.15519768 -0.12392467 -0.30835494 -0.1030484
 -0.11764846 -0.21641484 -0.3781892 ]
    Weight (w): [-3.57299363e-02 -1.44312507e-01 -1.89441241e-03  4.50583909e-01
  5.95788645e-02 -9.41711072e-02 -3.38048488e-02 -4.77596602e-02
 -1.14901990e-01 -1.03590170e-01 -8.67823709e-02 -1.85329959e-02
 -6.31921505e-02 -8.48267266e-02 -2.74526969e-02  1.50984317e-02
  6.93821921e-02 -6.54087647e-02 -1.92292733e-02  1.84554050e-02
 -5.06418555e-02  1.28092869e-09 -3.50680179e-02 -8.93569253e-02
 -3.21947320e-01  6.18794191e-02 -6.33614587e-01 -6.96946719e-02
  3.97850279e-02  8.28866188e-02  8.00174179e-11  4.66589282e-11
 -1.32866533e-01  8.02150823e-11 -6.75541065e-02 -1.24200019e-02
 -9.82906571e-02 -4.34979166e-04 -6.47980003e-02 -1.44222843e-01
 -6.46056637e-01 -2.75766954e-01 -7.88450212e-02 -4.23592646e-01
 -2.56381900e-01 -1.23426414e-01  2.84608861e-10 -5.83355163e-02
  6.26954338e-02 -9.38947174e-02 -1.38351238e-01  6.65699796e-02
  1.49748107e-01  2.46115832e-01  4.74452246e-01 -5.22152170e-02
 -9.00439121e-02]
    Xi: 0.088220
    Gamma: 1.000000
    QP Objective: 2.2997243521358044

  Function 156:
    Center: [ 0.4108635  -0.16507191 -0.55676058 -0.04689958 -0.4643144   0.48978046
 -0.29179389 -0.26256156 -0.32330236 -0.37136439 -0.29685953  0.4390623
  1.21616832 -0.17492717 -0.19011441 -0.3013776  -0.32113541 -0.34787592
  0.61843523 -0.16789311  1.62427974 -0.11817151 -0.2902092   1.34601964
 -0.32881467 -0.29923993 -0.22789481 -0.23183016 -0.16673145 -0.22523952
 -0.16053931 -0.14321202  0.65264592 -0.14521515 -0.19806739 -0.24213022
 -0.32345561 -0.05983624 -0.18091134 -0.18530385 -0.12090468 -0.17259996
 -0.20599311 -0.12734332 -0.29777621 -0.19738748 -0.0713879  -0.11154623
 -0.15845336  1.13185406 -0.15519768 -0.0822367   0.18380449 -0.1030484
 -0.10232979 -0.23180971 -0.23304221]
    Weight (w): [ 1.23542654e-02 -6.36735400e-02  1.32378864e-01 -7.89745447e-02
 -7.01258816e-03  7.80275111e-04  4.29427491e-02  6.74086412e-02
 -9.57094916e-02 -1.54812939e-01  1.29956615e-03 -4.03292715e-02
 -2.88614384e-02 -6.10978287e-02 -8.55906308e-02  2.45469791e-02
 -1.41023218e-02 -1.10710683e-01  5.83959026e-02 -1.15018590e-01
  2.21037672e-02  2.29048588e-08 -3.55826329e-02 -9.41808421e-02
 -3.95436727e-01 -1.61474113e-01 -4.83204567e-01 -1.17387782e-01
 -3.14263580e-01  1.20091193e-01  1.63042740e-09  3.43714982e-10
 -6.61254876e-01  6.12961871e-01  3.33594922e-01 -6.46074926e-02
 -1.44187727e-01  6.26598233e-01 -2.01119199e-01  2.06085937e-02
 -6.57006750e-01 -3.81726676e-01  7.42954250e-02 -2.82559856e-01
 -1.62013592e-01 -1.83245188e-01  1.69271008e-02 -5.93242529e-02
  1.82039851e-01 -8.96972599e-02 -9.08594251e-02 -8.74701549e-02
 -1.65719467e-02  1.17290351e-01  3.58539221e-01  7.34781561e-01
 -1.23768646e-01]
    Xi: 0.108652
    Gamma: 1.000000
    QP Objective: 2.5003052835814192

  Function 157:
    Center: [-0.01491318  0.3928795   0.67318317 -0.04689958  0.45770138  0.01497149
  0.21919387  0.2361569  -0.32330236 -0.37136439  0.19936234 -0.0367939
 -0.31205521 -0.17492717 -0.19011441 -0.3013776  -0.32113541  1.19619206
  1.09723086 -0.16789311  0.10014254 -0.11817151 -0.00469751 -0.21299439
 -0.32881467 -0.29923993 -0.22789481 -0.23183016 -0.16673145 -0.22523952
 -0.16053931 -0.14321202 -0.17492026 -0.14521515 -0.19806739 -0.24213022
 -0.32345561 -0.05983624 -0.18091134 -0.18530385 -0.12090468 -0.17259996
  0.68771204 -0.12734332 -0.29777621  0.2526575  -0.0713879  -0.11154623
 -0.15845336 -0.0629996  -0.15519768 -0.13741196 -0.30835494 -0.1030484
 -0.09388246 -0.11891401  0.23373731]
    Weight (w): [ 9.07863984e-03 -6.21791471e-01 -4.09113283e-03 -8.03361904e-02
  5.29652173e-02 -8.92234798e-03  4.63202573e-03 -1.08908807e-01
 -1.15358972e-01 -1.15186039e-01 -5.39268901e-02  8.63425561e-02
 -1.35868003e-01  1.82804766e-01  1.84885464e-01  1.35805737e-01
 -7.64435419e-02  6.83929090e-02 -3.45384406e-02  2.16836456e-01
 -7.76676291e-02  1.65390337e-10 -5.98117049e-02 -4.79617133e-02
 -5.93035425e-01  9.07924185e-02 -5.69504050e-01 -3.54889318e-02
 -1.67201102e-01  1.74504541e-11  3.51553935e-02  5.07824519e-12
  2.54969510e-01  7.43698399e-12 -2.17748370e-01  2.32568863e-01
 -1.76290769e-01 -3.62958241e-02  7.38295115e-02 -1.62370736e-01
 -6.68334452e-01  8.07831816e-02 -1.59217136e-01  1.40114680e-01
 -3.45659745e-01 -6.95342228e-01  1.98918163e-11  2.33137223e-01
  3.22835301e-01 -1.45099297e-01 -3.73192029e-01  4.23664526e-02
  2.79376605e-02  3.50548457e-02  1.19730774e-01  6.88023370e-01
 -1.12774928e-01]
    Xi: 0.128018
    Gamma: 1.000000
    QP Objective: 2.5580437467004637

  Function 158:
    Center: [-0.34243371 -0.16507191  1.7841001  -0.04689958 -0.22637485 -0.35026618
 -0.29179389 -0.26256156 -0.32330236 -0.12318129 -0.29685953 -0.44301261
  0.2195008  -0.17492717 -0.19011441 -0.3013776   0.03921921 -0.34787592
  0.6860299  -0.16789311 -0.25798806 -0.11817151 -0.2902092  -0.21299439
 -0.32881467 -0.29923993 -0.22789481 -0.23183016 -0.16673145 -0.22523952
 -0.16053931 -0.14321202 -0.17492026 -0.14521515 -0.19806739 -0.24213022
 -0.32345561 -0.05983624 -0.18091134 -0.18530385 -0.12090468 -0.17259996
 -0.20599311 -0.12734332  0.02844701 -0.19738748 -0.0713879  -0.11154623
 -0.03111447  0.86920821 -0.15519768  0.35793923 -0.30835494 -0.1030484
 -0.1175539  -0.21641484 -0.24293859]
    Weight (w): [-1.22385877e-01  6.43507071e-02  9.78519092e-02  1.43533356e-01
  1.60572141e-01 -1.41949555e-01  1.03393274e-01 -2.52590327e-01
 -2.28687528e-01 -1.81140690e-01 -2.15131756e-01 -2.74752240e-01
 -8.12649350e-02 -2.29119313e-01  4.72759097e-03  3.53439827e-01
 -1.76065945e-01 -2.37489536e-01 -8.44265384e-02 -5.21473282e-02
  3.71909896e-02  1.33529959e-08 -1.44481074e-01 -2.40264962e-01
 -5.00830126e-01 -5.17560429e-02 -6.47602739e-01 -2.23392752e-01
 -4.47867407e-03  6.78853472e-02  5.44289072e-10  3.10367353e-10
 -6.25141585e-02  1.51354304e+00 -1.73184788e-01  8.11876318e-02
 -1.32098534e-01 -1.98781536e-01 -2.57714893e-01  1.07508012e-01
 -6.80059618e-01  1.82071955e-01  5.15944120e-01 -2.44414031e-01
 -3.13720150e-01 -1.73071756e-01  2.62405694e-09 -6.14058060e-02
 -3.59168185e-02 -2.03707635e-01 -2.58292066e-01  1.57597704e-01
  2.05437594e-01  5.25882439e-01  1.02458530e-01  2.82008711e-01
 -2.40433392e-01]
    Xi: 0.230518
    Gamma: 1.000000
    QP Objective: 2.7397254808134237

  Function 159:
    Center: [-0.34243371 -0.16507191 -0.55676058 -0.04689958 -0.4643144  -0.35026618
 -0.29179389 -0.26256156 -0.32330236 -0.37136439 -0.29685953 -0.62871259
 -0.31205521 -0.17492717 -0.19011441 -0.3013776  -0.32113541 -0.34787592
  1.22678732 -0.16789311  0.39164419 -0.11817151 -0.2902092  -0.21299439
 -0.32881467 -0.29923993 -0.22789481 -0.23183016 -0.16673145 -0.22523952
 -0.16053931 -0.14321202 -0.17492026 -0.14521515 -0.19806739 -0.24213022
  2.69965217 -0.05983624 -0.18091134 -0.18530385 -0.12090468 -0.17259996
 -0.20599311 -0.12734332  0.96757447 -0.19738748 -0.0713879  -0.11154623
 -0.15845336 -0.51430655 -0.15519768  1.56811651 -0.30835494 -0.1030484
 -0.0620789  -0.19588835 -0.37159161]
    Weight (w): [-1.04944405e-02 -3.55938047e-01 -1.27928697e-01 -8.32053370e-02
 -8.44881347e-02 -2.13301594e-01 -1.35575075e-01 -2.11601478e-01
 -2.19320258e-01 -3.05223388e-01 -3.45439772e-02 -2.23337523e-01
 -2.92694408e-01 -2.70412082e-01 -1.03493523e-01 -4.70021084e-02
 -1.70977740e-01 -2.17310829e-01  2.58669271e-01  4.40513312e-01
 -6.04121418e-02  5.83818514e-09 -1.37815877e-01 -2.05706943e-01
 -6.08557420e-01  1.13618490e-01 -7.41581189e-02 -2.78112327e-01
 -3.31099130e-01  8.46880755e-10  6.75582339e-10  5.85397509e-11
 -5.28952218e-01  3.04940252e-10 -2.68426526e-01 -1.48619913e-01
 -1.60113342e-01  6.92068831e-02 -3.91300809e-01  7.52056777e-02
 -6.92203540e-01 -1.16785300e+00  6.29764251e-01 -2.39014136e-01
 -2.91787620e-01 -3.63121993e-01  9.81664010e-10 -6.25023386e-02
  3.22102785e-01  1.72105516e-01 -2.09781731e-01  1.00340342e-01
  8.12785021e-02  1.73960799e-01  8.13263987e-01  8.01657278e-02
 -2.28881914e-01]
    Xi: 0.208686
    Gamma: 1.000000
    QP Objective: 2.440225682045233

  Function 160:
    Center: [-0.34243371 -0.16507191 -0.55676058 -0.04689958 -0.4643144   0.81849435
 -0.29179389  1.35827344 -0.32330236 -0.37136439 -0.29685953  1.25149972
 -0.31205521  0.77987659 -0.19011441 -0.3013776  -0.32113541  0.2546872
 -0.93624235 -0.16789311 -0.67441898 -0.11817151 -0.2902092  -0.21299439
 -0.13733179  0.06158407 -0.22789481  0.36239379 -0.16673145 -0.22523952
 -0.16053931 -0.14321202 -0.17492026 -0.14521515 -0.19806739 -0.24213022
 -0.32345561 -0.05983624 -0.18091134 -0.18530385 -0.12090468 -0.17259996
 -0.20599311 -0.12734332 -0.29777621 -0.19738748 -0.0713879  -0.11154623
 -0.15845336 -0.21466833 -0.15519768 -0.32991229 -0.30835494 -0.1030484
 -0.03462507  0.17872011 -0.0351145 ]
    Weight (w): [-8.76637590e-02 -3.04170355e-02 -1.09097665e-01 -8.47181597e-02
  4.80949672e-03 -3.87490706e-02 -1.00397598e-01 -1.04460641e-01
 -1.66295515e-01 -1.47563004e-01 -8.23319311e-02  7.18993916e-03
 -1.93062459e-01 -5.20939197e-02 -2.40797827e-02 -2.01361097e-02
 -2.01029164e-03 -1.02909876e-01 -8.12781750e-02 -1.65815944e-01
 -1.50504222e-01  9.88049876e-02  2.70758797e-01 -1.50903283e-01
 -9.12663835e-02 -2.99143724e-01 -4.86329044e-01 -2.95968341e-01
 -3.37119115e-01  1.24651632e-01  8.29273703e-11  2.87189958e-11
 -1.81362372e-01  7.27455364e-11 -2.73307009e-01  5.22838534e-02
 -1.87889508e-01 -1.55852072e-01  1.22744690e-01 -2.66191392e-01
 -7.04789059e-01  1.90315965e-01  4.42420274e-01 -5.57436864e-01
 -2.32215564e-01  3.80805071e-02  2.96590142e-10 -7.43957919e-03
 -1.45286234e-01  1.47647222e-01 -1.38838597e-01 -7.82353983e-02
  8.37901633e-02 -7.31479819e-03  1.51916460e-01  2.88507988e-02
 -1.44895994e-01]
    Xi: 0.165095
    Gamma: 1.000000
    QP Objective: 2.2930959670509306

  Function 161:
    Center: [-0.34243371 -0.16507191  1.12945262 -0.04689958  1.55817183 -0.35026618
 -0.29179389 -0.26256156 -0.32330236 -0.10766985 -0.29685953 -0.23410013
  0.25272305 -0.17492717 -0.19011441 -0.3013776  -0.32113541 -0.34787592
 -0.45744672 -0.16789311 -0.67441898 -0.11817151 -0.2902092  -0.21299439
 -0.32881467 -0.29923993 -0.22789481 -0.23183016 -0.16673145 -0.22523952
 -0.16053931 -0.14321202 -0.17492026 -0.14521515 -0.19806739 -0.24213022
 -0.32345561 -0.05983624 -0.18091134 -0.18530385 -0.12090468 -0.17259996
 -0.20599311 -0.12734332 -0.29777621 -0.19738748 -0.0713879  -0.11154623
 -0.01879135 -0.51430655 -0.15519768 -0.32991229 -0.30835494 -0.1030484
 -0.1294369  -0.2523362  -0.32046028]
    Weight (w): [-3.59347823e-01 -8.23382208e-01 -4.89467724e-02  4.80443665e-02
  4.50056499e-02 -2.12819203e-01  8.08222060e-02 -3.75218969e-01
 -3.91464921e-01 -2.02555911e-01 -2.27344840e-01 -7.11038452e-02
 -3.22738094e-01 -3.56485093e-01  1.38492950e-01 -1.56953073e-01
  2.11436359e-01 -1.80521716e-01 -2.36115732e-01  5.90923524e-02
 -1.31822390e-01  3.54571488e-10  7.46560572e-02 -3.29912326e-01
 -7.43708994e-01 -1.42727806e-01 -7.04016208e-01  2.04907510e-02
 -3.43362061e-01  4.67937530e-01  1.28498549e-11  6.96412097e-12
 -3.57895722e-01  1.54847853e-11 -2.78368250e-01  1.07051328e-01
 -3.53036233e-01 -2.09839850e-01 -3.35578458e-01 -4.94312543e-01
 -7.17840708e-01 -5.71505551e-01  1.32048132e+00 -8.48273292e-01
 -3.45511056e-01 -6.79013601e-01  3.78398122e-11 -6.48172405e-02
 -6.36050355e-01  1.38734267e-03 -5.74884348e-01  3.45158012e-02
  3.58219290e-01 -1.88707128e-01  6.81002850e-01  8.82741162e-01
 -3.12012116e-01]
    Xi: 0.311971
    Gamma: 1.000000
    QP Objective: 2.876123058936942

  Function 162:
    Center: [-0.34243371  0.43937546  2.53793659 -0.04689958 -0.4643144  -0.35026618
 -0.29179389 -0.26256156 -0.32330236 -0.37136439 -0.29685953  0.27657482
 -0.31205521 -0.17492717 -0.19011441 -0.3013776  -0.32113541  2.58961926
  2.13931547 -0.16789311  2.57374226 -0.11817151 -0.2902092  -0.21299439
 -0.32881467 -0.29923993 -0.22789481 -0.23183016 -0.16673145 -0.22523952
 -0.16053931 -0.14321202 -0.17492026 -0.14521515 -0.19806739 -0.24213022
 -0.32345561 -0.05983624 -0.18091134 -0.18530385 -0.12090468 -0.17259996
 -0.20599311 -0.12734332 -0.29777621 -0.19738748 -0.0713879  -0.11154623
 -0.15845336 -0.00751104 -0.15519768  0.00726983 -0.30835494 -0.1030484
 -0.11241616 -0.22154647 -0.40293016]
    Weight (w): [-3.14595258e-01 -5.09716017e-02  4.30576107e-02 -8.79150660e-02
 -9.66438881e-02 -2.56677440e-01 -4.80077312e-02 -2.22597843e-01
 -2.13565144e-01 -2.74339136e-01 -2.00676680e-01  7.08089973e-02
 -2.04257538e-01 -1.94871510e-01 -2.70959016e-02 -2.34428738e-02
 -1.62521603e-01  1.41124206e-01  1.47138633e-01 -2.56131883e-01
  4.15195631e-02  2.18523520e-08 -2.59042369e-01 -2.69852624e-01
 -7.43842530e-01 -8.79471730e-02 -7.17299532e-01 -3.70862690e-01
  2.22757665e-02  2.87507370e-09  1.26080155e-09  3.40101360e-08
  3.56121365e-01  9.67455606e-10 -2.29318785e-01 -4.37680226e-02
 -3.47522407e-01 -2.13799087e-01 -3.16889465e-01 -2.79636882e-01
 -7.31384872e-01 -2.35687660e-02  5.58529123e-01 -6.54949295e-01
 -3.87772340e-01 -4.09716419e-01  3.21230756e-09 -6.60402062e-02
 -5.76207397e-01 -7.36224445e-02 -2.40842231e-01  1.09587457e-01
  1.67175904e-01  1.33892984e-01  5.36848483e-01  1.02904417e+00
 -2.67979923e-01]
    Xi: 0.253512
    Gamma: 1.000000
    QP Objective: 2.678041789272336

  Function 163:
    Center: [-0.34243371 -0.06433068  0.47480515 -0.04689958 -0.4643144   0.12454279
 -0.29179389  1.70737637 -0.32330236 -0.37136439 -0.29685953 -0.47783136
 -0.31205521 -0.17492717 -0.19011441 -0.14393581 -0.32113541 -0.34787592
 -0.78978722 -0.16789311 -0.34960286 -0.11817151 -0.2902092  -0.21299439
 -0.32881467 -0.29923993 -0.22789481 -0.23183016 -0.16673145 -0.22523952
 -0.16053931 -0.14321202 -0.17492026 -0.14521515 -0.19806739 -0.24213022
 -0.32345561 -0.05983624 -0.18091134 -0.18530385 -0.12090468 -0.0030501
 -0.20599311 -0.12734332 -0.29777621 -0.19738748 -0.0713879  -0.11154623
 -0.07629924 -0.28865307 -0.15519768 -0.28086762 -0.14565761 -0.1030484
 -0.10617522 -0.13430888  0.14631924]
    Weight (w): [-1.30915869e-01 -5.69507040e-01 -5.67537396e-02 -5.39594197e-02
 -5.77907148e-03 -5.60261807e-02 -7.45126792e-02 -1.45691623e-01
 -2.03210809e-01 -2.56088683e-01 -1.60678892e-01 -6.11518517e-02
 -2.42812262e-01 -1.17917704e-01  1.60524096e-02 -1.11588142e-02
 -1.45765399e-01 -2.36608930e-01  2.87153175e-02  3.78459937e-01
 -1.96641444e-01  1.46489719e-10  1.52974998e-01 -2.53422733e-01
 -6.48820173e-01  2.80706081e-02 -6.70455227e-01 -4.51819351e-01
  3.81298967e-01  1.18525573e-01  7.06281234e-06  3.78823102e-12
 -2.19511610e-01  6.85046811e-12 -2.89072045e-01  3.89249652e-01
 -2.61712290e-01 -2.17910614e-01 -4.79512479e-01 -3.09597158e-01
 -7.45449966e-01 -1.28492432e+00  2.86215894e-01 -6.89696731e-01
 -4.57209962e-01 -2.15487522e-01  6.17864581e-11 -6.73102113e-02
 -6.20693258e-02  2.39478251e-01 -4.38289451e-01 -3.17987085e-02
  1.32324468e-01  4.32958551e-02  2.65335878e-01  6.66578865e-01
 -2.11045740e-01]
    Xi: 0.228360
    Gamma: 1.000000
    QP Objective: 2.54786928903681

  Function 164:
    Center: [-0.34243371 -0.16507191 -0.55676058 -0.04689958 -0.4643144  -0.35026618
 -0.29179389 -0.26256156 -0.32330236 -0.37136439 -0.29685953 -0.62871259
 -0.31205521 -0.17492717 -0.19011441 -0.3013776  -0.32113541 -0.34787592
  5.93025029 -0.16789311  3.38161826 -0.11817151 -0.2902092  21.81655167
 -0.32881467 -0.29923993 -0.22789481 -0.23183016 -0.16673145 -0.22523952
 -0.16053931 -0.14321202 -0.17492026 -0.14521515 -0.19806739 -0.24213022
 -0.32345561 -0.05983624 -0.18091134 -0.18530385 -0.12090468 -0.17259996
 -0.20599311 -0.12734332 -0.29777621 -0.19738748 -0.0713879  -0.11154623
 -0.15845336 -0.51430655 -0.15519768 -0.32991229 -0.30835494 -0.1030484
 -0.13211609 -0.26259945 -0.45571088]
    Weight (w): [-1.00409375e-01  4.04213005e-02 -1.66172185e-01  9.80431235e-02
 -1.77030789e-01 -1.25376949e-01 -1.42999704e-01 -1.86014984e-01
 -2.11364544e-01 -1.45175449e-01 -1.51769983e-01 -6.91218898e-02
 -2.02477864e-01  7.88172267e-02 -8.86284096e-02 -1.14687407e-01
 -1.38349009e-01 -1.87509327e-01  9.39063710e-02 -1.67198161e-01
  1.17033479e-01  4.93516294e-10 -1.82527622e-01  1.08517380e-01
 -5.11726329e-01 -9.97864677e-02 -3.90395823e-01 -1.79522302e-01
 -2.75316552e-01  1.02659802e-01  2.22633570e-11  6.86513981e-12
 -2.72964757e-01  1.51137431e-11  8.42844339e-11 -2.56420848e-01
 -1.97730128e-01  8.18216334e-03 -8.12972051e-02 -2.05882508e-01
 -7.75267965e-01 -3.96665130e-01  4.10342114e-01 -5.13603929e-01
 -2.00345762e-01 -2.95372269e-01  7.24687538e-11 -7.00026197e-02
 -1.77602404e-01 -1.75229783e-01 -2.30388067e-01  1.74275573e-01
  2.37781374e-02 -1.33917414e-01  7.79734885e-01 -2.43626572e-01
 -1.78777256e-01]
    Xi: 0.170540
    Gamma: 1.000000
    QP Objective: 2.382569842896872

  Function 165:
    Center: [-0.34243371 -0.16507191 -0.55676058 -0.04689958 -0.4643144   0.48978046
  0.29584203  0.31096467 -0.32330236 -0.37136439 -0.29685953 -0.09482515
 -0.31205521  1.19760324 -0.19011441 -0.3013776  -0.32113541 -0.34787592
 -0.80668589 -0.16789311 -0.67441898 -0.11817151  0.36646769 -0.21299439
 -0.32881467 -0.29923993 -0.22789481 -0.23183016 -0.16673145 -0.22523952
 -0.16053931 -0.14321202  0.23886283 -0.14521515 -0.19806739 -0.24213022
  0.21975907 -0.05983624 -0.18091134 -0.18530385 -0.12090468 -0.17259996
 -0.20599311 -0.12734332 -0.29777621 -0.19738748 -0.0713879  -0.11154623
  0.14140919 -0.51430655 -0.15519768 -0.32991229 -0.30835494 -0.1030484
 -0.06327665  0.11200902 -0.12583136]
    Weight (w): [-2.18057106e-01 -2.90238016e-01 -3.15180708e-02 -9.50918170e-02
 -1.72704260e-01 -7.24921364e-02  1.23204081e-03 -8.34202699e-02
 -2.69710348e-01 -2.04363084e-01 -1.56028895e-01 -5.20168162e-02
 -2.57229523e-01  4.39555191e-02 -1.18278332e-01 -2.70381805e-01
 -1.57061037e-01 -2.05978693e-01 -1.74398823e-01 -2.58188029e-01
 -1.77391109e-01  7.05935839e-10  3.24614895e-01  1.61283601e-02
 -7.96552685e-03 -6.55470617e-01 -7.04222155e-01 -3.22526132e-01
 -2.58342341e-01  2.09525567e-01  2.32733485e-11  7.38771412e-12
 -8.85880506e-02  3.01959296e-11  1.08784933e-10 -1.82266848e-01
 -2.54238964e-01  9.15784592e-02  2.57535722e-02 -4.13178855e-01
 -7.91089760e-01 -4.05595921e-01  4.93651069e-01 -5.57677374e-01
 -4.04958824e-01 -3.20958009e-01  1.05450599e-10  7.92345222e-03
 -2.34472262e-01 -4.72503990e-02 -2.94544671e-01 -2.05513416e-01
 -2.00944720e-01  1.97902298e-01  4.44084671e-01 -4.19263051e-01
 -1.25395289e-01]
    Xi: 0.264763
    Gamma: 1.000000
    QP Objective: 2.4238448474646725

  Function 166:
    Center: [-0.34243371 -0.16507191 -0.55676058 -0.04689958 -0.4643144  -0.35026618
 -0.29179389 -0.26256156 -0.32330236 -0.37136439 -0.29685953 -0.62871259
 -0.31205521 -0.17492717 -0.19011441 -0.3013776  -0.32113541 -0.34787592
  0.57337211 -0.16789311  0.4416159  -0.11817151 -0.2902092  -0.21299439
 -0.32881467 -0.29923993 -0.22789481 -0.23183016 -0.16673145 -0.22523952
 -0.16053931 -0.14321202 -0.17492026 -0.14521515 -0.19806739 -0.24213022
 -0.32345561 -0.05983624 -0.18091134 -0.18530385 -0.12090468 -0.17259996
 -0.20599311 -0.12734332  0.36455579 -0.19738748 -0.0713879  -0.11154623
 -0.15845336 -0.51430655 -0.15519768  0.24758872 -0.30835494 -0.1030484
 -0.13107593 -0.25746783 -0.41612534]
    Weight (w): [-2.38042977e-01 -4.47578145e-01 -1.20612012e-01 -9.70728968e-02
  3.46599532e-02 -4.23671842e-01 -2.31347121e-01 -4.61632255e-01
 -4.79575163e-01 -5.11608894e-01 -3.53121442e-01 -6.32051587e-01
 -3.49168961e-01 -3.16398701e-01 -1.20742466e-01 -1.96321202e-01
 -2.97256839e-01 -4.23999497e-01  1.40425931e-01  8.73230469e-01
  1.43905269e-01  7.60972398e-11 -3.89089762e-01 -1.39273763e-02
 -8.33090805e-01 -6.00873499e-01 -4.10321618e-01 -6.43384950e-01
 -3.86282319e-01  8.66477263e-02  4.04728460e-12  5.53521166e-13
 -7.52833800e-01  3.13764231e-12  7.84608631e-12 -2.49618428e-01
 -5.82723373e-01 -2.36069832e-01 -6.38696529e-01 -8.00527818e-01
 -8.07570797e-01 -9.40362009e-01  2.49926591e-01 -9.54723125e-01
 -6.73855651e-01 -6.96580825e-01  1.28443352e-11 -7.29193956e-02
  3.93930278e-01 -7.07170874e-02 -7.03810692e-01  1.45660215e-01
  2.40532973e-01  7.84399417e-02  1.64317438e+00  7.87219569e-01
 -4.73454225e-01]
    Xi: 0.460235
    Gamma: 1.000000
    QP Objective: 3.081271036660388

  Function 167:
    Center: [-0.34243371 -0.16507191 -0.55676058 -0.04689958 -0.4643144  -0.35026618
  4.25599711 -0.26256156 -0.32330236  2.38967254 -0.29685953 -0.62871259
 -0.31205521 -0.17492717 -0.19011441  1.85436393 -0.32113541  3.0038814
  2.07735368 -0.16789311  0.80807512 -0.11817151 -0.2902092  -0.21299439
 -0.32881467 -0.29923993 -0.22789481 -0.23183016 -0.16673145 -0.22523952
 -0.16053931 -0.14321202 -0.17492026 -0.14521515 -0.19806739 -0.24213022
 -0.32345561 -0.05983624 -0.18091134 -0.18530385 -0.12090468 -0.17259996
 -0.20599311 -0.12734332 -0.29777621 -0.19738748 -0.0713879  -0.11154623
 -0.15845336 -0.51430655 -0.15519768 -0.32991229 -0.30835494 -0.1030484
  0.05700324 -0.08812427 -0.36334462]
    Weight (w): [-2.06897372e-01  2.92323014e-01 -2.01760677e-01 -1.01293423e-01
 -6.93623753e-02 -1.64719524e-01  9.77733400e-02 -1.52520280e-01
 -1.70737269e-01 -1.10984079e-01 -9.82691359e-02  1.94337196e-01
 -2.14983818e-01 -1.15023634e-01  9.70992804e-02 -2.59126291e-02
 -1.03114102e-01 -8.80661149e-03 -4.59689189e-02 -1.64202129e-01
  1.35649565e-01  7.46410159e-03 -1.09416661e-01 -4.97670949e-03
 -5.90054618e-01  2.60820597e-01 -8.26453809e-01 -1.36171686e-01
 -4.03077201e-01  6.06185446e-09  2.70402540e-09  3.16592543e-10
 -2.14469053e-01  1.51571137e-09  4.86972305e-09 -1.93015786e-01
 -2.07897049e-01 -2.46333701e-01 -7.59236352e-02 -2.50970209e-01
 -8.42682570e-01 -7.94399376e-01 -6.45491296e-02 -7.04621812e-01
 -2.61491092e-01 -1.90578785e-01  6.29625871e-09 -7.60897995e-02
 -8.97933749e-02  6.71095373e-02 -5.57417872e-02  4.49920562e-01
  2.02618968e-02 -8.30863432e-02  7.42252654e-02 -2.14066568e-01
 -1.59083233e-01]
    Xi: 0.148556
    Gamma: 1.000000
    QP Objective: 2.6942973850482024

  Function 168:
    Center: [-0.34243371 -0.16507191 -0.55676058 -0.04689958  0.82948194 -0.35026618
  1.93100284 -0.26256156 -0.32330236 -0.37136439 -0.29685953 -0.62871259
 -0.31205521 -0.17492717 -0.19011441  2.88379107 -0.32113541  1.29034255
  0.54520766 -0.16789311 -0.67441898 -0.11817151 -0.2902092  -0.21299439
 -0.32881467 -0.29923993 -0.22789481 -0.23183016 -0.16673145 -0.22523952
 -0.16053931 -0.14321202 -0.17492026 -0.14521515 -0.19806739 -0.24213022
 -0.32345561 -0.05983624 -0.18091134 -0.18530385 -0.12090468 -0.17259996
 -0.20599311 -0.12734332 -0.29777621 -0.19738748 -0.0713879  -0.11154623
 -0.15845336 -0.51430655 -0.15519768  0.64852891  0.33836696 -0.1030484
  0.41803205  0.43016963 -0.13242895]
    Weight (w): [-2.31911930e-01 -4.94348449e-02 -8.59743743e-02  4.67422973e-01
  2.76093111e-02 -2.31223772e-01  1.08164079e-01 -2.61894628e-01
 -2.92798252e-01 -1.17333810e-01 -1.79230030e-01 -7.47876106e-02
 -2.98368092e-01  1.44010878e-01 -1.28791948e-01  5.50101505e-02
 -1.53264475e-01  9.74206582e-02  1.67993517e-02 -1.45700894e-01
 -2.01689697e-02  3.27426429e-01 -5.68358353e-02  3.26186226e-03
 -1.37378079e-01 -4.65993669e-01 -8.44819449e-01 -3.18861573e-01
 -4.12034473e-01  1.00474024e-09  1.45904393e-10  4.20793461e-11
 -9.29789461e-02  3.71578824e-10  1.29298288e-09 -1.76545106e-01
 -2.48431705e-01 -2.51807816e-01 -6.21456079e-02  1.95501809e-01
 -8.61408850e-01 -1.14058291e+00  9.17764208e-03 -2.21699651e-01
 -4.87541454e-01 -6.47594345e-01  7.07253116e-10 -7.77806882e-02
 -5.75126388e-01 -1.52349710e-01 -2.36456212e-01  2.45156617e-02
  8.83599485e-03  2.05457341e-01 -3.58732802e-01  1.00866245e-01
 -2.50352820e-01]
    Xi: 0.239888
    Gamma: 1.000000
    QP Objective: 2.7052682723421406

  Function 169:
    Center: [-0.34243371 -0.16507191 -0.55676058 -0.04689958  0.69564094 -0.35026618
 -0.29179389 -0.26256156  2.47655536  0.8385282  -0.29685953  0.27657482
 -0.31205521 -0.17492717 -0.19011441  0.64327318 -0.32113541 -0.34787592
 -0.05751155 -0.16789311 -0.67441898 -0.11817151 -0.2902092  -0.21299439
  0.13792484  0.58026859 -0.22789481  2.66501157 -0.16673145 -0.22523952
 -0.16053931 -0.14321202 -0.17492026 -0.14521515 -0.19806739 -0.24213022
 -0.32345561 -0.05983624 -0.18091134 -0.18530385 -0.12090468 -0.17259996
 -0.20599311 -0.12734332 -0.29777621 -0.19738748 -0.0713879  -0.11154623
 -0.15845336  1.49807855 -0.15519768 -0.32991229  0.24481599 -0.1030484
 -0.08105387 -0.21128322 -0.34190245]
    Weight (w): [-1.17926330e-01 -1.86608217e-01 -2.91706738e-02 -1.05897692e-01
  3.31416875e-02 -1.03765942e-01  2.79670920e-01 -1.08512195e-01
 -4.60493861e-02 -1.67990811e-03 -7.29981574e-02  1.96696473e-02
 -1.51248301e-01  4.70569020e-01 -1.11133049e-01 -2.10019761e-02
 -9.37268928e-02 -6.25116513e-02 -1.04456884e-01  4.26522300e-02
  2.34960004e-02  5.33940752e-09 -1.35256863e-02  1.87148922e-01
 -4.26422122e-01 -5.72252374e-02 -5.84839802e-01 -9.07232835e-02
 -2.77823076e-01  1.59339020e-01  5.81616992e-10  3.35495110e-11
 -1.76471722e-01  2.20850679e-10  1.28022715e-09 -1.39321682e-01
 -1.21148047e-01  7.22536912e-02  2.79892191e-01 -8.38686510e-02
 -8.80986324e-01 -4.59298498e-01  7.51698392e-01 -2.76641499e-01
 -1.67080712e-01  3.11390064e-01  8.58009183e-10 -7.95484312e-02
  3.65296004e-02 -2.67524979e-02 -8.84418875e-02  1.12900950e-02
 -2.41120204e-02 -6.22341217e-02  6.85552156e-01  3.94754827e-01
 -1.05411099e-01]
    Xi: 0.099287
    Gamma: 1.000000
    QP Objective: 2.223437957629761

  Function 170:
    Center: [-0.34243371 -0.16507191 -0.55676058 -0.04689958 -0.4643144  -0.35026618
 -0.29179389 -0.26256156 -0.32330236 -0.37136439 -0.29685953 -0.62871259
 -0.31205521 -0.17492717 -0.19011441 -0.3013776  -0.32113541 -0.34787592
 -0.93624235 -0.16789311 -0.67441898 -0.11817151 -0.2902092  -0.21299439
 -0.32881467 -0.29923993 -0.22789481 -0.23183016 -0.16673145 -0.22523952
 -0.16053931 -0.14321202 -0.17492026 -0.14521515 -0.19806739 -0.24213022
 -0.32345561 -0.05983624 -0.18091134 -0.18530385 -0.12090468 -0.17259996
 -0.20599311 -0.12734332  0.37444134 -0.19738748 -0.0713879  -0.11154623
 -0.15845336 -0.09999197 -0.15519768 -0.32991229  3.36453736 -0.1030484
 -0.09161303 -0.19588835 -0.33530486]
    Weight (w): [-5.36776064e-01 -6.71606230e-01 -4.09009739e-01 -1.08360443e-01
 -4.39655500e-01 -5.42906107e-01  8.28017715e-02 -5.04196233e-01
 -5.86491985e-01 -5.28142551e-01 -5.78415677e-01 -5.02638866e-01
 -5.83776274e-01 -4.15848877e-01  1.10360198e+00 -3.10614905e-01
 -4.51915901e-01 -4.12794265e-01 -5.39534755e-01 -5.30859889e-01
 -4.12978636e-01  5.23275490e-10 -3.00809055e-01  2.74255005e-02
 -8.79054967e-01 -7.99624400e-01 -8.84113377e-01 -4.08626845e-01
 -4.31198867e-01  5.66587409e-03  2.36817187e-11  5.90558137e-12
 -5.25941912e-01  2.60390420e-11  9.38693790e-11 -5.66512724e-01
 -5.60101071e-01 -2.63519812e-01 -3.42226446e-01 -1.74398973e-01
 -9.01474378e-01 -1.28765364e+00  4.09628560e-02 -1.06573757e+00
 -8.33418975e-02 -7.03659484e-01  7.76940584e-11 -8.13983950e-02
 -2.82759649e-01  4.15276433e-01 -6.18643871e-01 -2.64559895e-01
  1.65713312e-01 -1.54722956e-01  2.60655892e+00  2.89069901e-01
 -5.38118701e-01]
    Xi: 0.534282
    Gamma: 1.000000
    QP Objective: 2.690432323250641

  Function 171:
    Center: [-0.34243371 -0.16507191 -0.39805816 -0.04689958 -0.4643144   0.27063786
 -0.29179389 -0.26256156 -0.32330236 -0.37136439 -0.29685953 -0.43140636
 -0.31205521 -0.17492717 -0.19011441 -0.20449034 -0.32113541 -0.19723514
 -0.84048323 -0.16789311 -0.46620352 -0.11817151 -0.2902092  -0.03223914
 -0.32881467 -0.29923993 -0.22789481 -0.23183016 -0.16673145 -0.22523952
 -0.16053931 -0.14321202 -0.17492026 -0.14521515 -0.19806739 -0.24213022
 -0.13451138 -0.05983624 -0.18091134 -0.18530385  0.10060045 -0.17259996
 -0.20599311 -0.12734332 -0.29777621  0.45023823 -0.0713879  -0.11154623
 -0.15845336 -0.23686375 -0.15519768 -0.31519889 -0.25954574 -0.1030484
 -0.09879957  0.09148253  0.53062888]
    Weight (w): [-1.22396233e-01 -3.82863333e-01 -1.08749154e-01 -1.05976735e-01
 -3.00095853e-02 -6.33536206e-02  1.58183607e-01 -1.00556890e-01
 -1.23022623e-01 -1.54616351e-01  3.65680485e-02 -2.12607177e-02
 -1.34423694e-01  3.02962725e-02 -9.27403573e-02 -3.45440244e-02
 -9.34796658e-02 -8.54779349e-02 -8.40464303e-02  2.75852689e-03
 -7.17677299e-02  3.13475908e-01  1.86678400e-01  9.80171303e-02
 -5.32156458e-01  1.90507366e-01 -5.59670070e-01  1.09739159e+00
 -2.86934464e-03  3.28464204e-10  4.70746056e-11  5.54003899e-11
 -2.32132136e-01  9.82295815e-11  1.82575006e-10  5.28191788e-02
 -1.38604161e-01  7.53887421e-03  6.79856021e-01 -2.40315070e-01
 -2.77971164e+00 -1.06872193e-01  6.07319287e-01 -3.24248745e-01
 -2.59941438e-01 -1.08148682e+00  5.52663574e-03  4.71078878e-02
  5.43097097e-02 -7.42839834e-02 -2.69067288e-01  2.75859832e-02
  2.27115550e-01 -2.67763008e-02  1.13778804e+00  2.06055639e-01
 -1.06072630e-01]
    Xi: 0.117128
    Gamma: 1.000000
    QP Objective: 2.206844205568964

  Function 172:
    Center: [-0.34243371 -0.16507191 -0.55676058 -0.04689958  0.05617838  0.92806565
 -0.29179389 -0.26256156 -0.32330236 -0.37136439 -0.29685953 -0.62871259
 -0.31205521 -0.17492717 -0.19011441 -0.3013776  -0.32113541 -0.34787592
  0.07204492 -0.16789311 -0.08308707 -0.11817151 -0.2902092  -0.21299439
 -0.11938027 -0.29923993 -0.22789481 -0.23183016 -0.16673145 -0.22523952
 -0.16053931 -0.14321202 -0.17492026 -0.14521515 -0.19806739 -0.24213022
 -0.32345561 -0.05983624 -0.18091134 -0.18530385 -0.12090468 -0.17259996
 -0.20599311 -0.12734332 -0.29777621  0.18679726 -0.0713879  -0.11154623
 -0.15845336 -0.27755536 -0.15519768 -0.32991229 -0.30835494 -0.1030484
 -0.12360572 -0.22667809 -0.36664341]
    Weight (w): [-1.95325615e-01 -8.10504235e-01 -1.90113983e-01 -1.16487476e-01
  3.25774343e-02 -1.17282036e-01  6.51906687e-01 -2.17775396e-01
 -2.61728415e-01 -2.24231443e-01 -1.44454664e-01 -3.68957142e-02
 -2.26958181e-01  3.11268439e-01 -1.44890958e-01  1.10919659e-01
  4.91149927e-02 -1.09204683e-01 -2.69494193e-02  2.22798250e-01
 -8.02588955e-03  1.43827633e-01  2.52369036e-01  5.19347344e-01
 -1.78778853e+00  6.42036198e-01 -1.97188590e-01  7.92381431e-01
 -4.63538783e-01  1.50977421e-01  1.98451021e-11  4.03024644e-12
 -3.82382063e-01  1.35701208e-11  3.14570685e-11  1.64613198e-01
 -2.37860432e-01 -2.83283798e-01  3.04947806e-01 -2.99783231e-01
  3.53273880e-13 -4.12762816e-01  2.10479655e-01 -1.01010981e+00
 -4.04447728e-01 -1.04567655e+00  3.61676715e-11 -8.75032747e-02
 -4.23185273e-02  1.21476447e-02 -4.12196958e-01  1.82510220e-01
  3.39737797e-01 -2.48030686e-01  8.93324860e-01  3.41404426e-01
 -1.95613117e-01]
    Xi: 0.205790
    Gamma: 1.000000
    QP Objective: 2.4331709461207525

  Function 173:
    Center: [-0.34243371 -0.16507191  2.20069395 -0.04689958 -0.4643144  -0.35026618
 -0.29179389 -0.26256156 -0.32330236 -0.37136439 -0.29685953 -0.23410013
 -0.31205521 -0.17492717 -0.19011441  0.95815678 -0.32113541 -0.34787592
  1.60982383  0.49915091 -0.67441898 -0.11817151 -0.2902092  -0.21299439
 -0.32881467 -0.29923993 -0.22789481 -0.23183016 -0.16673145 -0.22523952
 -0.16053931 -0.14321202 -0.17492026 -0.14521515 -0.19806739 -0.24213022
 -0.32345561 -0.05983624 -0.18091134 -0.18530385 -0.12090468 -0.17259996
 -0.20599311 -0.12734332  0.73032122  0.17582055 -0.0713879  -0.11154623
 -0.15845336 -0.0629996  -0.15519768 -0.32991229 -0.30835494 -0.1030484
 -0.10176244 -0.0265448  -0.28912173]
    Weight (w): [-2.67251036e-01 -7.36441395e-01  1.27326756e-01  9.47359025e-02
 -4.35497565e-02 -2.13003198e-01  1.46814698e-01 -2.81120040e-01
 -3.41170054e-01 -1.76799050e-01 -2.60219545e-01 -2.24528562e-01
 -3.35163218e-01 -1.61697020e-01 -1.33866365e-01  1.15914541e-01
 -1.41260213e-01 -4.58402398e-02  1.52269055e-01 -2.34504780e-01
 -1.10197040e-01  1.65476189e-09  4.23969178e-03  1.19317750e-01
 -3.07339058e-01  7.23629606e-02 -9.22387960e-01  2.42511772e-01
 -2.89402887e-01  2.57040384e-10  6.58128864e-11  1.12221259e-10
 -5.58834185e-01  5.06298171e-11  1.69885721e-10 -3.60389674e-03
 -3.09373262e-01  2.28010522e-01  1.50240889e-01 -3.98309834e-01
  1.55221987e-12 -5.76391675e-01  5.76660643e-01 -9.91081405e-01
 -2.04173335e-01 -5.59944459e-01  2.40895688e-10 -8.97469482e-02
 -4.49378165e-01 -1.29924099e-01 -3.91639669e-01  1.81519353e-01
  7.28611928e-01 -6.58644920e-02  8.87523046e-01  1.42185486e-01
 -2.37638630e-01]
    Xi: 0.240742
    Gamma: 1.000000
    QP Objective: 2.2775322043483675

  Function 174:
    Center: [ 1.81920176  0.34638355  0.75253438 -0.04689958 -0.4643144  -0.35026618
 -0.29179389 -0.26256156 -0.32330236  1.69165759 -0.29685953 -0.62871259
 -0.31205521 -0.17492717 -0.19011441  0.49794229 -0.32113541 -0.34787592
  0.93950994 -0.16789311  1.54099355 -0.11817151 -0.2902092  -0.21299439
 -0.32881467 -0.29923993 -0.22789481 -0.23183016 -0.16673145 -0.22523952
 -0.16053931 -0.14321202 -0.17492026 -0.14521515 -0.19806739 -0.24213022
 -0.32345561 -0.05983624 -0.18091134 -0.18530385 -0.12090468 -0.17259996
 -0.20599311 -0.12734332 -0.29777621 -0.19738748 -0.0713879  -0.11154623
 -0.15845336 -0.51430655 -0.15519768 -0.18645663 -0.30835494 -0.1030484
 -0.08524601 -0.18049348 -0.3072651 ]
    Weight (w): [-9.80557731e-02 -8.66258832e-01  1.89533383e-02 -1.22618396e-01
  6.64343310e-03 -1.64431667e-01  5.42520628e-01 -1.90677874e-01
 -2.11971288e-01 -9.51972587e-02 -2.79069530e-01  1.43846513e-01
 -2.29633380e-01  3.29888888e-01  3.14881649e-01  1.65934326e-01
  6.59865810e-03  8.71845470e-02  1.41906489e-01 -5.46953310e-02
  8.64664086e-02  3.18627140e-10 -1.82289169e-01 -1.02860702e-02
 -5.81957532e-01  6.46227762e-02 -2.24070245e-01  5.65947594e-02
 -2.42874806e-01  3.26076009e-11  1.96131752e-01  1.89714354e-10
 -6.29841967e-01  1.30457604e-11  7.43227903e-02  1.22874384e-01
 -2.40878196e-01 -7.93934655e-03 -5.57098040e-01 -2.43923955e-01
  1.82089530e-13 -1.09097547e+00  1.41891638e-01 -6.78133759e-01
 -3.70899919e-01 -1.13816889e-01  2.14915293e-11 -5.03702679e-02
 -1.55067320e-02 -9.59116340e-02 -1.75368362e-01  1.68990392e-01
  4.30204243e-01 -9.52741202e-02  1.15422171e+00  6.79703427e-01
 -1.64296738e-01]
    Xi: 0.169928
    Gamma: 1.000000
    QP Objective: 2.390397682817188

  Function 175:
    Center: [-0.34243371 -0.16507191 -0.55676058 -0.04689958  0.66589849  0.56282799
 -0.29179389  2.90430068 -0.32330236 -0.37136439 -0.29685953  0.25336232
 -0.31205521 -0.17492717 -0.19011441 -0.3013776  -0.32113541 -0.34787592
 -0.93624235 -0.16789311 -0.67441898 -0.11817151 -0.2902092  -0.21299439
 -0.32881467 -0.29923993 -0.22789481 -0.23183016 -0.16673145 -0.22523952
 -0.16053931 -0.14321202 -0.17492026 -0.14521515 -0.19806739 -0.24213022
 -0.32345561 -0.05983624 -0.18091134 -0.18530385 -0.12090468 -0.17259996
 -0.20599311 -0.12734332 -0.29777621 -0.19738748 -0.0713879  -0.11154623
 -0.15845336 -0.51430655 -0.15519768 -0.32991229 -0.30835494 -0.1030484
 -0.1277033  -0.24207296 -0.36004582]
    Weight (w): [-2.70607799e-01 -8.53077097e-01 -2.06199754e-01  4.30990158e-01
  9.93483213e-02 -1.75423530e-01  2.18348905e-01 -4.37974572e-02
 -3.75039136e-01 -2.51347123e-01 -3.29762991e-01 -1.03808451e-01
 -3.90852368e-01 -1.18008740e-01 -7.83897766e-02 -1.26169410e-01
 -3.22811237e-02 -7.70344642e-02 -1.48990589e-03  2.90580696e-01
 -1.89817202e-01  4.18692945e-10  2.42460922e-01  1.50584565e-01
 -5.61476657e-01 -2.76177383e-01 -4.32144929e-01  5.07617166e-02
 -5.01123008e-01  1.78547389e-01  3.32926360e-11  4.05035139e-12
 -3.03220791e-01  1.61594564e-11  4.92815853e-11 -1.68673538e-01
 -2.90195943e-01 -3.06252754e-01 -2.08966479e-01 -3.47176382e-01
  4.07536438e-13 -6.41833783e-01  6.95817024e-01 -4.36729452e-01
 -7.81859508e-01 -2.71725234e-01  4.86903592e-11 -9.45981348e-02
 -1.65498572e-01  3.71736685e-02 -6.23938851e-01 -7.06348723e-02
  2.51143976e-01 -1.86305469e-01  8.89694951e-01  2.66896359e-01
 -2.63621600e-01]
    Xi: 0.266404
    Gamma: 1.000000
    QP Objective: 2.3037215136127482

  Function 176:
    Center: [-0.34243371 -0.16507191 -0.55676058 -0.04689958 -0.4643144   2.46206385
 -0.29179389 -0.26256156 -0.32330236 -0.37136439 -0.29685953 -0.62871259
 -0.31205521 -0.17492717 -0.19011441 -0.3013776  -0.32113541 -0.34787592
  3.42924723 -0.16789311 -0.67441898 -0.11817151 -0.2902092  -0.21299439
 -0.32881467 -0.29923993 -0.22789481 -0.23183016 -0.16673145 -0.22523952
 -0.16053931 -0.14321202 -0.17492026 -0.14521515 -0.19806739 -0.24213022
 -0.32345561 -0.05983624 -0.18091134 -0.18530385 -0.12090468 -0.17259996
 -0.20599311 -0.12734332 -0.29777621 -0.19738748 -0.0713879  -0.11154623
 -0.15845336  0.06277447 -0.15519768  0.05263615 -0.30835494 -0.1030484
 -0.1295945  -0.25746783 -0.42272293]
    Weight (w): [-2.61014535e-01 -4.87863455e-01 -1.25791214e-01 -1.33128541e-01
 -2.22254136e-01 -4.55936733e-02  2.21232030e-01  6.22172394e-02
 -3.17180956e-01 -1.85306704e-01 -2.83989982e-01 -1.21400781e-02
 -2.82248904e-01  3.09272115e-02  1.32978440e-01 -3.78718325e-02
 -1.63961112e-01 -4.52573238e-02  2.22006288e-03 -2.37270309e-01
 -5.95899309e-02  8.10175782e-09  1.41596070e-01  2.14151578e-01
 -8.99975103e-01 -1.21002540e-02 -7.00404141e-01 -1.31593873e-01
 -5.29758608e-01  1.65039619e-01  3.96313207e-10  8.71138921e-11
 -6.05031166e-01  2.77727656e-10  9.90412490e-10 -1.17184149e-01
 -2.49784891e-01 -1.85653071e-01 -6.27854139e-02 -1.75477493e-01
  5.05828894e-12 -9.74058407e-02  4.78296771e-01 -1.26034249e+00
 -1.33705147e-01 -5.35151191e-01  8.29902501e-10 -1.00003742e-01
 -5.04742692e-01 -2.25161116e-01 -1.97222228e-01  1.20646327e-02
  4.49709765e-02 -2.28491734e-01  1.63305299e+00  1.91774184e-01
 -2.39256179e-01]
    Xi: 0.232972
    Gamma: 1.000000
    QP Objective: 2.4135499977656267

  Function 177:
    Center: [-0.34243371 -0.16507191  1.42701966 -0.04689958  1.76636894 -0.35026618
 -0.29179389 -0.26256156 -0.32330236  1.17977996  2.1842498   1.69253718
 -0.31205521 -0.17492717 -0.19011441 -0.3013776  -0.32113541 -0.34787592
  2.72513601 -0.16789311  1.82416659 -0.11817151 -0.2902092  -0.21299439
 -0.32881467 -0.29923993 -0.22789481 -0.23183016 -0.16673145 -0.22523952
 -0.16053931 -0.14321202 -0.17492026 -0.14521515 -0.19806739 -0.24213022
 -0.32345561 -0.05983624 -0.18091134 -0.18530385 -0.12090468 -0.17259996
 -0.20599311 -0.12734332 -0.29777621 -0.19738748 -0.0713879  -0.11154623
 -0.15845336 -0.51430655 -0.15519768 -0.15212536 -0.30835494 -0.1030484
 -0.12133629 -0.19588835 -0.38313739]
    Weight (w): [-8.75849143e-03 -1.51315314e-01 -1.05001944e-02 -1.41196922e-01
  9.17032617e-02 -6.75330552e-02  4.30278359e-01 -2.21651858e-01
 -3.08235662e-01 -6.66095138e-02 -7.53897224e-02 -1.12818903e-01
 -3.84442930e-01  2.13687511e-01 -4.10545269e-03  1.63227613e-01
 -1.12543675e-01  1.36577885e-01  2.45288241e-01  4.23164400e-01
  1.47922674e-01  3.23858654e-08 -1.22920406e-02 -1.63815360e-01
 -7.99189349e-01  9.98396291e-02 -3.75641688e-01  6.83647054e-02
 -5.61865190e-01  8.84067822e-02  2.39501730e-09  3.77222374e-10
 -3.11741788e-01  1.38857820e-09  1.19333269e-01 -1.77568546e-01
 -2.71646328e-01 -1.64828255e-01 -4.96723456e-01 -2.92415608e-01
  3.83754893e-11 -4.04203577e-01  3.30054783e-01 -9.81906336e-01
 -5.57604679e-01 -1.25902344e-01  3.66602492e-09  4.32374699e-02
 -3.31764479e-01 -7.39416621e-03 -5.56492068e-01 -4.80358838e-02
  4.88926268e-01 -1.45953940e-01  1.01409233e+00  7.12714074e-01
 -2.18496536e-01]
    Xi: 0.197467
    Gamma: 1.000000
    QP Objective: 2.4373583188967562

  Function 178:
    Center: [-0.34243371 -0.16507191  1.7841001  -0.04689958 -0.4643144  -0.35026618
 -0.29179389 -0.26256156  1.79453874 -0.37136439 -0.29685953 -0.62871259
 -0.31205521 -0.17492717 -0.19011441 -0.3013776  -0.32113541 -0.34787592
  0.06077914 -0.16789311  0.7997465  -0.11817151 -0.2902092  -0.21299439
 -0.32881467 -0.29923993 -0.22789481 -0.23183016 -0.16673145 -0.22523952
 -0.16053931 -0.14321202 -0.17492026 -0.14521515 -0.19806739 -0.24213022
  1.07000813 -0.05983624 -0.18091134 -0.18530385 -0.12090468 -0.17259996
 -0.20599311 -0.12734332 -0.29777621 -0.19738748 -0.0713879  -0.11154623
 -0.15845336 -0.51430655 -0.15519768  0.05386226  0.96475169 -0.1030484
  0.07553694  0.07095603 -0.25448438]
    Weight (w): [-1.54291962e-01 -5.98282671e-01  1.56985011e-01 -1.45609345e-01
 -3.16963453e-02 -2.40349686e-01 -8.94748282e-02 -2.49789501e-01
 -6.62267355e-02 -2.53262196e-01 -2.76190859e-01  1.31908141e-01
 -2.80840517e-01 -5.52975239e-02 -1.81113698e-01  2.51204116e-02
 -2.78279564e-01 -1.09321190e-01  4.92232434e-02 -3.24236100e-03
  2.30397352e-01  8.02338586e-11 -1.55725096e-01 -1.31598395e-01
 -7.99580097e-01 -5.51856872e-02 -1.19107998e-01 -2.70061959e-01
  1.94932354e-01  1.10852813e-11  2.75440021e-02  1.61632344e-12
 -7.50895150e-01  4.46688239e-12  1.04376118e-02 -2.62458577e-01
 -2.38031956e-01  5.30843291e-02 -2.82937249e-01  1.86108790e-01
  1.28349308e-13 -4.14032730e-01  5.02447380e-01 -9.98030157e-01
 -3.02375038e-01 -6.78175670e-01  7.77490257e-12 -1.09379093e-01
 -2.25808676e-01  1.43077097e-01 -2.42149847e-01 -2.10487650e-01
  5.66241290e-03  9.50082169e-02  5.12644003e-01  7.56806222e-01
 -1.99547543e-01]
    Xi: 0.249383
    Gamma: 1.000000
    QP Objective: 2.5081913269601066

  Function 179:
    Center: [-0.34243371 -0.16507191 -0.55676058 -0.04689958 -0.4643144   0.85501812
 -0.29179389 -0.26256156 -0.32330236 -0.37136439 -0.29685953 -0.62871259
  2.41216934  0.30247471 -0.19011441 -0.3013776  -0.32113541 -0.34787592
 -0.75035699 -0.16789311 -0.67441898 -0.11817151 -0.2902092  -0.21299439
 -0.32881467 -0.29923993 -0.22789481 -0.23183016 -0.16673145 -0.22523952
 -0.16053931 -0.14321202 -0.17492026 -0.14521515 -0.19806739 -0.24213022
 -0.32345561 -0.05983624 -0.18091134 -0.18530385 -0.12090468 -0.17259996
 -0.20599311 -0.12734332  0.18661585 -0.02176017 -0.0713879  -0.11154623
 -0.08040694 -0.37003629 -0.15519768 -0.2575714  -0.30835494 -0.1030484
 -0.11219552 -0.0265448  -0.15222173]
    Weight (w): [-1.72473770e-01 -9.13092461e-01 -1.24862583e-01 -1.50306378e-01
 -1.82104822e-01 -1.27194396e-01  2.92840817e-01 -1.13736427e-01
 -2.97352132e-01 -1.94007187e-01 -2.07930244e-01  5.86904745e-02
 -9.72278369e-02 -1.31429822e-01 -1.01567011e-01 -2.35591880e-02
 -1.10209643e-01 -6.71902188e-02  1.68715904e-01  4.25573090e-02
 -5.74286304e-02  1.51202765e-01  4.48250145e-01 -1.54153387e-01
 -6.31400284e-01  1.50549917e-01  7.12220523e-03  9.20457264e-02
 -4.19787367e-01  2.31685002e-01  9.30100863e-09  5.52030711e-10
 -6.51542115e-01  6.12064062e-10  4.45494073e-09 -2.01089940e-01
 -2.06031974e-01  3.30401050e-01  1.66729942e-01 -1.10500803e-01
  8.90179099e-12 -1.22545912e+00  7.40157965e-01 -5.76331116e-01
 -6.30838390e-01 -4.39144084e-01  1.81380171e-09 -1.12907450e-01
 -5.05034719e-02 -1.75846768e-02 -4.73174865e-01 -4.53415334e-02
  6.41538742e-01 -1.15414536e-01  1.53768066e+00  3.20904501e-01
 -1.74549976e-01]
    Xi: 0.175553
    Gamma: 1.000000
    QP Objective: 2.1749706788586303

  Function 180:
    Center: [-0.34243371 -0.16507191  0.59383196 -0.04689958 -0.4643144   1.76811229
 -0.29179389 -0.26256156 -0.32330236 -0.37136439 -0.29685953 -0.62871259
 -0.31205521 -0.17492717 -0.19011441 -0.3013776  -0.32113541 -0.34787592
  0.05514625 -0.16789311  0.30002939 -0.11817151 -0.2902092  -0.21299439
 -0.32881467 -0.29923993 -0.22789481 -0.23183016 -0.16673145 -0.22523952
 -0.16053931 -0.14321202 -0.17492026 -0.14521515 -0.19806739 -0.24213022
 -0.32345561 -0.05983624 -0.18091134 -0.18530385 -0.12090468 -0.17259996
 -0.20599311 -0.12734332 -0.29777621 -0.19738748 -0.0713879  -0.11154623
 -0.15845336 -0.11478892  0.83216522  0.19977016 -0.30835494 -0.1030484
 -0.13211609 -0.26259945 -0.40952775]
    Weight (w): [-2.27586825e-01 -1.23276093e-01 -4.16059744e-02 -1.72574012e-01
  1.48875714e-01 -1.99028600e-02  6.91086514e-01 -1.07089071e-02
  4.60696343e-02 -2.00869517e-01 -2.85718431e-01 -1.95486972e-01
 -3.04131810e-01  1.55414676e-01 -2.14653161e-01  3.38741506e-01
  1.20045103e-01 -1.82069254e-01  2.30349160e-01 -2.40754532e-01
  1.83801553e-02  4.20342179e-08  4.85994555e-02 -2.38211500e-01
 -6.25460285e-01 -2.70402933e-02 -7.64517600e-01 -3.59981347e-01
 -1.89602651e-01  5.15346494e-02  3.84616732e-02  2.03348273e-09
 -5.74004834e-01  2.42637931e-09  1.45747908e-02 -2.37008095e-01
 -3.17496174e-01 -2.26130182e-01 -1.08364764e-01 -3.45284442e-01
  3.42581279e-11 -9.70911471e-01  4.84174019e-01 -1.69728555e+00
 -5.31273619e-01 -2.98295643e-01  5.07242275e-09 -1.29634478e-01
 -3.25423546e-01  2.48916664e-02 -2.60742501e-01  8.08355302e-03
  3.50448678e-01 -2.69871825e-01  1.31699729e+00 -1.55023310e-01
 -2.32982250e-01]
    Xi: 0.244655
    Gamma: 1.000000
    QP Objective: 2.3201757255966693

  Function 181:
    Center: [-0.34243371 -0.16507191 -0.55676058 -0.04689958 -0.4643144  -0.35026618
 -0.29179389 -0.26256156 -0.32330236 -0.37136439 -0.29685953 -0.62871259
 -0.31205521 -0.17492717 -0.19011441 -0.3013776  -0.32113541 -0.34787592
 -0.93624235 -0.16789311 -0.67441898 -0.11817151 -0.2902092  -0.21299439
 -0.32881467 -0.29923993 -0.22789481 -0.23183016 -0.16673145 -0.22523952
 -0.16053931 -0.14321202 -0.17492026 -0.14521515 -0.19806739 -0.24213022
 -0.32345561 -0.05983624 -0.18091134 -0.18530385 -0.12090468 -0.17259996
 -0.20599311 -0.12734332 -0.29777621 -0.19738748 -0.0713879  -0.11154623
 -0.06808382 -0.43292333  0.01850506 -0.30293772 -0.21887141 -0.05180164
 -0.05388373 -0.24207296  9.26748797]
    Weight (w): [-1.58094490e-01 -1.59551860e-01 -1.62667757e-01 -1.51548763e-01
 -1.10299084e-01 -6.10384592e-02 -1.05959884e-01 -1.06463125e-01
  1.39242073e-02 -1.44304055e-01 -1.68783666e-01 -1.35596755e-01
 -1.90902639e-01  3.13884991e-01 -1.93101341e-01 -8.51620171e-02
 -1.43052792e-01 -1.54660155e-01 -1.00004042e-01 -1.65000878e-01
 -1.53972941e-01  4.68069967e-01 -1.71572679e-01 -1.53193599e-01
 -9.58221281e-02 -1.33642746e-01 -7.93922124e-01 -1.90685762e-01
 -2.12507881e-01  1.79867143e-01  1.69654172e-09  1.30562337e-09
 -1.42741612e-01  7.63782935e-02  4.22173716e-09 -1.87827174e-01
 -1.69198123e-01 -5.62294637e-03 -1.32310002e-01 -2.25694488e-01
  5.04829804e-11 -5.11229498e-01  6.68869641e-01 -3.59885097e-01
 -2.27835460e-01 -1.12398397e-01  1.82233401e+00  7.40164738e-01
 -2.09335144e-01 -1.19429492e-01 -2.15698157e-01 -1.74445065e-01
  2.92990503e-02  1.74330452e-01  6.77318455e-01  6.47427907e-01
 -1.30583020e-02]
    Xi: 0.168737
    Gamma: 1.000000
    QP Objective: 2.0187512616320236

  Function 182:
    Center: [ 0.50911966 -0.16507191 -0.04097772 -0.04689958  0.30898916 -0.35026618
 -0.29179389 -0.26256156 -0.32330236  0.03193314 -0.29685953 -0.32695012
 -0.31205521 -0.17492717 -0.19011441  0.01350599 -0.32113541 -0.34787592
 -0.19833379 -0.16789311 -0.24133082 -0.11817151 -0.2902092  -0.21299439
 -0.32881467 -0.29923993 -0.22789481 -0.23183016 -0.16673145 -0.22523952
 -0.16053931 -0.14321202 -0.17492026 -0.14521515 -0.19806739 -0.24213022
  0.90468192 -0.05983624 -0.18091134 -0.18530385 -0.12090468 -0.17259996
 -0.20599311 -0.12734332 -0.29777621 -0.19738748 -0.0713879  -0.11154623
 -0.15845336 -0.51430655 -0.15519768 -0.28331986 -0.30835494 -0.01453127
 -0.11506383 -0.2061516  -0.13407835]
    Weight (w): [-1.77996650e-01 -9.31503537e-01 -7.82932128e-03 -1.86379962e-01
  4.37586615e-01  3.14424447e-01  4.90912115e-01  3.45031352e-02
 -1.64303281e-01  1.63229707e-01 -8.68455641e-02 -2.42549329e-01
 -4.58888878e-01  2.80298856e-01 -2.31825533e-01  1.98625586e-01
  2.25161235e-01 -7.57957719e-02  2.19229914e-01 -3.65806288e-02
 -1.63371507e-01  1.07534879e-09 -7.31102150e-02 -2.41653250e-01
 -7.03049213e-01 -5.90414792e-02 -8.25679009e-01 -2.94374966e-01
 -6.77156027e-01  6.04134442e-11  9.57984723e-10  1.80560132e-11
 -5.16194656e-01  6.25786165e-01  3.86282492e-10 -1.42544686e-01
 -2.92659772e-01 -5.51784355e-02 -1.62084417e-01 -9.17844630e-01
  2.98931021e-13 -8.58109710e-01  7.69017616e-01 -9.91207711e-01
 -7.58708525e-01 -1.25914849e-01  1.45652580e-01  1.17476896e-01
 -2.49478541e-01  6.46366965e-02 -8.64788936e-01 -1.55481390e-01
  6.20432305e-01 -3.63715121e-01  1.49376713e+00  6.78264277e-01
 -2.42999807e-01]
    Xi: 0.262766
    Gamma: 1.000000
    QP Objective: 2.322993884335913

  Function 183:
    Center: [ 5.74623763e-01 -1.65071912e-01 -1.30211178e-03 -4.68995838e-02
 -4.64314403e-01 -3.50266176e-01 -2.91793886e-01 -2.62561558e-01
 -3.23302359e-01 -3.71364386e-01 -2.96859527e-01 -3.03737626e-01
  6.18167810e-01 -1.74927167e-01 -1.90114405e-01  3.77278064e-02
 -3.21135414e-01  1.79366806e-01  1.73436934e-01 -1.67893113e-01
 -6.74418985e-01 -1.18171509e-01 -2.90209203e-01  4.19648986e-01
 -3.28814669e-01 -2.99239934e-01 -2.27894812e-01 -2.31830156e-01
 -1.66731450e-01 -2.25239518e-01 -1.60539307e-01 -1.43212021e-01
 -1.74920257e-01 -1.45215148e-01 -1.98067390e-01 -2.42130222e-01
 -3.23455613e-01 -5.98362369e-02 -1.80911344e-01 -1.85303849e-01
 -1.20904684e-01 -1.72599962e-01 -2.05993114e-01 -1.27343320e-01
 -2.97776209e-01  1.09960312e-01 -7.13879045e-02 -1.11546231e-01
 -1.58453362e-01 -1.33285105e-01 -1.55197675e-01  5.86688201e+00
 -3.08354941e-01 -1.03048405e-01 -1.19413574e-01 -1.75361861e-01
 -3.35304859e-01]
    Weight (w): [-4.41313898e-02 -1.47311596e-01 -3.42884781e-02  4.40954025e-01
  1.61499582e-02 -5.60331267e-02 -2.72635843e-02 -8.39298494e-02
 -1.90788583e-01 -1.31135503e-01 -1.71697193e-01 -1.67733311e-01
 -1.30694452e-01  3.78925613e-02 -5.36345581e-02  7.21038919e-02
 -5.91139803e-02 -1.93795736e-01  1.93955791e-01 -7.28146900e-02
 -1.21987923e-01  2.29657752e-08 -2.33383516e-01 -1.47771896e-01
 -3.93307570e-01  6.45367296e-03 -8.44421929e-01 -1.93843814e-01
 -4.46556472e-02  1.97465589e-01  5.88440603e-10  3.50252515e-10
 -4.75739538e-01  1.43410471e+00  6.18953394e-09 -6.53396454e-02
 -1.26146615e-01  2.02670504e-01 -3.14209752e-01 -3.85109453e-01
  4.16573982e-11 -1.07950020e+00  7.45123414e-02 -4.85973975e-01
 -5.75721672e-01 -2.08222512e-01  4.07065795e-09 -1.59096861e-01
 -4.60767456e-01 -1.39798353e-01 -2.23991759e-01  9.81182876e-03
  2.77328808e-01  5.43181134e-01  9.58576928e-01  5.48653504e-01
 -1.63497514e-01]
    Xi: 0.164657
    Gamma: 1.000000
    QP Objective: 2.171427711387044

  Function 184:
    Center: [-0.34243371 -0.16507191 -0.55676058 -0.04689958 -0.18176118 -0.35026618
 -0.29179389 -0.26256156 -0.32330236 -0.37136439  0.64596202  0.26496857
  0.31916755 -0.17492717 -0.19011441 -0.07127036 -0.32113541  0.00989593
 -0.72219254  0.20486678 -0.67441898 -0.11817151 -0.2902092  -0.21299439
 -0.21512171 -0.29923993 -0.22789481  0.47381078 -0.16673145 -0.22523952
 -0.16053931 -0.14321202 -0.17492026 -0.14521515 -0.19806739  0.22982639
  0.57402951 -0.05983624  0.25624731 -0.18530385 -0.12090468  0.32300733
 -0.20599311 -0.12734332 -0.29777621 -0.19738748 -0.0713879  -0.11154623
  0.12087066 -0.09629273 -0.15519768 -0.30293772 -0.12532044 -0.1030484
 -0.10879137 -0.15996699  0.18425539]
    Weight (w): [-6.10224080e-02 -4.29868119e-01 -1.90761216e-01  2.71144363e-09
  7.20347109e-02  2.28384881e-02  7.14585367e-02 -3.76373660e-02
 -1.35154165e-01 -1.95825338e-01 -9.80364278e-02  5.25143762e-02
 -1.32016727e-01  4.62335637e-01 -5.14643981e-02  9.46223167e-02
 -5.30052708e-02 -9.16335532e-02  2.18030466e-03 -2.45509535e-02
 -2.16448665e-01  3.26368302e-01 -1.52590141e-01 -1.84173779e-01
 -4.14930123e-01  1.71677739e-01 -9.61616282e-01 -1.45700793e-01
 -4.60261046e-01  4.19526770e-01  4.39339113e-10  1.46947348e-01
 -3.05139966e-01  4.25490074e-01  1.20948692e-09  3.68925518e-02
 -1.68985095e-01  8.55458575e-01  2.56296180e-01 -3.11750051e-01
  1.34501063e-11 -9.11765769e-01  2.89821839e-01 -5.01486948e-01
 -4.94684009e-01  4.65051589e-02  1.96692419e-09 -1.66672837e-01
 -3.06611529e-02 -1.61186414e-01  1.30150134e-01 -4.20654449e-02
  3.81013361e-01  2.26759298e-01  6.32487291e-01  3.83755128e-01
 -1.15571376e-01]
    Xi: 0.156282
    Gamma: 1.000000
    QP Objective: 2.0451834379791523

  Function 185:
    Center: [-0.34243371 -0.16507191  0.85172339 -0.04689958 -0.4643144  -0.35026618
 -0.29179389 -0.26256156 -0.32330236 -0.37136439 -0.29685953  0.19533107
  2.04672458 -0.17492717 -0.19011441 -0.3013776  -0.32113541 -0.34787592
 -0.53630718 -0.16789311 -0.67441898 -0.11817151 -0.2902092  -0.21299439
 -0.32881467 -0.29923993 -0.22789481 -0.23183016 -0.16673145 -0.22523952
 -0.16053931 -0.14321202 -0.17492026 -0.14521515 -0.19806739 -0.24213022
 -0.32345561 -0.05983624 -0.18091134 -0.18530385 -0.12090468 -0.17259996
 -0.20599311 -0.12734332 -0.29777621 -0.19738748 -0.0713879  -0.11154623
 -0.15845336 -0.06669883 -0.15519768 -0.03196591 -0.30835494 -0.1030484
 -0.13211609 -0.26259945 -0.41612534]
    Weight (w): [-3.15336026e-01 -7.32855517e-01  4.56945905e-02  2.74065469e-01
 -2.46754012e-02  2.16893536e-01  2.70278929e-01 -1.89132854e-01
 -2.64241662e-01 -2.38275654e-01 -3.47004063e-01 -1.85535941e-01
  7.68080557e-02  1.26156503e+00 -1.84975188e-01  7.02301454e-02
 -7.62761513e-02 -1.65676681e-01 -1.07992683e-01  1.18222875e-02
 -2.88444749e-01  4.22736673e-01 -3.27017768e-01 -2.40166767e-01
 -4.45487146e-02 -1.12944257e-01 -1.06297184e+00  1.89712940e-01
 -9.75871120e-01  1.14509555e-01  4.47794888e-10  1.70822702e-09
 -6.61229130e-01  7.17400426e-02  1.29681521e-09 -5.78859848e-02
 -3.67566982e-01  1.10931276e-01  9.36882186e-02 -8.18087056e-01
  1.22556555e-11 -6.07844518e-02  2.96461754e-01 -1.18967952e+00
 -6.39085964e-01 -6.15488308e-01  7.90122030e-02  3.75964931e-01
 -3.31131480e-01 -2.23631719e-01 -6.13511258e-01  1.41236666e-01
  3.88409212e-01  1.98045623e-01  7.45166298e-01  2.34883621e-01
 -3.27961461e-01]
    Xi: 0.323509
    Gamma: 1.000000
    QP Objective: 2.204926971969727

  Function 186:
    Center: [-0.2769296  -0.10307731 -0.35838255 -0.04689958 -0.0627914  -0.09459981
 -0.29179389 -0.26256156  0.17923621 -0.37136439 -0.29685953 -0.57068135
 -0.31205521 -0.11525193 -0.15147682 -0.27715579 -0.32113541 -0.32904582
 -0.9080779  -0.16789311 -0.64110451 -0.11817151 -0.2902092  -0.21299439
 -0.04159035  0.25327183 -0.21601454 -0.23183016 -0.16673145 -0.22523952
 -0.16053931 -0.14321202  0.47274023 -0.14521515 -0.19806739 -0.2172904
  0.73935572 -0.05983624 -0.18091134 -0.15672245 -0.12090468 -0.17259996
 -0.02725208 -0.12734332 -0.28789066 -0.19738748 -0.0713879  -0.04154361
  0.74934971  0.04797752  0.35676827 -0.32991229 -0.29208521 -0.1030484
 -0.08073867 -0.0727294   4.62278433]
    Weight (w): [-2.42233764e-01 -2.82370203e-01 -1.26548247e-01  1.52765442e-10
 -1.28724469e-02  2.27077762e-02 -1.28280021e-01 -8.15247417e-02
 -8.71298249e-02 -2.35568337e-01 -2.93718563e-01  9.17597686e-04
 -2.33228435e-01  4.97250198e-01  7.13480976e-03 -1.42008541e-01
 -1.38671262e-01 -1.82980582e-01 -1.67538325e-01  1.87877332e-01
 -2.77940615e-01  6.80087911e-01 -2.56886557e-01 -2.43441035e-01
  1.27808489e-01  2.13177784e-01 -1.20227761e+00  1.15276721e-10
 -9.70537252e-01  6.27086636e-11  2.74186731e-11  1.00956007e-11
 -4.54926119e-01  3.08658339e-01  4.77151453e-11 -2.47853651e-01
  1.98543240e-02  2.95744882e-01  1.63251520e-10 -4.74119514e-01
  5.90734912e-13 -5.53064108e-02  2.82928907e-01 -6.85877152e-01
 -4.51895240e-01  7.55211893e-11  5.22168222e-02 -1.44768397e-01
  7.24315133e-02 -2.11521572e-01 -1.85281579e-01 -9.60123294e-02
  2.16470687e-01  4.49064100e-01  4.80106525e-01  3.11665569e-01
  1.62857326e-01]
    Xi: 0.224980
    Gamma: 1.000000
    QP Objective: 1.9971366070843695

  Function 187:
    Center: [-0.34243371 -0.16507191 -0.55676058 -0.04689958  0.24950427 -0.35026618
 -0.29179389 -0.26256156 -0.32330236 -0.37136439 -0.29685953 -0.07161265
 -0.31205521 -0.17492717 -0.19011441 -0.3013776  -0.32113541 -0.34787592
 -0.66586364 -0.16789311 -0.67441898 -0.11817151 -0.2902092  -0.21299439
 -0.32881467 -0.29923993 -0.22789481 -0.23183016 -0.16673145 -0.22523952
 -0.16053931 -0.14321202 -0.17492026 -0.14521515 -0.19806739 -0.24213022
 -0.32345561 -0.05983624 -0.18091134 -0.18530385 -0.12090468 -0.17259996
 -0.20599311 -0.12734332 -0.29777621 -0.19738748 -0.0713879  -0.11154623
 -0.15845336 -0.51430655 -0.15519768 -0.32991229 -0.30835494 -0.1030484
 -0.09794853 -0.22154647 -0.26438076]
    Weight (w): [-6.61801114e-01 -1.15359195e+00 -6.14787596e-01  6.71923511e-10
  4.12812203e-01 -5.30814090e-02  3.38526548e-02 -5.28014734e-01
 -3.77139168e-01 -7.30794155e-01 -7.23290863e-01 -5.17064713e-01
 -6.01587549e-01  2.31059090e-09 -2.41484929e-01 -1.21991955e-01
 -5.39283701e-01 -4.30247021e-01 -4.41742541e-01  2.94732198e-01
 -5.54175587e-01  1.45936838e+00 -6.78019444e-01 -6.36333474e-01
 -2.61624272e-01 -5.98706295e-01 -1.22515321e+00  5.52194469e-01
 -1.15884696e+00  4.68271056e-01  3.97872263e-11  2.48277845e-11
 -3.27305255e-01  6.84062085e-11  1.09866721e-10 -4.19409733e-01
 -7.79819714e-01 -2.83283798e-01  3.59111060e-10 -1.14284669e+00
  1.45599334e-12  1.89177512e-01  9.55493749e-01 -1.79436156e+00
 -1.12028853e+00  3.26410372e-01  9.93645503e-02  1.25588064e-10
 -2.32692739e-01 -7.59203272e-01 -1.07325365e+00 -5.23377118e-02
  4.75918517e-01 -8.81146167e-02  1.05685215e+00  3.43642465e-01
 -6.51689152e-01]
    Xi: 0.722586
    Gamma: 1.000000
    QP Objective: 2.698530365408559

  Function 188:
    Center: [-0.34243371 -0.16507191  0.49464295 -0.04689958  0.32386038 -0.35026618
 -0.29179389  1.05904237 -0.32330236  1.28836006  5.01271442 -0.62871259
 -0.31205521 -0.17492717 -0.19011441  0.9944895  -0.32113541 -0.34787592
  1.1817242  -0.16789311  0.2167432  -0.11817151 -0.2902092  -0.21299439
 -0.32881467 -0.29923993 -0.22789481 -0.23183016 -0.16673145 -0.22523952
 -0.16053931 -0.14321202 -0.17492026 -0.14521515 -0.19806739 -0.24213022
 -0.32345561 -0.05983624 -0.18091134 -0.18530385 -0.12090468 -0.17259996
 -0.20599311 -0.12734332  0.22615806 -0.19738748 -0.0713879  -0.11154623
 -0.15845336  0.57326922 -0.15519768  0.12007257 -0.30835494 -0.1030484
 -0.0955215  -0.15996699 -0.35674703]
    Weight (w): [-2.08054243e-01 -4.11859087e-01 -3.27783521e-03  7.48241476e-10
  1.99135982e-01 -2.06528347e-01  1.74976401e-01  1.47549808e-01
 -2.25616762e-01  2.15601169e-02 -7.09908402e-02 -7.23704456e-02
 -1.98383047e-01  1.49480329e-03 -2.19574613e-01  3.81183932e-01
  1.32062717e-01 -1.19087605e-02  3.28353036e-01  4.12497160e-09
 -5.55247970e-02  3.35157077e-01 -2.58443769e-01 -2.31086446e-01
  2.62543127e-02 -5.54747322e-03 -1.05174133e+00  1.28935780e-01
 -1.17758445e+00  5.27879313e-10  1.74709105e-10  2.38307211e-10
 -3.68905506e-01  2.28028487e-01  2.29159991e-10 -2.32547250e-01
 -1.60622659e-01  6.14626973e-02  7.98782923e-02 -2.49354103e-01
  3.59117148e-12 -6.54334450e-02  3.43215049e-01 -1.44373465e+00
 -4.30743892e-01  7.62158594e-02  2.81731274e-10  1.45419573e-10
 -2.63619499e-01 -1.98548928e-01 -6.59774863e-02  3.94963783e-01
  5.45149658e-01  6.85171838e-01  5.74982405e-01  2.93810962e-01
 -1.80835066e-01]
    Xi: 0.183758
    Gamma: 1.000000
    QP Objective: 2.22303463345421

  Function 189:
    Center: [-0.34243371  0.00541324 -0.55676058 -0.04689958 -0.13714751 -0.35026618
 -0.29179389 -0.26256156 -0.32330236 -0.37136439 -0.29685953  0.94973725
 -0.31205521 -0.17492717 -0.19011441 -0.3013776  -0.32113541  2.64610956
 -0.42364938 -0.16789311 -0.67441898 -0.11817151 -0.2902092  -0.21299439
 -0.32881467 -0.29923993 -0.22789481 -0.23183016  0.20409958 -0.22523952
 -0.16053931 -0.14321202  0.63465535 -0.14521515 -0.19806739 -0.24213022
 -0.32345561 -0.05983624 -0.18091134 -0.18530385 -0.12090468 -0.17259996
 -0.20599311 -0.12734332 -0.29777621 -0.19738748 -0.0713879  -0.11154623
 -0.15845336  0.69164482 -0.15519768  0.01953099 -0.30835494 -0.1030484
 -0.09924085 -0.10865076 -0.23469161]
    Weight (w): [-1.39723750e-01 -1.65436407e-01 -3.20455168e-02  2.83831185e-09
  3.48386254e-02 -7.84364572e-02 -8.95740333e-02  1.11098592e-01
 -5.92967074e-02 -5.33249198e-02 -1.09218758e-01 -3.44717790e-02
 -1.39299023e-01  2.81107537e-08 -1.59467572e-01  1.67896531e-02
 -2.78779219e-02  1.26097507e-01 -1.30536543e-02  2.40628813e-02
 -1.87648245e-01  1.07116969e-01 -1.36275654e-01 -1.51276819e-01
 -8.79091678e-03 -9.35448765e-02 -9.00072230e-01  5.69481974e-01
 -2.85566067e+00  1.06706589e-01  4.63911106e-10  3.15378022e-10
 -2.93821191e-01  1.86844287e-01  8.10333610e-10 -1.33112283e-01
 -1.47947649e-01  2.58367850e-01  2.40695817e-01 -3.68232432e-01
  1.52972346e-11  1.18781266e-01  2.60556455e-01 -3.62190069e-01
 -3.64835378e-01  3.94571033e-01  1.60819833e-01  1.03906744e-01
 -2.51555792e-01 -1.15062317e-02 -1.62395319e-01  5.14353148e-02
  2.01759432e-01  1.38700092e-01  8.88282848e-01 -4.74339582e-02
 -1.30197617e-01]
    Xi: 0.125751
    Gamma: 1.000000
    QP Objective: 2.088136088002176

  Function 190:
    Center: [-0.34243371  0.50911938  1.16912823 -0.04689958 -0.4643144  -0.35026618
 -0.29179389 -0.26256156 -0.32330236  0.97813119 -0.29685953  0.38103106
 -0.31205521 -0.17492717 -0.19011441 -0.3013776  -0.32113541 -0.34787592
  1.03526907 -0.16789311  0.05017083 -0.11817151 -0.2902092   1.75271895
 -0.32881467 -0.29923993 -0.22789481 -0.23183016 -0.16673145 -0.22523952
 -0.16053931 -0.14321202 -0.17492026 -0.14521515 -0.19806739 -0.24213022
 -0.32345561 -0.05983624 -0.18091134 -0.18530385 -0.12090468 -0.17259996
 -0.20599311 -0.12734332  0.56226683 -0.19738748 -0.0713879  -0.11154623
 -0.15845336 -0.51430655 -0.15519768 -0.32991229  0.25295086 -0.1030484
 -0.0963095  -0.15996699 -0.38973498]
    Weight (w): [-2.45610440e-01 -6.44715064e-01  1.33608939e-01  2.19147141e-11
 -2.05801674e-02 -1.88644407e-01 -4.42559165e-02  2.78047188e-02
 -1.29225334e-01  8.77778853e-02 -1.66540733e-01  1.58943866e-01
 -2.20941164e-01  1.06627102e-10 -2.70704475e-01  2.35287647e-01
 -9.88095376e-02 -1.07724803e-01  3.07884178e-01  6.10648992e-01
 -1.96071746e-01  5.47308296e-11 -2.75162564e-01  7.50113107e-03
 -5.42679371e-02 -1.71147106e-01 -1.50788087e+00  1.96785941e-11
  1.83909314e-12  9.79234786e-12  2.97908684e-12  1.84597679e-11
 -3.27964734e-01  2.59806620e-01  6.52823505e-12 -2.88560602e-01
 -2.82674733e-01 -1.16131819e-01  7.99746583e-03 -5.18982559e-01
  8.64833994e-14 -9.44302785e-02  3.63908454e-01 -9.08929755e-01
 -5.05747791e-01  1.30636505e-11  5.92659157e-02  6.97249742e-12
 -2.85101903e-01 -2.71011119e-01 -2.99570627e-01  1.13867315e-01
  8.75074792e-01  5.95799517e-01  4.96365835e-01  2.46621021e-01
 -2.47922827e-01]
    Xi: 0.240824
    Gamma: 1.000000
    QP Objective: 2.1258478676645813

  Function 191:
    Center: [-2.76929602e-01 -1.65071912e-01 -2.59193543e-01 -4.68995838e-02
 -1.07405068e-01  7.81970588e-01 -2.91793886e-01 -1.62817866e-01
  4.66401100e-01 -3.71364386e-01 -1.97615154e-01 -5.35862603e-01
 -3.12055206e-01 -1.74927167e-01 -1.12839227e-01 -3.01377603e-01
 -3.21135414e-01 -3.10215724e-01 -8.91179236e-01 -1.67893113e-01
 -6.24447274e-01 -1.18171509e-01 -2.90209203e-01 -2.12994388e-01
 -6.55257131e-02  2.30720329e-01 -2.21954675e-01 -2.31830156e-01
 -1.66731450e-01 -2.25239518e-01 -1.60539307e-01 -1.43212021e-01
  2.29760016e-02 -1.45215148e-01 -1.98067390e-01 -2.42130222e-01
 -3.23455613e-01  3.08145784e-02 -1.80911344e-01 -1.85303849e-01
 -1.20904684e-01 -1.46515368e-01 -2.05993114e-01 -1.27343320e-01
 -2.97776209e-01 -1.97387481e-01 -7.13879045e-02 -1.11546231e-01
  6.01472290e-01  4.05790495e-02  2.47061282e-01 -3.29912295e-01
 -2.83950341e-01 -1.03048405e-01 -7.41825339e-02 -8.86685533e-04
  2.96019155e+00]
    Weight (w): [-2.44221456e-01 -2.52670427e-01 -1.33137874e-01  1.00501577e-09
  4.81927405e-03  1.62340869e-01 -9.82880524e-02 -5.38007664e-02
 -5.45694418e-02 -7.79784255e-02 -1.93797703e-01  2.59016312e-01
 -2.40511199e-01  4.98626043e-01  4.59764161e-02 -1.53845648e-01
 -1.24637571e-01 -2.73802573e-01 -1.64403288e-01  1.86335594e-01
 -2.92293190e-01  5.05089365e-01 -2.69347961e-01 -5.67299200e-02
  2.84457112e-03 -1.11584743e-01 -1.64637318e+00  6.18771948e-10
  8.04815187e-02  4.31166752e-10  7.31560712e-11  7.50747656e-11
 -4.54955925e-01  1.55162174e-01  2.35799233e-10 -3.13554518e-01
  7.21054098e-03 -3.80447233e-02  9.27105479e-10 -4.52772156e-01
  2.97072470e-12 -1.65514332e-01  7.94120472e-01 -6.62045208e-01
 -4.61167759e-01  3.58970491e-10  6.52387769e-10  1.79401989e-10
 -1.96307774e-01 -1.98779756e-01 -1.42959011e-01 -9.57214955e-02
  4.46770693e-01  2.95779967e-01  4.77748800e-01 -3.99660391e-02
  1.00590373e-01]
    Xi: 0.220943
    Gamma: 1.000000
    QP Objective: 2.0326194665606976

  Function 192:
    Center: [-0.34243371 -0.16507191  1.28815504 -0.04689958 -0.00330651 -0.35026618
 -0.29179389 -0.26256156  0.78946161 -0.37136439  1.24142825  0.45066855
 -0.31205521 -0.17492717 -0.19011441 -0.3013776   1.07523875 -0.34787592
  1.17609132 -0.16789311  2.18229718 -0.11817151 -0.2902092  -0.21299439
 -0.32881467 -0.29923993 -0.22789481 -0.23183016 -0.16673145 -0.22523952
 -0.16053931 -0.14321202 -0.17492026 -0.14521515 -0.19806739 -0.24213022
  0.4087033  -0.05983624 -0.18091134 -0.18530385 -0.12090468 -0.17259996
 -0.20599311 -0.12734332 -0.29777621 -0.19738748 -0.0713879  -0.11154623
  0.06336277 -0.11478892 -0.15519768 -0.26370199 -0.30835494  0.0227391
 -0.07742908 -0.19588835 -0.22809401]
    Weight (w): [-3.26648584e-01  1.18167724e-01  1.87971390e-01  8.81646946e-09
  3.09985487e-02 -6.34633864e-02 -1.59727026e-01 -7.65440528e-02
 -2.96780617e-02 -3.18015616e-01  1.31503236e-01  3.26353840e-01
 -3.57126240e-01  3.71547618e-08  4.75207906e-02 -1.31526590e-01
  2.09227298e-01 -3.80306485e-01  2.40733383e-01  1.05567602e-07
  9.93124685e-02  2.21346394e-08 -2.76447670e-01 -1.65507670e-01
  3.14888847e-09  5.23224521e-09 -1.75504040e+00  5.99765592e-09
  4.10347698e-10  3.41460233e-09  6.63202351e-10  3.77435305e-10
  5.55135728e-09  1.22069981e-09  3.36425516e-09 -3.39382668e-01
 -2.99981050e-01  7.41898321e-09  6.40188915e-09 -5.94604708e-01
  2.19597188e-11  1.57379065e-09  8.09231281e-09 -1.03188394e+00
 -6.62992404e-01  3.87366708e-09  3.80973403e-09  7.25321002e-03
 -3.02667514e-01 -3.23077658e-01  1.61344897e-08  6.03926458e-02
  2.00718613e-01  5.64376653e-01  6.26658842e-02  4.07378177e-02
  7.79833230e-01]
    Xi: 0.287425
    Gamma: 1.000000
    QP Objective: 2.050184437937022

  Function 193:
    Center: [-0.34243371 -0.16507191 -0.55676058 -0.04689958 -0.4643144  -0.35026618
 -0.29179389 -0.26256156 -0.32330236 -0.37136439 -0.29685953 -0.62871259
 -0.31205521 -0.17492717 -0.19011441 -0.3013776  -0.32113541 -0.34787592
  1.56476071 -0.16789311  3.02348766 -0.11817151 -0.2902092  -0.21299439
 -0.32881467 -0.29923993 -0.22789481 -0.23183016 -0.16673145 -0.22523952
 -0.16053931 -0.14321202 -0.17492026 -0.14521515 -0.19806739 -0.24213022
 -0.32345561 -0.05983624 -0.18091134 -0.18530385 -0.12090468 -0.17259996
 -0.20599311 -0.12734332  1.89681638 -0.19738748 -0.0713879  -0.11154623
 -0.15845336 -0.51430655 -0.15519768  0.13969044 -0.30835494 -0.1030484
 -0.12161997 -0.2523362  -0.45406149]
    Weight (w): [-1.38540776e-01 -6.36282487e-01 -1.39292257e-01  3.21304650e-10
 -6.49496047e-02 -4.56777551e-02  1.04251893e-01 -1.76604511e-02
  8.43024765e-02 -1.18299399e-01 -1.81941444e-01  8.19875832e-01
 -2.28713235e-01  9.18375495e-10  1.33677347e-09 -7.62913119e-02
  7.05692769e-02 -2.38743940e-01  4.73720784e-01  1.76122843e-01
 -4.22197595e-02  4.36711823e-02 -2.18688113e-01 -6.44445940e-02
  4.69792365e-02  8.85261215e-02 -1.93054444e+00  2.35964010e-10
  1.48783170e-11  1.05222649e-10  3.75095506e-11  2.41796538e-11
  1.15594902e-10  2.62909874e-11  4.89946096e-11 -3.67706567e-01
 -2.22843994e-01  1.01335886e-10  2.00128977e-10 -2.55869931e-01
  3.85399827e-13  1.98789493e-11  1.69721914e-10 -6.97633169e-01
 -6.55399604e-01  1.53968842e-10  7.46396723e-11  3.21491528e-11
 -3.08722850e-01 -1.36234110e-01  3.71403034e-10  2.79331286e-01
  1.19369416e+00  3.08374119e-01  1.52221833e+00  1.97145279e-01
  4.73782142e-01]
    Xi: 0.157233
    Gamma: 1.000000
    QP Objective: 2.033938625390273

  Function 194:
    Center: [ 1.91745791 -0.16507191  0.81204779 -0.04689958 -0.4643144  -0.35026618
 -0.29179389 -0.26256156 -0.32330236  0.69892521 -0.29685953 -0.62871259
 -0.31205521 -0.17492717 -0.19011441  1.36992763 -0.32113541 -0.34787592
 -0.15890356 -0.16789311  0.47493038 -0.11817151 -0.2902092  -0.21299439
 -0.32881467 -0.29923993 -0.22789481 -0.23183016 -0.16673145 -0.22523952
 -0.16053931 -0.14321202 -0.17492026 -0.14521515 -0.19806739 -0.24213022
 -0.32345561 -0.05983624 -0.18091134 -0.18530385 -0.12090468 -0.17259996
 -0.20599311 -0.12734332 -0.29777621 -0.19738748 -0.0713879  -0.11154623
 -0.15845336 -0.51430655 -0.15519768  2.58579345 -0.30835494 -0.1030484
 -0.05914755 -0.07786103 -0.25943257]
    Weight (w): [-1.34335366e-01  7.30638463e-01  6.38607447e-01  1.85949040e-11
 -3.74226337e-01 -3.07923743e-01  1.89818181e-01 -2.63067815e-01
  1.11349861e-01  7.28888495e-01 -6.17242238e-01  1.11299180e+00
 -7.79206847e-01  6.50781093e-11  5.52044208e-01  6.28238535e-02
  2.22676787e-01 -5.47293307e-01 -5.49439795e-02  1.36454872e-10
  8.60804079e-01  6.57847721e-01 -2.97551449e-01 -3.47328194e-01
  8.61859594e-02  1.62405975e-01 -2.41318056e+00  1.52647879e-11
  6.39744503e-13  9.03585569e-12  1.23275747e-12  3.55117136e-13
  5.78656904e-02  6.36885302e-12  3.72859242e-12 -8.50587410e-01
  3.92166296e-11  8.81137658e-12  1.25509702e-11 -1.51038730e+00
  2.72790872e-14  1.62408520e-12  1.23183222e-11 -1.80821918e+00
  7.72854545e-02  1.01438486e-11  6.26824411e-12  2.46293520e-12
  6.82180137e-01  3.91867641e-02  1.94032317e-11  6.94641077e-01
 -9.68349666e-02  5.77825760e-01  1.57050074e+00 -3.50908755e-02
  6.86292084e-01]
    Xi: 0.513978
    Gamma: 1.000000
    QP Objective: 1.8484884327574664

  Function 195:
    Center: [-0.34243371 -0.16507191 -0.55676058 -0.04689958 -0.4643144  -0.35026618
 -0.29179389 -0.26256156 -0.32330236 -0.37136439 -0.29685953 -0.62871259
 -0.31205521 -0.17492717 -0.19011441 -0.3013776  -0.32113541 -0.34787592
 -0.93624235 -0.16789311 -0.67441898 -0.11817151 -0.2902092  -0.21299439
 -0.32881467 -0.29923993 -0.22789481 -0.23183016 -0.16673145 -0.22523952
 -0.16053931 -0.14321202 -0.17492026 -0.14521515 -0.19806739 -0.24213022
 -0.32345561 -0.05983624 -0.18091134 -0.18530385 -0.12090468 -0.17259996
 -0.20599311 -0.12734332 -0.29777621 -0.19738748 -0.0713879  -0.11154623
 -0.15845336  1.10965864 -0.15519768 -0.32991229  0.58241296 -0.1030484
 -0.10340147 -0.21128322 -0.36004582]
    Weight (w): [ 2.64437526e-09  4.26439177e-01 -7.96754362e-01  2.96255448e-10
  1.89529205e-01 -5.10725703e-01 -5.98495549e-03  3.68539433e-03
  1.55476756e-01  1.57137337e-01 -5.71214915e-01  7.92541813e-01
 -1.04484738e+00  1.33218258e-09  2.06107413e-09 -2.80712670e-01
  2.11515581e-01 -5.77727527e-01 -2.18100326e-01  1.15982844e-02
 -6.19706633e-01  1.46145170e+00 -3.13854745e-01 -3.11761553e-01
  3.53751400e-04  1.07959112e-10 -9.28146368e-01  2.52361092e-10
  4.26991497e-11  1.48191952e-10  2.10072339e-11  1.95991337e-11
  2.43243852e-10  3.56487173e-11  5.20122589e-11  5.31137290e-10
  5.33414532e-10  1.44389337e-10  2.35507031e-10  5.35694051e-10
  6.19183949e-13  3.48615374e-11  2.63018148e-10  6.20924791e-11
 -1.55026450e-01  1.56794536e-10  1.17551466e-10  3.96764063e-11
  1.23494499e+00 -1.62602996e-01  5.60127337e-10  6.86927794e-01
  3.85974749e-01  1.17052587e-03  1.92320060e+00 -1.37411290e+00
 -2.24422652e-01]
    Xi: 0.533053
    Gamma: 1.000000
    QP Objective: 1.9733879123395142

  Function 196:
    Center: [-0.34243371 -0.16507191 -0.55676058 -0.04689958 -0.4643144  -0.35026618
  1.29226815 -0.26256156 -0.32330236 -0.37136439 -0.29685953 -0.62871259
 -0.31205521 -0.17492717 -0.19011441 -0.3013776  -0.32113541  0.81959012
 -0.23213113 -0.16789311 -0.41623181 -0.11817151 -0.2902092  -0.21299439
 -0.32881467 -0.29923993 -0.22789481 -0.23183016 -0.16673145 -0.22523952
 -0.16053931 -0.14321202 -0.17492026 -0.14521515 -0.19806739 -0.24213022
 -0.32345561 -0.05983624 -0.18091134 -0.18530385 -0.12090468 -0.17259996
 -0.20599311 -0.12734332  0.31512803 -0.19738748 -0.0713879  -0.11154623
 -0.15845336 -0.33304392 -0.15519768 -0.02706145 -0.10905071 -0.1030484
 -0.04600375  0.19411498  0.06219996]
    Weight (w): [ 6.24221598e-10  5.25471733e-01 -1.43352832e+00  9.36260113e-11
  1.45396363e+00  7.82755810e-10  1.73083910e+00  6.57137212e-10
  6.88189820e-10  7.29737797e-10  7.03301502e-10  1.00847456e-09
  5.77856273e-10  2.72273817e-10  3.11040809e-10 -1.01579125e+00
  7.21843199e-10  1.30999017e+00 -5.23238020e-01  4.11669132e-10
 -2.11586634e-01  2.62030980e-10  7.98737762e-10 -1.10884017e+00
  1.83987730e-11  2.84106478e-11  1.07475373e-12  4.02010965e-11
  3.19409368e-12  2.47710546e-11  3.84813858e-12  3.66352574e-12
  3.90378657e-11  1.10931385e-11  1.40755013e-11  1.26224329e-10
  1.25357145e-10  3.60786186e-11  4.72616489e-11  9.98158963e-11
  1.65248396e-13  7.36578044e-12  4.96554970e-11  1.33537716e-11
 -9.22792275e-01  2.73841182e-11  2.55524226e-11  7.75501549e-12
  1.40034778e-10  1.02222012e+00  8.93547008e-11 -4.07483025e-01
  1.30598011e-02  1.73543177e-10  4.39901094e-01  7.56913666e-01
  1.19056467e+00]
    Xi: 1.076532
    Gamma: 1.000000
    QP Objective: 0.1988250668625826

------------------------------

--- VNS-RPCF ---
Training Time:       257.9169 s
Test Time:           0.0194 s
Training Accuracy:   0.9840
Test Accuracy:       0.9240
Functions (Centers): 162
Solved Subproblems:  2500

Model Parameters (Functions):
  Function 1:
    Center: [-0.34243371 -0.16507191 -0.55676058 -0.04689958 -0.4643144  -0.35026618
 -0.29179389 -0.26256156 -0.32330236 -0.37136439 -0.29685953 -0.62871259
 -0.31205521 -0.17492717 -0.19011441 -0.3013776  -0.32113541 -0.34787592
 -0.93624235 -0.16789311 -0.67441898 -0.11817151 -0.2902092  -0.21299439
 -0.32881467 -0.29923993 -0.22789481 -0.23183016 -0.16673145 -0.22523952
 -0.16053931 -0.14321202 -0.17492026 -0.14521515 -0.19806739 -0.24213022
 -0.32345561 -0.05983624 -0.18091134 -0.18530385 -0.12090468 -0.17259996
 -0.20599311 -0.12734332 -0.29777621 -0.19738748 -0.0713879  -0.11154623
 -0.15845336 -0.51430655 -0.15519768 -0.32991229 -0.30835494 -0.1030484
 -0.13211609 -0.26259945 -0.46065908]
    Weight (w): [ 0.13965547 -0.13537981  0.09605877 -0.03471721  0.32594208  0.16978269
  0.6063063   0.03772212  0.04075921  0.2589184   0.14082253 -0.00434268
 -0.01954287  0.05291575 -0.56310388  1.72686146 -0.00473347 -0.29256258
  0.71502468 -0.00798345  0.08621279  0.44360893  0.36261139  0.22737509
  0.08671073 -0.28496195 -1.55623688 -0.17694367 -1.06928572  0.03195703
 -0.06644535 -0.55964546 -0.08282145 -0.6296087  -1.27533974  0.37267822
 -0.12217381 -0.47256311 -0.13200705 -0.27362905 -1.15905292 -1.4487128
 -0.1344949  -0.39217678 -0.45861587 -0.11909814 -0.55489437 -1.16379119
 -0.61229621  0.81280341 -0.12472248  0.64980934  1.44470203 -0.25715394
  1.41173077  2.16372067  1.84940616]
    Xi: 0.062988
    Gamma: 1.000000
    QP Objective: 3.181668876835358

  Function 2:
    Center: [-0.34243371  0.49362073  0.27642712 -0.04689958 -0.4643144  -0.35026618
 -0.29179389  2.9292366  -0.32330236 -0.37136439 -0.29685953 -0.14125014
 -0.31205521 -0.17492717 -0.19011441 -0.3013776  -0.32113541  0.44298817
 -0.21523246 -0.16789311 -0.67441898 -0.11817151 -0.2902092  -0.21299439
  0.95172707  1.1440561  -0.22789481  0.54808877 -0.16673145  0.69453849
  0.88074344 -0.14321202 -0.17492026 -0.14521515  0.5911066   0.80114228
 -0.32345561 -0.05983624 -0.18091134 -0.18530385 -0.12090468 -0.17259996
 -0.20599311 -0.12734332 -0.29777621 -0.19738748 -0.0713879  -0.11154623
 -0.15845336 -0.09999197 -0.15519768 -0.26124975 -0.30835494 -0.1030484
 -0.11314112 -0.19588835 -0.26108197]
    Weight (w): [-7.49966497e-02 -8.75306925e-02 -6.09813564e-02 -4.06380985e-02
 -4.56841705e-02 -5.45402154e-02  2.93742308e-01 -1.70174931e-02
 -2.98004463e-02 -5.99167218e-02  2.53808481e-02 -1.03621423e-01
 -7.71267417e-02  2.81910552e-02 -7.03975590e-02  2.66563115e-01
  7.14317590e-03 -8.80530109e-02  1.60951339e-02  3.20731277e-02
  3.09844920e-02 -9.04697641e-02  5.58654783e-02 -3.58551908e-02
 -9.38386200e-01  1.61251486e-02 -1.41230248e+00  4.97970109e-02
 -1.74204891e-01 -5.94089607e-02  8.23455612e-02 -3.19418633e-01
 -1.83363349e-01 -1.44319653e-01 -4.11847158e-01  7.63730023e-02
 -7.95175812e-02 -4.26674471e-03 -2.07479072e-01 -1.11041006e-01
 -5.49349440e-01 -6.09763424e-01 -1.26362002e-01 -5.57481182e-01
 -2.85910591e-01 -1.53152958e-01 -1.18285348e-02 -2.16962838e-01
 -6.14741185e-02 -7.75430929e-02 -9.72494050e-02  5.30897465e-02
  3.19902399e-01 -1.05658113e-03  3.64569103e-01 -2.42423527e-01
  2.82187478e-01]
    Xi: 0.042254
    Gamma: 1.000000
    QP Objective: 1.8777015601576459

  Function 3:
    Center: [-0.34243371 -0.16507191  0.41529174 -0.04689958 -0.4643144   1.43939839
 -0.29179389 -0.26256156 -0.32330236 -0.37136439 -0.29685953  0.52030604
 -0.31205521 -0.17492717 -0.19011441 -0.3013776  -0.32113541 -0.34787592
  0.45508142 -0.16789311  0.15011425 -0.11817151 -0.2902092  -0.21299439
 -0.32881467 -0.29923993 -0.22789481 -0.23183016 -0.16673145 -0.22523952
 -0.16053931 -0.14321202 -0.17492026 -0.14521515 -0.19806739 -0.24213022
 -0.32345561 -0.05983624 -0.18091134 -0.18530385 -0.12090468 -0.17259996
 -0.20599311 -0.12734332 -0.29777621  0.34047116 -0.0713879  -0.11154623
 -0.15845336 -0.17027748 -0.15519768 -0.21588343 -0.30835494 -0.1030484
 -0.12344812 -0.24720458 -0.38313739]
    Weight (w): [-0.2837395  -0.28147379 -0.07276319  0.53448077  0.05727929 -0.01090425
  0.45815812 -0.23030653 -0.27330926 -0.1835876  -0.1864328  -0.19121289
 -0.26883893 -0.22562058 -0.47200639  0.23146001  0.17021852 -0.0310199
  0.04474594  0.35214854  0.02219093 -0.24519962  0.28721412  0.11090702
 -1.58018557 -0.23012304 -1.56563757 -0.08854955 -0.17109173 -0.27127484
 -0.20780344 -0.33802519 -0.77536008 -0.37946686 -0.49425655  0.00501548
 -0.30253231 -0.00614018 -0.39824047 -0.5587522  -0.50061149  0.02458376
 -0.1689778  -0.84641989 -0.77290294 -0.31850916 -0.57501502 -0.28220153
 -0.59373704 -0.27624254 -0.16806119  0.19506706  0.76978955 -0.36172132
 -0.03073653  0.02898804  0.14295686]
    Xi: 0.248932
    Gamma: 1.000000
    QP Objective: 2.3162226287870453

  Function 4:
    Center: [-2.76929602e-01 -1.65071912e-01 -3.58382554e-01 -4.68995838e-02
 -3.89958292e-01 -1.67647343e-01 -2.91793886e-01  6.16054418e-02
  7.53565995e-01 -3.71364386e-01 -2.96859527e-01 -4.77831359e-01
 -3.12055206e-01 -1.74927167e-01 -1.90114405e-01 -3.01377603e-01
 -3.21135414e-01 -3.10215724e-01 -8.79913456e-01 -1.67893113e-01
 -6.07790036e-01 -1.18171509e-01 -2.90209203e-01 -2.12994388e-01
 -5.35580333e-02  2.53271830e-01 -2.21954675e-01 -2.31830156e-01
 -1.66731450e-01 -2.25239518e-01 -1.60539307e-01 -1.43212021e-01
  3.10825105e-01 -1.45215148e-01 -1.98067390e-01 -2.42130222e-01
  6.44883597e-01 -5.98362369e-02  1.18197212e-01 -1.85303849e-01
 -1.20904684e-01 -1.72599962e-01 -2.05993114e-01 -1.27343320e-01
 -2.97776209e-01 -1.97387481e-01 -7.13879045e-02 -1.11546231e-01
  5.23425872e-01  7.01729481e-02  2.74488029e-01 -3.29912295e-01
 -2.79882908e-01 -1.03048405e-01 -6.95806302e-02 -8.86685533e-04
  2.43238431e+00]
    Weight (w): [-0.28134254 -0.2519646  -0.14582739 -0.055142   -0.15186512 -0.22516578
 -0.04008462  0.07096672 -0.05373591 -0.22886068 -0.17807653 -0.25811904
 -0.27928221 -0.20898283 -0.24369167 -0.04092566 -0.17297394 -0.20311998
 -0.25086342 -0.24231382 -0.21167915 -0.26081358 -0.0090047  -0.15261491
 -1.04496866  0.08779116 -1.41162421 -0.19481725 -0.48622935 -0.239552
  0.00875337 -0.37381539 -0.44048895 -0.26548029 -0.55031633 -0.2211971
 -0.23748101  0.22338162 -0.20093497  0.30407929 -0.46333732 -0.30430451
 -0.17340692 -0.43069614 -0.36076342 -0.34885364 -0.12544327 -0.79049941
  0.32510757 -0.18303967 -0.23268161 -0.25773807  0.48300282 -0.20737793
  0.21399818 -0.0824318   0.25355887]
    Xi: 0.229739
    Gamma: 1.000000
    QP Objective: 2.170513391949127

  Function 5:
    Center: [-0.34243371 -0.16507191 -0.55676058 -0.04689958 -0.4643144  -0.35026618
 -0.29179389 -0.26256156 -0.32330236 -0.37136439 -0.29685953 -0.62871259
  9.45528646  8.59733237 -0.19011441 -0.3013776  -0.32113541 -0.34787592
 -0.93624235 -0.16789311 -0.67441898 -0.11817151 -0.2902092  -0.21299439
 -0.32881467 -0.29923993 -0.22789481 -0.23183016 -0.16673145 -0.22523952
 -0.16053931 -0.14321202 -0.17492026 -0.14521515 -0.19806739 -0.24213022
 -0.32345561 -0.05983624 -0.18091134 -0.18530385 -0.12090468 -0.17259996
 -0.20599311 -0.12734332 -0.29777621 -0.19738748 -0.0713879  -0.11154623
 -0.15845336 -0.51430655 -0.15519768 -0.32991229 -0.30835494 -0.1030484
 -0.11320416 -0.24207296 -0.44086631]
    Weight (w): [-2.81326947e-02 -6.08461154e-02 -5.34468609e-02 -4.51023212e-02
 -8.89785738e-03 -1.89228190e-03  1.26808856e-01  2.67709592e-02
 -5.14317029e-02 -4.63174683e-02  5.07270197e-02 -2.92862809e-02
 -9.78459884e-02 -8.64320458e-02  1.27080949e-01  1.89319642e-01
  7.63394336e-02  3.83476245e-02 -4.18594729e-03  2.30515000e-01
 -1.84719059e-02 -4.55459075e-02  1.47183157e-01  1.64711159e-01
 -4.07669430e-01 -7.02479707e-02 -5.40236029e-01  2.92416874e-01
 -6.29874547e-01 -6.97176242e-02  7.33551084e-04 -3.34035406e-01
 -2.66756708e-01 -2.22737697e-01 -5.57758040e-01 -3.19123421e-02
 -5.37503196e-02  2.50618913e-01 -8.79128345e-02 -1.12544878e-01
 -4.48724969e-01 -7.17607079e-01  1.19372564e-01 -2.49474355e-01
 -2.34510822e-01 -9.43319174e-02 -3.05571432e-02 -1.95999672e-01
  6.04378571e-02 -4.66759537e-02 -7.35564394e-02  2.37294957e-01
  5.36507835e-01 -3.50441425e-02  3.66526474e-01  8.27609640e-01
  7.74189301e-02]
    Xi: 0.016832
    Gamma: 1.000000
    QP Objective: 2.171009381839154

  Function 6:
    Center: [-0.34243371 -0.16507191 -0.55676058 -0.04689958 -0.4643144  -0.35026618
 -0.29179389 -0.26256156 -0.32330236 -0.37136439 -0.29685953 -0.62871259
 -0.31205521 -0.17492717 -0.19011441 -0.3013776  -0.32113541 -0.34787592
  2.94481871 -0.16789311 -0.67441898 -0.11817151 -0.2902092  -0.21299439
 -0.32881467 -0.29923993 -0.22789481 -0.23183016 -0.16673145 -0.22523952
 -0.16053931 -0.14321202 -0.17492026 -0.14521515 -0.19806739 -0.24213022
 -0.32345561 -0.05983624 -0.18091134 -0.18530385 -0.12090468 -0.17259996
 -0.20599311 -0.12734332 -0.29777621  3.57859969 -0.0713879  -0.11154623
 -0.15845336 -0.51430655 -0.15519768 -0.32991229 -0.30835494 -0.1030484
 -0.13211609 -0.26259945 -0.45406149]
    Weight (w): [-0.01602471 -0.05796948 -0.03729052 -0.01748959  0.03384179 -0.01735353
  0.00979323 -0.00634852 -0.0070832  -0.02223879  0.08335238 -0.01846108
 -0.01879336  0.25770149 -0.03536396  0.14172335 -0.01765189 -0.01576802
  0.011214   -0.01369768 -0.0011177  -0.01643574 -0.01488257  0.00754366
 -0.33876407 -0.01593828 -0.37107685  0.23517807 -0.15770187 -0.03246599
 -0.25581674 -0.0487175   0.00332145 -0.06654159  0.00842198 -0.01739501
 -0.02632121  0.29932631  0.13949177  0.0029481  -0.4594089  -0.19544827
  0.12258014 -0.28962681 -0.07162667 -0.5154985  -0.02419377  0.00072377
  0.01339235 -0.0220454  -0.02378848  0.06418027  0.0898349  -0.02558692
  0.11387323 -0.0184498   0.04239027]
    Xi: 0.013501
    Gamma: 1.000000
    QP Objective: 2.116492032358615

  Function 7:
    Center: [-0.34243371 -0.16507191 -0.55676058 -0.04689958 -0.4643144  -0.35026618
 -0.29179389 -0.26256156 -0.32330236 -0.37136439 -0.29685953 -0.62871259
 -0.31205521 -0.17492717 -0.19011441 -0.3013776  -0.32113541 -0.34787592
  0.57337211 -0.16789311  0.4416159  -0.11817151 -0.2902092  -0.21299439
 -0.32881467 -0.29923993 -0.22789481 -0.23183016 -0.16673145 -0.22523952
 -0.16053931 -0.14321202 -0.17492026 -0.14521515 -0.19806739 -0.24213022
 -0.32345561 -0.05983624 -0.18091134 -0.18530385 -0.12090468 -0.17259996
 -0.20599311 -0.12734332  0.36455579 -0.19738748 -0.0713879  -0.11154623
 -0.15845336 -0.51430655 -0.15519768  0.24758872 -0.30835494 -0.1030484
 -0.13107593 -0.25746783 -0.41612534]
    Weight (w): [-0.47917636 -0.69584503 -0.41649693 -0.05539768  0.02272444 -0.3645141
  0.26845908 -0.46758583 -0.4537464  -0.53897818 -0.35953292 -0.71301089
 -0.49817425 -0.46038135  0.0532293   0.79534587  0.05012103 -0.25134315
  0.15782527  1.23672096  0.00706191 -0.39783497 -0.43612166 -0.47698484
 -1.30591608 -0.82292268 -0.86104364 -0.50068109 -0.87376194 -0.71912621
 -0.14600305 -0.35520303 -0.86283957 -0.33782521 -0.7465148  -0.0974651
 -0.60515105 -0.33460813 -0.69543459 -0.64271618 -0.40013002 -0.51479619
 -0.69596334 -0.99690688 -0.97996575 -0.61355691 -0.6687731  -0.65728889
  0.21579269 -0.42205643 -0.54755419  0.51660716  0.91782247 -0.13348779
  0.78422933  0.02623583 -0.08475122]
    Xi: 0.470943
    Gamma: 1.000000
    QP Objective: 2.7957737297316085

  Function 8:
    Center: [-0.34243371 -0.16507191 -0.55676058 -0.04689958  4.65138607 -0.35026618
 -0.29179389 -0.26256156 -0.32330236 -0.37136439 -0.29685953 -0.62871259
 -0.31205521 -0.17492717 -0.19011441 -0.3013776  -0.32113541 -0.34787592
 -0.93624235 -0.16789311 -0.67441898 -0.11817151 -0.2902092  -0.21299439
 -0.32881467 -0.29923993 -0.22789481 -0.23183016 -0.16673145 -0.22523952
 -0.16053931 -0.14321202 -0.17492026 -0.14521515 -0.19806739 -0.24213022
 -0.32345561 -0.05983624 -0.18091134 -0.18530385 -0.12090468 -0.17259996
 -0.20599311 -0.12734332 -0.29777621 -0.19738748 -0.0713879  -0.11154623
 -0.15845336 -0.51430655 -0.15519768 -0.32991229 -0.30835494 -0.1030484
 -0.12243948 -0.24207296 -0.43921691]
    Weight (w): [-0.31226728  0.38262441 -0.21912545 -0.0661297  -0.02611986 -0.42607847
  0.05993337  0.05929434 -0.37074555 -0.32695985 -0.15765177 -0.60683639
 -0.429082   -0.28161331 -0.23168289  0.10145758  0.03427207 -0.23607475
  0.18126042 -0.2625387  -0.22634576 -0.09241373 -0.17455608 -0.34607402
 -1.49175281 -0.30726229 -1.38146538 -0.14539057 -0.85940344  0.00313489
 -0.79343289 -0.37627859 -0.08397638 -0.35566267 -0.79187142 -0.33765891
 -0.32095134  0.00970469 -0.30980195 -0.54828746 -0.47764598 -0.77968267
 -0.40759603 -1.09566815 -0.60256361 -0.36734976 -0.30072231 -0.6098152
 -0.4106161  -0.32499728 -0.37920431 -0.17854849  0.0551518  -0.39222664
  0.96187511 -0.06484709 -0.05525987]
    Xi: 0.336968
    Gamma: 1.000000
    QP Objective: 2.924555329102323

  Function 9:
    Center: [ 0.24710324 -0.16507191  0.53431855 -0.04689958 -0.1966324  -0.35026618
 -0.29179389 -0.26256156 -0.32330236 -0.37136439 -0.29685953 -0.19928139
 -0.31205521 -0.17492717 -0.19011441 -0.3013776  -0.32113541 -0.34787592
 -0.09694178 -0.16789311 -0.67441898 -0.11817151 -0.2902092  -0.21299439
 -0.32881467 -0.29923993 -0.22789481 -0.23183016 -0.16673145 -0.22523952
 -0.16053931 -0.14321202 -0.17492026 -0.14521515 -0.19806739 -0.24213022
  0.10166892 -0.05983624 -0.18091134 -0.18530385 -0.12090468 -0.17259996
 -0.20599311 -0.12734332 -0.11983627 -0.19738748 -0.0713879  -0.11154623
 -0.03111447 -0.04450341  0.12821204 -0.32991229 -0.30835494 -0.1030484
 -0.11862558 -0.24207296 -0.33530486]
    Weight (w): [-0.21170126 -0.42865352 -0.08345462  0.81693769  0.08479432 -0.15491412
  0.09518958 -0.27343792 -0.30594582 -0.23515384 -0.25577571 -0.32569765
 -0.30339168 -0.16638939 -0.23134777  0.2112157  -0.15855465 -0.0820185
 -0.14830023 -0.08571897 -0.15914667 -0.30919633 -0.1042757   0.10830854
 -1.64935472 -0.22965871 -1.3316096  -0.28362485 -0.43610361 -0.33047851
  0.00434537 -0.3975497  -0.62631387 -0.37576836 -0.61644075 -0.05462229
 -0.27314661 -0.07710724 -0.29787744  0.10554972 -0.50464742 -0.23161729
 -0.35663589 -0.73193467 -0.60654672 -0.3185977  -0.55261393 -0.34033997
 -0.24201293 -0.29638899 -0.29755246  0.08533449  0.46004719 -0.37080481
 -0.40800436 -0.15869977  0.1909501 ]
    Xi: 0.286595
    Gamma: 1.000000
    QP Objective: 2.4829398550637634

  Function 10:
    Center: [ 0.57462376 -0.16507191 -0.00130211 -0.04689958  0.38334527 -0.35026618
 -0.29179389 -0.26256156 -0.32330236 -0.37136439 -0.29685953 -0.30373763
 -0.31205521 -0.17492717 -0.19011441 -0.3013776  -0.32113541 -0.34787592
  0.68039701 -0.16789311  0.04184221 -0.11817151 -0.2902092  -0.21299439
 -0.32881467 -0.29923993 -0.22789481 -0.23183016 -0.16673145 -0.22523952
 -0.16053931 -0.14321202 -0.17492026 -0.14521515 -0.19806739 -0.24213022
 -0.32345561 -0.05983624 -0.18091134 -0.18530385 -0.12090468 -0.17259996
 -0.20599311 -0.12734332 -0.29777621 -0.19738748 -0.0713879  -0.11154623
 -0.15845336  0.055376   -0.15519768  0.04773168 -0.30835494 -0.1030484
 -0.12745115 -0.24720458 -0.3781892 ]
    Weight (w): [-0.27158405 -0.23897289 -0.17097099  1.37306394  0.08192616 -0.19712527
  0.07580972  0.04081791 -0.20415842 -0.30435127 -0.12535126 -0.33284753
 -0.31625466 -0.28136178  0.02157869  0.19487462  0.26397239  0.1817432
 -0.05871307 -0.05476914 -0.06900819 -0.12372077 -0.17660971  0.09340949
 -1.32583589 -0.38468114 -1.28896088 -0.21361619 -0.05219806 -0.34162409
 -0.32288335 -0.41877412 -0.5403705  -0.03821288 -0.58631343  0.01566273
 -0.36596298 -0.15306103 -0.6047582  -0.55275495 -0.53158958  0.1054174
 -0.23236342 -0.76782574  0.02819465 -0.46859727 -0.52577602 -0.73425962
 -0.1125061  -0.27362828 -0.35432591  0.15964921  0.75944104 -0.39949381
 -0.11958031  0.83219858 -0.05353406]
    Xi: 0.292523
    Gamma: 1.000000
    QP Objective: 2.9520196427486622

  Function 11:
    Center: [-0.34243371 -0.16507191  0.45496734 -0.04689958 -0.4643144   1.51244592
 -0.29179389 -0.26256156 -0.32330236 -0.37136439 -0.29685953 -0.62871259
  1.38227957 -0.17492717 -0.19011441  0.31627868 -0.32113541 -0.34787592
 -0.35605471 -0.16789311 -0.67441898 -0.11817151 -0.2902092  -0.21299439
 -0.32881467 -0.29923993 -0.22789481 -0.23183016 -0.16673145 -0.22523952
 -0.16053931 -0.14321202 -0.17492026 -0.14521515 -0.19806739 -0.24213022
 -0.32345561 -0.05983624 -0.18091134 -0.18530385 -0.12090468 -0.17259996
 -0.20599311 -0.12734332 -0.29777621 -0.19738748 -0.0713879  -0.11154623
 -0.15845336 -0.51430655 -0.15519768 -0.22324013 -0.30835494 -0.1030484
 -0.12524475 -0.23694133 -0.40293016]
    Weight (w): [-0.22875835  0.2979048  -0.1621833  -0.07529894  0.22477418 -0.04410595
  0.45269397 -0.11949684 -0.14603892 -0.23937732 -0.27750812 -0.24340052
 -0.15312966 -0.16165907 -0.20300438 -0.05792608  0.31598866 -0.16373291
 -0.13763896 -0.24660198 -0.14617346 -0.21998678  0.19543512 -0.0426917
 -0.91014987  0.16491837 -1.2685187  -0.23672902  0.39751544 -0.17158883
 -0.16945438 -0.42845167 -0.46780733 -0.05481442 -0.16259779 -0.21355829
 -0.32751121 -0.09739372 -0.31935225 -0.26339846 -0.54387421 -0.54995045
 -0.30619938 -0.91513567 -0.42644735 -0.23886435 -0.41902263 -0.33229543
 -0.30787004 -0.26679695 -0.16792952  0.24302247  0.38708052 -0.32536436
 -0.27270813 -0.19005211 -0.15717687]
    Xi: 0.244840
    Gamma: 1.000000
    QP Objective: 2.62988228921912

  Function 12:
    Center: [-0.2114255  -0.05658136  0.01853569 -0.04689958 -0.40482951 -0.20417111
 -0.29179389 -0.03813825 -0.32330236 -0.07664696  0.14974015  0.57833729
 -0.31205521 -0.17492717 -0.19011441 -0.3013776  -0.32113541  0.10404642
 -0.88554635 -0.16789311 -0.64110451 -0.11817151 -0.2902092  -0.21299439
 -0.30487931 -0.29923993 -0.22789481 -0.23183016 -0.16673145 -0.02814423
 -0.16053931 -0.14321202 -0.17492026 -0.14521515 -0.19806739 -0.01857183
  0.2433771  -0.05983624 -0.18091134 -0.18530385 -0.12090468 -0.17259996
 -0.02725208 -0.12734332 -0.29777621 -0.19738748 -0.0713879  -0.11154623
 -0.07629924  0.07757142 -0.10034418 -0.32991229 -0.30835494 -0.1030484
 -0.07957243  0.68161915  2.4406313 ]
    Weight (w): [-0.10144012  0.11767947 -0.06029954  0.00593079  0.00395688 -0.08461512
 -0.09329451 -0.14330083  0.0088571  -0.17020012 -0.15784914 -0.03261978
 -0.19428878 -0.17233834  0.48562523  0.11619011  0.11892671 -0.08446265
 -0.15232864  0.21540028 -0.20975388 -0.2001973   0.18922932 -0.05360366
 -0.62393661  0.11558138 -1.29852667 -0.17870846 -0.65059419 -0.15603602
 -0.0929621  -0.43858708 -0.33146382 -0.02637421 -0.34682081 -0.03851577
 -0.12433384  0.41575521  0.04182647  0.19266761 -0.55674005 -0.01505736
  0.03993203 -0.62820678 -0.33179615 -0.18722429 -0.09284222 -0.20001683
  0.08109438 -0.17753829 -0.16961438 -0.14411931  0.26296182 -0.06254224
  0.3416109  -0.24723061  0.06177949]
    Xi: 0.178288
    Gamma: 1.000000
    QP Objective: 2.4398402061813145

  Function 13:
    Center: [-3.42433707e-01 -1.65071912e-01 -4.37733764e-01 -4.68995838e-02
  8.59224382e-01  1.24542789e-01 -2.91793886e-01  2.36156904e-01
 -3.23302359e-01 -3.71364386e-01 -2.96859527e-01 -4.77831359e-01
 -1.12721703e-01 -1.74927167e-01 -1.90114405e-01 -3.01377603e-01
  1.84099232e+00 -3.47875919e-01 -9.36242354e-01 -1.67893113e-01
 -6.74418985e-01 -1.18171509e-01 -2.90209203e-01 -2.12994388e-01
  3.29407721e-01 -2.99239934e-01 -2.27894812e-01 -2.31830156e-01
 -1.66731450e-01 -2.25239518e-01 -1.60539307e-01 -1.43212021e-01
 -1.74920257e-01 -1.45215148e-01 -1.98067390e-01 -2.42130222e-01
 -1.64212294e-02  2.12116209e-01 -1.80911344e-01 -1.85303849e-01
 -1.20904684e-01 -9.43461796e-02 -2.05993114e-01 -1.27343320e-01
  3.83325661e-02 -1.97387481e-01 -7.13879045e-02 -1.11546231e-01
 -8.45146495e-02 -3.40442395e-01 -1.55197675e-01 -3.29912295e-01
  3.73768923e-02 -1.03048405e-01 -7.14718235e-02 -8.86685533e-04
  5.50421653e-01]
    Weight (w): [-0.1017655  -0.07102565 -0.10592689 -0.03275391  0.0519816   0.01615783
 -0.06529834 -0.05777192 -0.07171921 -0.11638695 -0.10147259 -0.09529117
 -0.08681917 -0.00759032 -0.10875995 -0.01835393  0.04719846 -0.10673834
 -0.14131606 -0.11186121 -0.0822148  -0.10008536 -0.10487191 -0.11299111
 -2.11280499  0.86830437 -1.03114302 -0.11306764 -0.21451332 -0.02262167
  0.10345    -0.33435218 -0.11644969 -0.16964541 -0.11768202 -0.0983115
 -0.10810059 -0.11244105 -0.15643842  0.26355418 -0.40153798 -0.17585886
 -0.07841022 -0.31276438 -0.04377055 -0.12114758 -0.10270357 -0.2367995
  0.35780003 -0.12366341 -0.12525565 -0.07468615  0.05425118 -0.12462952
 -0.11981435 -0.14032381  0.29896013]
    Xi: 0.116263
    Gamma: 1.000000
    QP Objective: 2.2995006228210797

  Function 14:
    Center: [-0.34243371 -0.16507191 -0.55676058 -0.04689958 -0.4643144  -0.35026618
 -0.29179389 -0.26256156 -0.32330236 -0.37136439 -0.29685953 -0.62871259
 -0.31205521 -0.17492717 -0.19011441 -0.3013776  -0.32113541 -0.34787592
  2.37589684 -0.16789311 -0.67441898 -0.11817151 -0.2902092  -0.21299439
 -0.32881467 -0.29923993 -0.22789481 -0.23183016 -0.16673145 -0.22523952
 -0.16053931 -0.14321202 -0.17492026 -0.14521515 -0.19806739 -0.24213022
 -0.32345561 -0.05983624 -0.18091134 -0.18530385 -0.12090468 -0.17259996
 -0.20599311 -0.12734332 -0.29777621 -0.19738748 -0.0713879  -0.11154623
 -0.15845336 -0.51430655 -0.15519768 -0.32991229 -0.30835494 -0.1030484
 -0.13211609 -0.26259945 -0.46065908]
    Weight (w): [-0.3240869  -0.24697931 -0.2191533  -0.07947295  0.10356662 -0.0436583
 -0.10231539 -0.32149555 -0.28331193 -0.11541883 -0.33349728  0.01311056
 -0.40445116 -0.21066418 -0.02656321 -0.11570311 -0.30903597 -0.16279046
 -0.13071847 -0.34438113  0.047323    0.24899061 -0.19981819  0.01561199
 -0.62361463 -0.53573713 -1.22523552 -0.33145588 -0.76344878 -0.46808985
 -0.17387192 -0.45220176 -0.47414872 -0.42742609 -0.5543822  -0.40575176
 -0.40997124 -0.08257312 -0.31089921 -0.4934686  -0.41133159 -0.95999493
 -0.37736689 -0.68878338 -0.21352498 -0.31895955 -0.3647834  -0.61347032
  0.27711024 -0.37611792 -0.37979787  0.60197264 -0.26354978 -0.43910972
  0.92430275  0.21383879 -0.33834622]
    Xi: 0.355137
    Gamma: 1.000000
    QP Objective: 3.1377689109783873

  Function 15:
    Center: [-0.34243371 -0.16507191 -0.55676058 -0.04689958 -0.4643144  -0.35026618
 -0.29179389 -0.26256156 -0.32330236 -0.37136439 -0.29685953  0.54351854
 -0.31205521 -0.17492717 -0.19011441  0.92182405 -0.32113541 -0.34787592
  0.20160138 -0.16789311 -0.67441898 -0.11817151 -0.2902092  -0.21299439
 -0.32881467 -0.29923993 -0.22789481 -0.23183016 -0.16673145 -0.22523952
 -0.16053931 -0.14321202 -0.17492026 -0.14521515 -0.19806739 -0.24213022
 -0.32345561 -0.05983624 -0.18091134 -0.18530385 -0.12090468 -0.17259996
 -0.20599311 -0.12734332 -0.29777621 -0.19738748 -0.0713879  -0.11154623
 -0.15845336 -0.51430655 -0.15519768  0.0710279  -0.30835494 -0.1030484
 -0.12382636 -0.23694133 -0.42767112]
    Weight (w): [-0.3452729  -0.14897086 -0.44231298 -0.02353544 -0.11579637 -0.13539702
 -0.06357434 -0.52109587 -0.55608191 -0.3997367  -0.37093373 -0.23152239
 -0.45034604 -0.46397322 -0.26596336  0.1401712  -0.33063704 -0.41483578
 -0.18302744 -0.44902132 -0.17724319 -0.39702056 -0.17222932 -0.34489881
 -0.88944293 -0.19133525 -0.80254571 -0.4120071  -0.72961631 -0.50679971
 -0.47972079 -0.48907193 -0.44875887 -0.46227618 -0.46997141 -0.17830761
 -0.5705613  -0.26086565 -0.33890928 -0.48249779 -0.44486942 -0.33099385
 -0.53684226 -0.54754993 -0.23144732 -0.4608156  -0.48852424 -0.19226227
 -0.06146228 -0.46779817 -0.51546455  0.26205856  0.58335067 -0.48655289
  0.4096866   0.30034239 -0.46741931]
    Xi: 0.468856
    Gamma: 1.000000
    QP Objective: 2.990982127378232

  Function 16:
    Center: [-0.34243371 -0.16507191 -0.55676058 -0.04689958 -0.4643144  -0.35026618
 -0.29179389 -0.26256156 -0.32330236 -0.37136439 -0.29685953 -0.62871259
 -0.31205521 -0.17492717 -0.19011441 -0.3013776  -0.32113541 -0.34787592
 -0.93624235 -0.16789311 -0.67441898 -0.11817151 -0.2902092  -0.21299439
 -0.32881467 -0.29923993 -0.22789481 -0.23183016 -0.16673145 -0.22523952
 -0.16053931 -0.14321202 -0.17492026 -0.14521515 -0.19806739 -0.24213022
 -0.32345561 -0.05983624 -0.18091134 -0.18530385 -0.12090468 -0.17259996
 -0.20599311 -0.12734332 -0.29777621 -0.19738748 -0.0713879  -0.11154623
 -0.15845336  0.1145638  -0.15519768 -0.32991229 -0.30835494 -0.1030484
 -0.09763333 -0.13430888 -0.28417353]
    Weight (w): [-4.30876639e-01 -4.97721457e-01 -5.99721984e-01 -8.80646145e-02
  2.87098243e-01  4.42414707e-04 -1.01439776e-01 -5.35349143e-01
 -4.48244935e-01 -5.08441478e-01 -7.46896752e-01 -3.75801528e-01
 -3.75883636e-01  1.07834502e-01  1.82645749e-01 -1.16373693e-01
 -3.07489209e-01 -1.95606865e-01 -4.48541444e-01 -4.12257499e-01
 -4.39504981e-01  2.23307402e+00 -3.15295673e-01 -1.80390985e-01
 -5.95714735e-01 -4.61870831e-01 -1.00230686e+00 -5.12196083e-01
 -3.66036048e-01 -5.50202005e-01 -8.41275721e-02 -3.34429565e-01
 -3.38292071e-01 -4.73634315e-01 -5.73184414e-01 -3.29393924e-01
 -5.87325799e-01  3.92392060e-01  2.19128883e-01 -1.73311100e-01
 -3.91171533e-01 -3.75299218e-01 -1.43421927e-01 -1.09974559e+00
 -3.94065084e-01 -1.32539866e-01 -4.75339088e-01 -7.73984709e-01
  5.37932526e-02 -4.36443981e-01 -2.89851598e-01  1.00487663e+00
  7.89386429e-01 -6.21428980e-01  4.73769547e-01 -6.88007719e-01
 -4.20327341e-01]
    Xi: 0.571673
    Gamma: 1.000000
    QP Objective: 3.8613802282381333

  Function 17:
    Center: [-0.34243371 -0.16507191  5.39458013 -0.04689958 -0.4643144  -0.35026618
 -0.29179389 -0.26256156 -0.32330236 -0.37136439 -0.29685953 -0.62871259
 -0.31205521 -0.17492717 -0.19011441 -0.3013776  -0.32113541 -0.34787592
  0.1903356  -0.16789311  0.15844287 -0.11817151 -0.2902092  -0.21299439
 -0.32881467 -0.29923993 -0.22789481 -0.23183016 -0.16673145 -0.22523952
 -0.16053931 -0.14321202 -0.17492026 -0.14521515 -0.19806739 -0.24213022
 -0.32345561 -0.05983624 -0.18091134 -0.18530385 -0.12090468 -0.17259996
 -0.20599311 -0.12734332 -0.29777621  0.90028321 -0.0713879  -0.11154623
 -0.15845336 -0.51430655 -0.15519768 -0.32991229 -0.30835494 -0.1030484
 -0.11862558 -0.2523362  -0.43426871]
    Weight (w): [-9.87187425e-02 -6.74938078e-02 -1.69611072e-02 -9.51380497e-02
  1.81157953e-01 -7.45584532e-02  3.74126083e-02 -9.87081650e-02
 -5.45373375e-02 -1.26212500e-01 -7.81045454e-03 -4.37783703e-03
 -8.47824242e-02  1.40576781e-01 -3.95959894e-04 -2.26326314e-02
 -3.77618302e-02 -7.31228540e-02 -5.51041915e-02 -5.72035649e-02
 -2.24207290e-02 -8.10138012e-02 -8.01552675e-02 -5.86370298e-02
 -1.44608807e-01 -6.71756879e-02 -9.22872221e-01  4.93393544e-01
  1.82850800e-02 -1.03432770e-01 -3.26243520e-01 -9.11204730e-02
 -2.02708890e-01 -2.39633172e-01 -1.79385858e-01 -4.87565545e-02
 -1.37454387e-01  8.84279814e-02  6.65775001e-03 -7.42175993e-03
 -3.50922129e-01 -5.39635247e-01  3.59241833e-01 -8.24297751e-01
 -1.65316474e-01 -9.34732268e-01 -1.12559254e-01 -1.31004418e-01
  5.45352240e-02 -8.98927622e-02 -1.22332038e-01  2.29465457e-01
  1.07295492e-01 -1.24475218e-01 -1.17625069e-01 -7.14568829e-02
 -9.25445659e-02]
    Xi: 0.093036
    Gamma: 1.000000
    QP Objective: 2.400848939780854

  Function 18:
    Center: [-0.34243371 -0.16507191  0.39545394 -0.04689958 -0.4643144  -0.35026618
 -0.29179389 -0.26256156 -0.32330236 -0.37136439 -0.29685953 -0.62871259
 -0.31205521 -0.17492717 -0.19011441  0.27994596 -0.32113541 -0.34787592
  0.43254986 -0.16789311  0.13345702 -0.11817151 -0.2902092   0.87153711
 -0.32881467 -0.29923993 -0.22789481 -0.23183016 -0.16673145 -0.22523952
 -0.16053931 -0.14321202 -0.17492026 -0.14521515 -0.19806739 -0.24213022
 -0.32345561 -0.05983624 -0.18091134 -0.18530385 -0.12090468 -0.17259996
 -0.20599311 -0.12734332  0.1767303  -0.19738748 -0.0713879  -0.11154623
 -0.15845336 -0.51430655 -0.15519768  0.22184027 -0.30835494 -0.1030484
 -0.12776634 -0.24720458 -0.39963137]
    Weight (w): [-0.36927136 -0.05331168 -0.02290831  0.17993069  0.20569932 -0.12228081
 -0.05313926 -0.26293612 -0.30948801 -0.26259564 -0.42688489 -0.24103272
 -0.26303956 -0.31889215 -0.28942943  0.1114429  -0.15122267 -0.38496066
  0.02702268 -0.3546873   0.02862164  0.09265477 -0.27550371 -0.28497108
 -0.47567816 -0.28714098 -0.97924515 -0.42332091  0.20907445 -0.46658242
  0.01081453 -0.35422074 -1.15090879  0.91466265 -0.38614732 -0.36953313
 -0.46665499  0.5077842  -0.7128178  -0.56196543 -0.36372619 -0.12586165
 -0.27227028 -0.67308993 -0.2975392  -0.39854518 -0.41590838 -0.53840801
 -0.33100093 -0.24029319 -0.46836963  0.20618743  0.405595   -0.41472932
 -0.20638222  0.68429902 -0.2748213 ]
    Xi: 0.346830
    Gamma: 1.000000
    QP Objective: 3.139926652707928

  Function 19:
    Center: [-3.42433707e-01  2.86612188e-02  9.31074600e-01 -4.68995838e-02
  1.02280783e+00  5.62827989e-01 -2.91793886e-01 -2.62561558e-01
 -3.23302359e-01 -3.71364386e-01  9.43695135e-01 -3.38556373e-01
  3.84072612e+00 -1.74927167e-01 -1.90114405e-01  1.39508389e-03
 -3.21135414e-01  2.00588625e+00  4.77612982e-01 -1.67893113e-01
  7.83089265e-01 -1.18171509e-01  4.23570034e-01 -2.12994388e-01
 -3.28814669e-01 -2.99239934e-01 -1.53643102e-01 -2.31830156e-01
 -1.66731450e-01 -2.25239518e-01 -1.60539307e-01 -1.43212021e-01
 -1.74920257e-01 -1.45215148e-01 -1.98067390e-01 -2.42130222e-01
 -3.23455613e-01 -5.98362369e-02 -1.80911344e-01 -1.85303849e-01
 -1.20904684e-01 -1.72599962e-01 -2.05993114e-01 -1.27343320e-01
 -2.97776209e-01 -1.97387481e-01 -7.13879045e-02 -1.11546231e-01
 -1.58453362e-01 -5.14306549e-01 -1.55197675e-01 -2.78415389e-01
 -3.08354941e-01 -1.03048405e-01 -1.25686032e-01 -2.31809712e-01
 -2.72627750e-01]
    Weight (w): [-1.21714898e-01  2.78679532e-01 -7.28963876e-02 -1.03212138e-01
  4.85769376e-02  2.06991728e-02  1.28960718e-01 -8.35611294e-02
 -3.16504242e-02 -1.59238606e-01  1.54364921e-03  3.17421750e-02
 -9.20053874e-02 -1.77046783e-01  5.18759631e-01  4.55737855e-02
  9.12559277e-02 -1.09085162e-01  4.68484826e-02 -1.11938752e-01
 -7.37405202e-02  9.47577985e-02 -1.10826915e-01  1.13092618e-01
 -1.85803764e-01 -1.96329309e-01 -1.84729125e+00 -1.27682442e-01
  8.89359863e-02 -1.30439362e-01 -3.80017739e-02 -4.99096737e-01
 -2.40925043e-01 -2.35216479e-01 -6.00494689e-01 -1.96416416e-01
 -1.48338836e-01 -1.26419774e-01 -3.40160269e-01 -1.48805786e-01
 -2.24384022e-01 -3.16414951e-01 -1.53168455e-01 -2.66691485e-01
 -2.51490006e-01 -8.75306928e-02 -2.34395787e-01 -1.71260232e-01
  7.09078694e-02 -1.07366224e-01 -2.11657320e-01  1.20940226e-01
  4.37039159e-01 -8.50648302e-02 -3.15476792e-01  4.93568890e-01
 -9.95128391e-02]
    Xi: 0.099184
    Gamma: 1.000000
    QP Objective: 2.5811708983977826

  Function 20:
    Center: [-0.34243371 -0.16507191 -0.55676058 -0.04689958 -0.4643144  -0.35026618
 -0.29179389 -0.26256156 -0.32330236 -0.37136439 -0.29685953 -0.62871259
 -0.31205521 -0.17492717 -0.19011441 -0.3013776  -0.32113541 -0.34787592
 -0.48561117 -0.16789311 -0.67441898 -0.11817151 -0.2902092   1.59455811
 -0.32881467 -0.29923993  0.00971066 -0.23183016 -0.16673145 -0.22523952
 -0.16053931 -0.14321202 -0.17492026 -0.14521515 -0.19806739 -0.24213022
 -0.32345561 -0.05983624 -0.18091134 -0.18530385 -0.12090468 -0.17259996
 -0.20599311  1.15902062  0.49306797 -0.19738748 -0.0713879  -0.11154623
 -0.15845336 -0.51430655 -0.15519768 -0.32991229  0.76951489 -0.1030484
 -0.12117869 -0.2523362  -0.41612534]
    Weight (w): [-1.28932942e-01  1.01830263e-01 -1.23541795e-01 -1.10966872e-01
 -7.87454547e-02 -1.05626457e-01  1.58332136e-01 -1.03556788e-01
  2.54038225e-02 -1.30342084e-01 -1.34647189e-01 -1.08642503e-01
 -9.22960266e-02  8.05474065e-02  1.92503573e-01 -6.27936056e-04
 -1.23303314e-01 -1.14747810e-01 -1.30596772e-01 -4.47844448e-02
 -5.14009008e-02 -1.43835257e-01 -5.29018111e-02  2.16761633e-04
 -4.48672873e-01 -1.61699699e-01 -2.21751302e+00 -1.18408797e-01
 -2.09722933e-01  1.24195712e-01 -1.73771502e-01 -3.08990230e-01
 -1.38005045e-01 -2.04096929e-01  7.38618741e-02 -1.37959829e-01
 -1.05744651e-01 -1.32271602e-01 -1.75994505e-01 -1.94111559e-01
 -2.27162772e-01 -1.67340206e-01 -2.24792619e-01 -6.81896194e-01
  5.90903006e-03 -1.38791876e-01 -1.90376235e-01 -4.25433833e-02
 -9.20379361e-02 -1.38638413e-01 -1.37393643e-01 -6.65241458e-03
  9.67119838e-02 -3.02259016e-02 -1.36252878e-01 -1.28463453e-01
 -7.71844943e-02]
    Xi: 0.122915
    Gamma: 1.000000
    QP Objective: 2.2770411562226753

  Function 21:
    Center: [-0.34243371  0.60211129 -0.55676058 -0.04689958  0.26437549 -0.35026618
 -0.29179389  0.95929867 -0.32330236 -0.37136439 -0.29685953 -0.0600064
 -0.31205521 -0.17492717 -0.19011441 -0.3013776  -0.32113541  3.38048335
  0.73672591 -0.16789311  0.55821656 -0.11817151 -0.2902092  -0.21299439
 -0.32881467 -0.29923993 -0.22789481 -0.23183016 -0.16673145 -0.22523952
 -0.16053931 -0.14321202 -0.17492026 -0.14521515 -0.19806739  0.97502103
 -0.32345561 -0.05983624 -0.18091134 -0.18530385 -0.12090468 -0.17259996
 -0.20599311 -0.12734332 -0.29777621 -0.19738748 -0.0713879  -0.11154623
 -0.15845336 -0.51430655 -0.15519768 -0.23059683 -0.30835494 -0.1030484
 -0.12114717 -0.24720458 -0.37159161]
    Weight (w): [-0.23894629 -0.37593988 -0.26404414 -0.11200719 -0.07231531 -0.1671701
  0.08998192 -0.06583827 -0.27468602 -0.15880561 -0.1460211  -0.05027721
 -0.12290945 -0.28292566 -0.12842584 -0.05545673 -0.08372913  0.15444464
  0.0252328  -0.03380831 -0.05395547 -0.21011454 -0.1822738  -0.18732483
 -0.39097839 -0.50132433 -0.70243573 -0.23213379 -0.42744431 -0.28951979
 -0.1213917  -0.33517379 -0.09385285 -0.51108043 -0.48431673 -0.18709335
 -0.26730963 -0.09415908 -0.1624814  -0.28988772 -0.22929242 -0.30766486
 -0.24168655 -0.25427708 -0.23791497 -0.22292432 -0.29287655  0.21377606
 -0.25415054 -0.26726148 -0.35973083  0.15136527  0.00214086 -0.20451495
 -0.56985519  0.78569518 -0.09107142]
    Xi: 0.215574
    Gamma: 1.000000
    QP Objective: 2.758736702373708

  Function 22:
    Center: [-0.34243371 -0.16507191 -0.55676058 -0.04689958  0.05617838  0.92806565
 -0.29179389 -0.26256156 -0.32330236 -0.37136439 -0.29685953 -0.62871259
 -0.31205521 -0.17492717 -0.19011441 -0.3013776  -0.32113541 -0.34787592
  0.07204492 -0.16789311 -0.08308707 -0.11817151 -0.2902092  -0.21299439
 -0.11938027 -0.29923993 -0.22789481 -0.23183016 -0.16673145 -0.22523952
 -0.16053931 -0.14321202 -0.17492026 -0.14521515 -0.19806739 -0.24213022
 -0.32345561 -0.05983624 -0.18091134 -0.18530385 -0.12090468 -0.17259996
 -0.20599311 -0.12734332 -0.29777621  0.18679726 -0.0713879  -0.11154623
 -0.15845336 -0.27755536 -0.15519768 -0.32991229 -0.30835494 -0.1030484
 -0.12360572 -0.22667809 -0.36664341]
    Weight (w): [-0.31960638 -0.12555896 -0.27139751  0.06304517  0.03296168  0.06212146
  0.07293413 -0.28194768 -0.23510932 -0.30623257 -0.17719763 -0.29933136
 -0.26102691 -0.23807991 -0.08858552 -0.09080519  0.03975589 -0.30248238
 -0.14368855 -0.23022484 -0.17383071 -0.28141673 -0.28752862 -0.12473221
 -3.05486082  0.96854504 -0.76072978 -0.19798168  0.2440593  -0.23010909
  0.03810833 -0.64133017 -0.10711921 -0.53360108 -0.49518966 -0.0713375
 -0.32540657 -0.30644537 -0.58018645 -0.42167269 -0.23073451  0.20556663
 -0.26629736 -0.43520387 -0.25130973 -0.46748557 -0.42725971 -0.17610722
  0.11195414 -0.29599962 -0.36166751  0.16847413 -0.23287443 -0.33903529
 -0.11138976 -0.41961631  0.24958146]
    Xi: 0.286541
    Gamma: 1.000000
    QP Objective: 2.7035725319951673

  Function 23:
    Center: [-0.34243371 -0.16507191 -0.55676058 -0.04689958 -0.4643144  -0.35026618
 -0.29179389 -0.26256156 -0.32330236 -0.37136439 -0.29685953  2.63264333
 -0.31205521 -0.17492717 -0.19011441  0.12250416 -0.32113541  0.31117749
 -0.73909121 -0.16789311 -0.67441898 -0.11817151 -0.2902092  -0.21299439
 -0.11938027 -0.29923993 -0.22789481 -0.23183016 -0.16673145 -0.22523952
 -0.16053931 -0.14321202 -0.17492026 -0.14521515 -0.19806739 -0.24213022
  0.50317542 -0.05983624 -0.18091134 -0.18530385 -0.12090468 -0.17259996
 -0.20599311 -0.12734332 -0.29777621 -0.19738748 -0.0713879  -0.11154623
 -0.15845336  0.56956999 -0.15519768 -0.32991229 -0.30835494 -0.1030484
 -0.12499259 -0.24207296 -0.22644462]
    Weight (w): [-2.24479126e-01 -2.22713739e-01 -1.29344792e-01 -1.15994489e-01
 -1.43544647e-01 -2.12789176e-01 -3.46903174e-02 -1.40688706e-01
 -1.44814281e-01 -2.11788316e-01 -1.98002816e-01 -5.30468517e-02
 -2.49749685e-01 -1.08273776e-01  2.11340550e-02  3.27272417e-02
 -1.35079201e-01 -9.46785711e-02 -1.83193359e-01 -2.29333846e-01
 -1.43097329e-01 -2.42047142e-01 -8.51016952e-02 -1.64330622e-01
 -1.06380821e+00  6.78233656e-02 -6.99685248e-01 -2.67563319e-01
 -1.93152863e-01 -2.36158508e-01 -4.26562830e-02 -3.25079399e-01
 -4.18633039e-01 -2.89819349e-01 -3.67013514e-01 -1.51928393e-02
 -2.18693491e-01  5.67789604e-02 -1.27549407e-01 -3.11140383e-01
 -2.37454936e-01 -2.31283988e-01 -2.26965261e-01 -4.83831975e-01
 -3.74542396e-01 -3.29977713e-01 -1.91143324e-01 -1.41533986e-01
 -5.37665223e-04 -9.74743440e-02 -2.13853241e-01 -1.44217324e-01
 -7.36133422e-03 -2.16581537e-01 -2.46402706e-01 -2.02196776e-01
 -6.60391813e-02]
    Xi: 0.220669
    Gamma: 1.000000
    QP Objective: 2.3654423531729463

  Function 24:
    Center: [-0.34243371  0.09840515 -0.55676058 -0.04689958  0.54692871 -0.35026618
  1.44556447 -0.26256156 -0.32330236  0.15602469  1.39029481 -0.62871259
 -0.31205521 -0.17492717 -0.19011441  0.11039325 -0.32113541  2.21301732
  0.99020595 -0.16789311  1.59929388 -0.11817151 -0.2902092  -0.21299439
 -0.12536411  0.08413558 -0.22789481 -0.23183016 -0.16673145 -0.22523952
 -0.16053931 -0.14321202  0.43675909 -0.14521515 -0.19806739 -0.24213022
 -0.32345561 -0.05983624 -0.18091134 -0.18530385 -0.12090468 -0.17259996
 -0.20599311 -0.12734332 -0.29777621 -0.19738748 -0.0713879  -0.11154623
 -0.15845336 -0.51430655 -0.15519768 -0.27105869 -0.11311814 -0.1030484
 -0.11916141 -0.19075673 -0.3089145 ]
    Weight (w): [-2.23788142e-01 -1.58836725e-01 -1.31522468e-01  9.96656998e-02
  7.40354964e-02  2.14729913e-02  9.68810058e-02 -7.47768039e-02
 -9.02986037e-02 -8.09809277e-02  5.18034642e-02  1.78432060e-03
 -1.53137664e-01 -1.63509178e-01  2.50637999e-01  6.47491849e-02
 -4.86892295e-02  4.80311720e-02  4.44249150e-02 -1.78852896e-01
  2.22277443e-04 -1.57970109e-01 -1.65528934e-01 -1.08346933e-01
 -5.16195346e-02 -4.20532656e-01 -7.55093930e-01 -2.05071154e-01
 -3.79813192e-01 -2.04277437e-01 -2.79233810e-01 -3.27197179e-01
 -6.29758005e-01 -2.35550538e-01 -3.14523353e-01 -2.65856098e-01
 -2.09567543e-01  7.09368194e-01 -1.89956672e-01 -2.70328943e-01
 -2.39001874e-01 -4.43264877e-01  6.49979069e-02 -3.37443756e-01
  7.66656715e-03 -3.07201150e-01 -2.04265553e-01 -1.82417246e-01
  1.61520657e-01 -1.50256867e-01 -2.73270865e-01 -6.58090084e-02
 -2.96436317e-02 -6.20236371e-02  3.18301062e-01  1.46981137e-01
 -1.77191474e-01]
    Xi: 0.166528
    Gamma: 1.000000
    QP Objective: 2.812336454328551

  Function 25:
    Center: [ 1.19691276 -0.16507191  0.67318317 -0.04689958 -0.4643144  -0.35026618
 -0.29179389 -0.26256156  0.21513182 -0.37136439 -0.29685953 -0.45461886
 -0.31205521 -0.17492717 -0.19011441 -0.3013776  -0.32113541 -0.34787592
 -0.85174901  0.12639101 -0.67441898 -0.11817151  0.13805834 -0.21299439
 -0.32881467 -0.29923993 -0.22789481 -0.23183016  0.35580318 -0.22523952
 -0.16053931 -0.14321202 -0.17492026 -0.14521515 -0.19806739 -0.24213022
 -0.32345561 -0.05983624 -0.18091134 -0.18530385 -0.12090468 -0.17259996
 -0.20599311 -0.12734332 -0.29777621 -0.19738748 -0.0713879  -0.11154623
 -0.15845336 -0.32194621 -0.15519768 -0.20117003  0.01297229 -0.04248405
 -0.10179396 -0.20101998 -0.21160004]
    Weight (w): [-1.43310048e-02 -3.68430993e-02 -2.01910632e-03 -2.10957321e-02
 -1.02443193e-02 -1.58771727e-02 -6.75897206e-03 -1.14486092e-02
  3.01585474e-02 -2.10852863e-02 -2.39100262e-02 -2.10650032e-02
 -1.27623141e-02 -2.42000495e-02  8.83489608e-02  5.17763456e-03
 -8.78316164e-03 -1.39136698e-02 -9.37737677e-03 -1.76719617e-02
 -2.14975634e-02 -1.73224450e-02 -1.19312398e-02 -1.96310820e-02
 -8.21734195e-02 -1.66032528e-02 -6.43112451e-01 -1.86332057e-02
 -3.65655432e+00 -3.80037614e-03 -1.81768681e-02 -3.32006248e-02
 -5.42738526e-02 -1.73821871e-02  2.59988595e-02 -3.49844345e-03
 -2.14015950e-02  2.72675420e-01  1.40482030e+00 -2.49703709e-02
 -2.40569099e-01  5.60866705e-01 -5.20078169e-02 -7.31466828e-02
 -3.66985648e-02  5.09168848e-01 -2.18693117e-02 -5.70188503e-02
 -2.32649369e-02 -1.95584483e-02 -2.61865119e-02 -6.86964720e-03
  1.03953883e-03 -2.14311217e-02 -6.00244355e-02  9.56464133e-02
  4.00358630e-02]
    Xi: 0.017545
    Gamma: 1.000000
    QP Objective: 2.360751404685238

  Function 26:
    Center: [-0.34243371 -0.16507191  0.39545394 -0.04689958  0.01156471  0.23411409
 -0.29179389 -0.26256156  0.82535722 -0.37136439 -0.29685953 -0.62871259
  0.2195008  -0.17492717 -0.19011441 -0.3013776  -0.32113541 -0.34787592
  0.33679074 -0.16789311 -0.27464529 -0.11817151 -0.2902092   0.14851611
 -0.32881467 -0.29923993 -0.22789481 -0.23183016 -0.16673145 -0.22523952
 -0.16053931 -0.14321202 -0.17492026 -0.14521515 -0.19806739 -0.24213022
 -0.32345561 -0.05983624 -0.18091134 -0.18530385 -0.12090468 -0.17259996
 -0.20599311 -0.12734332  0.33489913 -0.02176017 -0.0713879  -0.11154623
 -0.15845336 -0.19617214 -0.15519768 -0.26002364 -0.30835494 -0.1030484
 -0.11011521 -0.00601831 -0.20665185]
    Weight (w): [-0.28785318  0.48308143 -0.09605737  0.45301994 -0.0214275  -0.08312656
  0.33959902 -0.23832461 -0.022667   -0.24588602 -0.24671129 -0.27335858
 -0.12535865 -0.16022689  0.03518221  0.21869179 -0.16702109 -0.30033909
  0.00107916  0.07148952 -0.03709783 -0.26242073 -0.18556866 -0.19777775
 -0.4269174  -0.66855388 -0.74649043 -0.22785727 -0.05355571 -0.25104563
 -0.26559767 -0.33595162 -0.64229222 -0.03077776 -0.14476687 -0.21110711
 -0.27920149 -0.06966961 -0.40364898 -0.1323284  -0.24539657  0.40687445
 -0.25118055 -0.49369519 -0.50231542 -0.32203357 -0.50445732 -0.18729798
 -0.31532144 -0.2640418  -0.29505329  0.21313969  0.40072513 -0.23468547
 -0.15711982 -0.45536135  0.21764856]
    Xi: 0.227145
    Gamma: 1.000000
    QP Objective: 2.7936561491328127

  Function 27:
    Center: [ 0.05059092 -0.07208001 -0.31870695 -0.04689958 -0.28585974  0.08801902
 -0.29179389  0.6600676   0.10744498 -0.37136439  0.29860671  0.23014982
 -0.31205521 -0.17492717 -0.19011441 -0.3013776   0.21939652 -0.12191475
 -0.93624235  0.30296149 -0.67441898 -0.11817151 -0.2902092  -0.21299439
 -0.03560651 -0.29923993 -0.22789481 -0.00899618  0.03554002 -0.22523952
 -0.16053931 -0.14321202 -0.17492026 -0.14521515 -0.19806739  2.19217228
  0.2433771  -0.05983624  0.09518886 -0.18530385 -0.12090468  0.46647259
 -0.20599311 -0.12734332 -0.29777621  0.61488883 -0.0713879  -0.11154623
 -0.08862236 -0.18507443 -0.15519768 -0.32991229 -0.23920857 -0.1030484
 -0.11941357 -0.17536186  0.28486864]
    Weight (w): [-1.09275156e-01 -1.48914535e-01 -1.02405008e-01  4.33248363e-02
 -8.30503809e-02 -4.77508703e-02  3.11033380e-02 -5.25974982e-02
 -8.20529998e-02 -1.03977983e-01 -3.71757290e-02  4.33441762e-02
 -1.19654127e-01 -8.80242852e-02 -1.70157612e-02  5.05201084e-02
  3.46482552e-02 -1.14157266e-01  1.09782995e-04 -8.88443123e-02
 -8.48608868e-02 -1.10988097e-01 -3.81926042e-02 -4.15752382e-02
 -7.50071906e-01 -6.46012575e-02 -7.03726076e-01 -8.76960192e-02
 -2.75053374e-01 -1.00828912e-01 -1.27709649e-01 -1.76929432e-01
 -2.51385445e-01 -8.36765209e-02 -1.92868094e-01 -1.51506307e-02
 -9.45065597e-02  1.27286779e+00  7.38322295e-02  1.48175699e-01
 -2.47049075e-01 -1.10190681e+00 -9.62875307e-02 -2.46737705e-01
 -1.58319258e-01 -5.49279757e-02 -1.26888421e-01  3.68380045e-02
  1.98449469e-01 -9.85155091e-02  7.06146942e-02 -1.30051343e-01
  3.44637191e-02 -3.90457685e-02 -1.01067585e-01 -2.67314582e-02
  1.16991226e-01]
    Xi: 0.082958
    Gamma: 1.000000
    QP Objective: 2.3498601871233755

  Function 28:
    Center: [-0.34243371 -0.16507191 -0.55676058 -0.04689958 -0.4643144  -0.35026618
 -0.29179389 -0.26256156 -0.32330236 -0.37136439  0.89407295  0.20693732
  0.48527881 -0.17492717 -0.19011441 -0.3013776   0.21939652 -0.34787592
 -0.53067429  0.30296149  1.12456263 -0.11817151  1.08024693 -0.21299439
 -0.32881467 -0.29923993 -0.22789481 -0.23183016 -0.16673145 -0.22523952
 -0.16053931 -0.14321202 -0.17492026 -0.14521515  0.25288918 -0.24213022
 -0.32345561 -0.05983624 -0.18091134 -0.18530385 -0.12090468 -0.17259996
 -0.20599311 -0.12734332 -0.29777621  0.06605348 -0.0713879  -0.11154623
 -0.15845336  1.13925253 -0.15519768 -0.18032605  0.85086356 -0.1030484
 -0.04657111 -0.17023024  0.00447105]
    Weight (w): [-0.09496463 -0.43653894 -0.11014965  0.60999628  0.00952352 -0.10995937
  0.00621881 -0.07757458  0.00126262 -0.15769493 -0.03806939 -0.09725987
 -0.03845233 -0.09160828  0.26343608 -0.04333857 -0.01928484 -0.07434003
 -0.01948555 -0.11744482 -0.03788833 -0.08547042  0.04777215 -0.1545286
 -0.45063985 -0.38451332 -0.75661233 -0.14145892  0.15483784 -0.16848036
 -0.08044267  0.0295541  -0.31770401 -0.16580393 -0.52402996 -0.11991243
 -0.17382831  0.13979479 -0.11265174 -0.13539773 -0.24872398 -0.19057074
 -0.22537211 -0.27620316 -0.02253979 -0.22446117 -0.10402887 -0.18983761
  0.37038297 -0.15064184 -0.12786639 -0.08192876  0.13831444 -0.1321526
 -0.2330884  -0.02235593  0.18082174]
    Xi: 0.152554
    Gamma: 1.000000
    QP Objective: 2.534191703886667

  Function 29:
    Center: [ 2.08121818 -0.16507191 -0.55676058 -0.04689958 -0.4643144  -0.35026618
 -0.29179389 -0.26256156 -0.32330236 -0.37136439 -0.29685953 -0.62871259
 -0.31205521 -0.17492717 -0.19011441 -0.3013776  -0.32113541 -0.34787592
 -0.93624235 -0.16789311 -0.67441898 -0.11817151  1.82257734 -0.21299439
 -0.32881467 -0.29923993 -0.22789481 -0.23183016 -0.16673145 -0.22523952
 -0.16053931 -0.14321202 -0.17492026 -0.14521515 -0.19806739 -0.24213022
  1.42427857 -0.05983624 -0.18091134 -0.18530385 -0.12090468 -0.17259996
 -0.20599311 -0.12734332  0.43375465 -0.19738748 -0.0713879  -0.11154623
  0.39197927  1.97158093 -0.15519768 -0.32991229 -0.30835494 -0.1030484
 -0.10491443 -0.24207296 -0.39963137]
    Weight (w): [-0.00907862 -0.25893623 -0.13384842 -0.11487723 -0.1011077  -0.19115755
 -0.01925162 -0.03526157 -0.17171124 -0.1712176  -0.18242154 -0.24107689
 -0.17519348 -0.11030144 -0.10773998 -0.01506869 -0.03865006 -0.20041712
 -0.07187676 -0.07570693 -0.19617269  0.04617366 -0.04318307 -0.16774236
 -0.02754892 -0.32219763 -0.54610139 -0.21514066  0.09717835 -0.18401144
 -0.27664328 -0.23990848 -0.25773726 -0.06015584 -0.1629829  -0.11599216
 -0.05650245 -0.0161914  -0.09582297 -0.16643694 -0.24956998 -0.36322014
 -0.17942961 -0.4694747  -0.27209482 -0.04298582 -0.27085049 -0.05684191
 -0.08404722  0.02918789  0.12445764 -0.10076368  0.31482988 -0.13936556
  0.04139073 -0.22247342 -0.02303375]
    Xi: 0.168638
    Gamma: 1.000000
    QP Objective: 2.311703692551861

  Function 30:
    Center: [-0.34243371 -0.03333338 -0.55676058 -0.04689958 -0.21150362 -0.35026618
 -0.29179389  0.61019575 -0.32330236 -0.37136439 -0.29685953  0.39263731
 -0.31205521 -0.17492717 -0.19011441 -0.3013776   4.07068655 -0.34787592
 -0.84048323 -0.16789311 -0.67441898 -0.11817151 -0.2902092  -0.21299439
 -0.11938027 -0.10755218 -0.22789481 -0.23183016 -0.16673145  0.14705158
 -0.16053931 -0.14321202 -0.17492026 -0.14521515 -0.19806739  0.62726353
 -0.32345561 -0.05983624 -0.18091134 -0.18530385 -0.12090468 -0.17259996
 -0.20599311 -0.12734332  0.22615806 -0.19738748 -0.0713879  -0.11154623
 -0.15845336  0.43269821 -0.15519768 -0.32991229 -0.30835494 -0.1030484
 -0.09753877 -0.19588835 -0.07634944]
    Weight (w): [-0.1084286  -0.06025698 -0.20335909 -0.12232867 -0.08816911 -0.10933326
 -0.07597641 -0.09113154 -0.2087806  -0.13032214 -0.15502651 -0.09367216
 -0.13544157 -0.13643689 -0.13762704  0.04466015  0.03895727 -0.06057429
 -0.15094548 -0.03774208 -0.19432652  0.00501706 -0.08171836 -0.18958969
 -0.45339339 -0.39771443 -0.63008272 -0.16933432  0.25129383 -0.21012523
 -0.23142883 -0.34283118  0.03270696 -0.30564566 -0.18357191 -0.07356354
 -0.19776109  0.39727567  0.07376897 -0.11180193 -0.25042176  0.03181799
 -0.24778903 -0.19359419 -0.07355817 -0.14468966 -0.22468388  0.01674817
  0.34877615 -0.18438478 -0.17504658 -0.10050535  0.01399443  0.02674006
 -0.36051023  0.30801755  0.01135136]
    Xi: 0.172774
    Gamma: 1.000000
    QP Objective: 2.42792370407217

  Function 31:
    Center: [-0.34243371 -0.16507191 -0.55676058 -0.04689958 -0.4643144  -0.35026618
 -0.29179389 -0.26256156 -0.32330236 -0.37136439 -0.29685953 -0.62871259
 -0.31205521 -0.17492717 -0.19011441 -0.3013776  -0.32113541 -0.34787592
 -0.05187866 -0.16789311 -0.67441898 -0.11817151 -0.2902092  -0.21299439
 -0.32881467 -0.29923993 -0.22789481 -0.23183016 -0.16673145 -0.22523952
 -0.16053931 -0.14321202 -0.17492026 -0.14521515 -0.19806739  1.69537585
 -0.32345561 -0.05983624 -0.18091134 -0.18530385 -0.12090468 -0.17259996
 -0.20599311 -0.12734332 -0.29777621 -0.19738748 -0.0713879  -0.11154623
 -0.15845336 -0.51430655 -0.15519768 -0.32991229 -0.30835494 -0.1030484
 -0.13211609 -0.26259945 -0.44086631]
    Weight (w): [-0.42672054  0.14001797 -0.45343209 -0.12316942 -0.24671352 -0.20663066
  0.08782877 -0.42413037 -0.47012522 -0.45670223 -0.50702356 -0.19961068
 -0.43920876 -0.3252402   0.07826001 -0.12016378  0.08783597 -0.32772816
 -0.37037796 -0.42279604 -0.26394569 -0.45809023 -0.34996959 -0.37930011
 -0.93158673 -0.57111662 -0.63802182 -0.41313942  0.15326271 -0.46988449
 -0.05501878 -0.3451874  -0.47525079 -0.30774632 -0.45346769 -0.2384638
 -0.46037864  0.13175775  0.11446173  0.57366852 -0.25214287 -0.20159339
 -0.50697825 -0.98372225 -0.3615085  -0.1287104  -0.54593315 -0.07356425
  0.19283064 -0.45306077 -0.47593744  0.18410548  0.25918145 -0.2409486
 -0.3173488   0.12941342 -0.34729598]
    Xi: 0.422999
    Gamma: 1.000000
    QP Objective: 2.885764287085569

  Function 32:
    Center: [-0.34243371 -0.16507191 -0.55676058 -0.04689958 -0.4643144  -0.35026618
 -0.29179389 -0.26256156 -0.32330236 -0.37136439 -0.29685953 -0.62871259
 -0.31205521 -0.17492717 -0.19011441 -0.3013776  -0.32113541 -0.34787592
 -0.93624235 -0.16789311 -0.67441898 -0.11817151 -0.2902092  -0.21299439
 -0.32881467 -0.29923993 -0.22789481 -0.23183016 -0.16673145 -0.22523952
 -0.16053931 -0.14321202 -0.17492026 -0.14521515 -0.19806739 -0.24213022
 -0.32345561 -0.05983624 -0.18091134 -0.18530385 -0.12090468 -0.17259996
 -0.20599311 -0.12734332 -0.29777621 -0.19738748 -0.0713879  -0.11154623
 -0.15845336  0.71014101 -0.15519768  0.07593237 -0.30835494 -0.1030484
 -0.10961089 -0.24720458 -0.42767112]
    Weight (w): [-0.61428175 -0.61042198 -0.66620247 -0.12755267 -0.27369593 -0.45113082
 -0.32042694 -0.60767428 -0.48210723 -0.63988631 -0.7534877  -0.73912149
 -0.55917323 -0.46171039  0.12939972 -0.18359928 -0.28259819 -0.53347377
 -0.51064271 -0.57517596 -0.61977474  1.99415744 -0.64889849 -0.67380397
 -0.58021697 -0.64223676 -0.7657703  -0.57582381  0.25864729 -0.6615183
 -1.08814794 -0.20569232 -0.23677866  0.43381637 -0.52338253 -0.63143141
 -0.36508982  0.40515793  0.09050777  0.36838703 -0.26111593  0.03538769
 -0.6734708  -1.0385901  -0.12254611 -0.40040398 -0.76235059 -0.19929571
 -0.33282801 -0.60026854 -0.32207569  0.13693863 -0.20652459 -0.22087399
  0.2665988  -0.01497217 -0.34167864]
    Xi: 0.658787
    Gamma: 1.000000
    QP Objective: 3.6309366493633424

  Function 33:
    Center: [-3.42433707e-01 -1.65071912e-01 -5.56760578e-01 -4.68995838e-02
 -4.64314403e-01 -3.50266176e-01 -2.91793886e-01 -2.62561558e-01
 -3.23302359e-01 -3.71364386e-01 -2.96859527e-01 -6.28712594e-01
 -3.12055206e-01 -1.74927167e-01 -1.90114405e-01  1.95169604e-01
 -3.21135414e-01  4.24158071e-01 -2.43396910e-01 -1.67893113e-01
 -3.32945624e-01 -1.18171509e-01 -2.90209203e-01 -2.12994388e-01
 -3.28814669e-01 -2.99239934e-01 -2.27894812e-01 -2.31830156e-01
 -1.66731450e-01 -2.25239518e-01 -1.60539307e-01 -1.43212021e-01
 -1.74920257e-01 -1.45215148e-01 -1.98067390e-01 -2.42130222e-01
 -3.23455613e-01 -5.98362369e-02 -1.80911344e-01 -1.85303849e-01
 -1.20904684e-01 -1.72599962e-01 -2.05993114e-01 -1.27343320e-01
  5.12839072e-01 -1.97387481e-01 -7.13879045e-02 -1.11546231e-01
 -1.58453362e-01  3.32818798e-01 -1.55197675e-01 -1.90134979e-01
 -3.08354941e-01  2.97272929e-02  1.41363378e-04  9.14825251e-02
 -3.01663027e-02]
    Weight (w): [-0.3261937   0.45178231 -0.26351077 -0.13324275  0.1077429  -0.31907582
 -0.10097824 -0.30255108 -0.2906301  -0.34168872 -0.37340453 -0.41164454
 -0.35063261 -0.26868582  0.15847412  0.02566458 -0.10347664 -0.16235973
 -0.08345264 -0.33755339 -0.30033038 -0.15817251 -0.02268313 -0.07045498
 -0.07025305 -0.27809353 -0.79993106 -0.37586755  0.19203608 -0.39415857
 -0.23620941 -0.37341834 -0.36907319  0.02999451 -0.5575101  -0.36700006
 -0.31723898  0.21308939 -0.08139594  0.03638365 -0.27276422 -0.08964294
 -0.32970718 -0.29318569 -0.35039441 -0.38310452 -0.37238843 -0.02695962
 -0.38171525 -0.1418452  -0.26312211  0.04408775  0.40798249 -0.37196727
 -0.32659017  0.1298269  -0.23677872]
    Xi: 0.324117
    Gamma: 1.000000
    QP Objective: 2.7208709638837867

  Function 34:
    Center: [ 0.21435119 -0.16507191  0.79220998 -0.04689958  0.04130716  0.89154189
 -0.29179389 -0.26256156 -0.32330236 -0.37136439 -0.29685953 -0.62871259
 -0.31205521 -0.17492717 -0.19011441 -0.3013776  -0.32113541  0.29234739
  1.76754474 -0.16789311  0.89136131 -0.11817151 -0.2902092  -0.21299439
 -0.32881467 -0.29923993 -0.22789481 -0.23183016 -0.16673145 -0.22523952
 -0.16053931 -0.14321202 -0.17492026 -0.14521515 -0.19806739 -0.24213022
 -0.32345561 -0.05983624 -0.18091134 -0.18530385 -0.12090468 -0.17259996
 -0.20599311 -0.12734332  0.20638695 -0.01078346 -0.0713879  -0.11154623
 -0.15845336 -0.39593095 -0.15519768 -0.2502147  -0.30835494 -0.1030484
 -0.12615883 -0.24207296 -0.35344823]
    Weight (w): [-0.2304205   0.57813321 -0.05269537  0.38996089  0.10365708 -0.09264028
  0.06974046 -0.04964085 -0.11092177 -0.30254184 -0.21965353 -0.12973126
 -0.20780528 -0.13119069  0.15404245  0.45020218  0.28429217 -0.18851106
  0.07719514  0.10838754 -0.12680446 -0.15826798 -0.1615275   0.09181329
 -0.17959999 -0.33017294 -0.83403664 -0.21513457  0.09925216 -0.29353568
 -0.42849861 -0.38933928 -0.05870026 -0.22495335  0.06691813 -0.22808645
 -0.270683   -0.20929552 -0.52102444 -0.07553003 -0.2843937   0.38539582
 -0.40016756 -0.55779106 -0.43291983 -0.39151326 -0.52471822 -0.21706239
 -0.0013557  -0.21279045  0.03791913  0.08050227  0.3522958  -0.22031847
 -0.37510569  0.18246347 -0.12722895]
    Xi: 0.192485
    Gamma: 1.000000
    QP Objective: 2.780289270518052

  Function 35:
    Center: [-0.34243371 -0.16507191 -0.55676058 -0.04689958 -0.4643144  -0.35026618
 -0.29179389 -0.26256156 -0.32330236 -0.37136439 -0.29685953  0.19533107
  2.04672458 -0.17492717 -0.19011441 -0.3013776  -0.32113541 -0.34787592
 -0.53630718 -0.16789311 -0.67441898 -0.11817151 -0.2902092  -0.21299439
 -0.32881467 -0.29923993 -0.22789481 -0.23183016 -0.16673145 -0.22523952
 -0.16053931 -0.14321202 -0.17492026 -0.14521515 -0.19806739 -0.24213022
 -0.32345561 -0.05983624 -0.18091134 -0.18530385 -0.12090468 -0.17259996
 -0.20599311 -0.12734332 -0.29777621  0.58195871 -0.0713879  -0.11154623
 -0.15845336 -0.05190188 -0.15519768 -0.32991229  0.20007423 -0.1030484
 -0.12354268 -0.24720458 -0.42107353]
    Weight (w): [-0.21486845 -0.33009375 -0.21792818 -0.06815123 -0.09231352 -0.14272786
 -0.07946613 -0.19763579 -0.17356622 -0.14820005 -0.18606688 -0.11005864
  0.02706491  0.00858224 -0.02505427 -0.06721547 -0.14381562 -0.13354389
 -0.12799628 -0.20072426 -0.18588769 -0.2084542   0.05866026 -0.12053976
 -0.23320499 -0.29693151 -0.82194934  0.64138201  0.01859829 -0.1453456
 -0.76876308 -0.20723657  0.03142164 -0.13313018  0.40567049 -0.02128755
 -0.21500588 -0.17450241  0.02636431 -0.18095511 -0.28661553 -0.17685927
  0.38881294 -0.4591711  -0.23782173 -1.23471243 -0.20405607 -0.13228558
 -0.00995846 -0.19924142 -0.20507841 -0.13316779  0.13188574 -0.18228671
 -0.04738648  0.026509   -0.09224654]
    Xi: 0.197138
    Gamma: 1.000000
    QP Objective: 2.6778582231244186

  Function 36:
    Center: [-0.34243371 -0.16507191 -0.55676058 -0.04689958 -0.4643144  -0.35026618
 -0.29179389 -0.26256156 -0.32330236 -0.37136439 -0.29685953 -0.62871259
 -0.31205521 -0.17492717 -0.19011441 -0.3013776  -0.32113541 -0.34787592
  2.25197326 -0.16789311  0.89136131 -0.11817151  3.27868698 -0.21299439
 -0.32881467 -0.29923993 -0.22789481 -0.23183016 -0.16673145 -0.22523952
 -0.16053931 -0.14321202 -0.17492026 -0.14521515 -0.19806739 -0.24213022
 -0.32345561 -0.05983624 -0.18091134 -0.18530385 -0.12090468 -0.17259996
 -0.20599311 -0.12734332 -0.29777621 -0.19738748 -0.0713879  -0.11154623
 -0.15845336  0.29952566 -0.15519768 -0.32991229 -0.30835494 -0.1030484
 -0.09586822 -0.22667809 -0.39633257]
    Weight (w): [-0.27103669 -0.12888452 -0.24384753 -0.14391982 -0.10596205 -0.13869904
 -0.06294934 -0.21972966 -0.20230254 -0.27438566 -0.28762298 -0.17267635
 -0.23903224 -0.26955023 -0.27408504  0.01149246 -0.05513561 -0.19956164
  0.12333767 -0.26457788 -0.04325026 -0.16908263 -0.01373607 -0.128887
  0.13157486 -0.66892582 -0.86418255 -0.24866739 -0.02369311 -0.36737932
 -0.30336936 -0.11491241 -0.05695751 -0.21196546 -0.41113821 -0.31669184
 -0.19096607 -0.3097064  -0.2812275  -0.04730378 -0.29467299  0.41047361
 -0.13392204 -0.07074379 -0.2807367  -0.21898466 -0.43024363 -0.22490802
 -0.19838415 -0.27019187 -0.21549284 -0.04259215  0.26181654 -0.29302966
 -0.33765714 -0.16378628 -0.24200686]
    Xi: 0.259916
    Gamma: 1.000000
    QP Objective: 2.669239060809907

  Function 37:
    Center: [-0.34243371 -0.16507191 -0.55676058 -0.04689958  0.24950427 -0.35026618
 -0.29179389 -0.26256156 -0.32330236 -0.37136439 -0.29685953 -0.07161265
 -0.31205521 -0.17492717 -0.19011441 -0.3013776  -0.32113541 -0.34787592
 -0.66586364 -0.16789311 -0.67441898 -0.11817151 -0.2902092  -0.21299439
 -0.32881467 -0.29923993 -0.22789481 -0.23183016 -0.16673145 -0.22523952
 -0.16053931 -0.14321202 -0.17492026 -0.14521515 -0.19806739 -0.24213022
 -0.32345561 -0.05983624 -0.18091134 -0.18530385 -0.12090468 -0.17259996
 -0.20599311 -0.12734332 -0.29777621 -0.19738748 -0.0713879  -0.11154623
 -0.15845336 -0.51430655 -0.15519768 -0.32991229 -0.30835494 -0.1030484
 -0.09794853 -0.22154647 -0.26438076]
    Weight (w): [-0.63598336 -0.98423294 -0.36887438 -0.09185166  0.05350788 -0.61225088
 -0.30361686 -0.70968811 -0.46975561 -0.62239964 -0.65911796 -0.6754183
 -0.56717026 -0.52177892 -0.48296981 -0.0474115  -0.46162105 -0.50141827
 -0.40981305  0.10251083 -0.53067849  1.10055728 -0.30354597 -0.61435007
 -1.08059252 -1.12813479 -0.86766715 -0.33865076 -0.02378865 -0.46108102
 -0.63437006 -0.40503845  0.20585564 -0.36110556 -0.74801941 -0.44621623
 -0.69663187 -0.39294204 -0.27927932 -0.40146469 -0.29586119  0.60501449
 -0.93830193 -0.9887626  -0.75517564 -0.00839524 -1.04405754 -0.2258149
 -0.27065497 -0.45380533 -0.71097192 -0.12318934  0.30840337 -0.42617501
 -1.08516161  0.34374229 -0.35183493]
    Xi: 0.681799
    Gamma: 1.000000
    QP Objective: 3.824628131014347

  Function 38:
    Center: [-0.34243371 -0.16507191 -0.14016673 -0.04689958 -0.15201873 -0.35026618
 -0.29179389  0.26109283 -0.32330236 -0.37136439 -0.29685953 -0.62871259
 -0.31205521 -0.17492717 -0.19011441 -0.3013776  -0.32113541 -0.34787592
  0.15653826 -0.16789311 -0.31628839 -0.11817151 -0.2902092  -0.21299439
 -0.32881467 -0.29923993 -0.22789481 -0.23183016 -0.16673145 -0.22523952
 -0.16053931 -0.14321202 -0.17492026 -0.14521515 -0.19806739 -0.24213022
 -0.32345561 -0.05983624 -0.18091134 -0.18530385 -0.12090468 -0.17259996
 -0.20599311 -0.12734332 -0.29777621 -0.19738748 -0.0713879  -0.11154623
  0.16605543 -0.51430655  0.20135004 -0.1840044  -0.30835494 -0.01220187
 -0.12940538 -0.2523362  -0.30066751]
    Weight (w): [-0.40749972 -0.45564415 -0.3022078   0.06384811 -0.05317883 -0.18943433
  0.3679736  -0.41011908 -0.35114063 -0.31834266 -0.40892547 -0.34838474
 -0.42465345 -0.36465672 -0.15495543 -0.06578793 -0.126256   -0.21131903
 -0.12011277 -0.37970365 -0.18700853 -0.17166941  0.09125009  0.01169034
 -0.60691244 -0.52866702 -0.90412376 -0.39593608  0.21419585 -0.33752642
 -0.18909166 -0.42205687 -0.52219475 -0.27110399 -0.49282431 -0.1091619
 -0.20391071 -0.40945221 -0.85506726 -0.61015812 -0.30829233  0.02126464
 -0.28184718 -0.58409219 -0.23268787 -0.35889047 -0.53005465 -0.0347529
 -0.42800826 -0.36631365 -0.38877683 -0.04013268 -0.00791512 -0.45910285
 -0.64822359  0.33911812 -0.16737867]
    Xi: 0.371163
    Gamma: 1.000000
    QP Objective: 2.9898980202584133

  Function 39:
    Center: [-0.34243371 -0.16507191 -0.55676058 -0.04689958  1.95969483 -0.35026618
 -0.29179389 -0.26256156 -0.32330236 -0.37136439 -0.29685953 -0.62871259
 -0.31205521 -0.17492717 -0.19011441 -0.3013776  -0.32113541 -0.34787592
  1.82950653 -0.16789311 -0.67441898 -0.11817151 -0.2902092  -0.21299439
 -0.32881467 -0.29923993 -0.22789481 -0.23183016 -0.16673145 -0.22523952
 -0.16053931 -0.14321202 -0.17492026 -0.14521515 -0.19806739 -0.24213022
 -0.32345561 -0.05983624 -0.18091134 -0.18530385 -0.12090468 -0.17259996
 -0.20599311 -0.12734332 -0.29777621 -0.19738748 -0.0713879  -0.11154623
 -0.15845336 -0.51430655 -0.15519768 -0.32991229 -0.30835494 -0.1030484
 -0.10787729 -0.24207296 -0.39138438]
    Weight (w): [-0.38479769 -0.2250867  -0.27358162  0.67627556  0.08054069 -0.18933316
 -0.23290357 -0.27043455 -0.26793012 -0.24785381 -0.31452549 -0.09991703
 -0.25260665 -0.22526295 -0.36660618  0.03657079 -0.08665872 -0.14488937
 -0.12484429 -0.1119176  -0.11851639 -0.22310719 -0.14653753 -0.13014056
 -0.57412506 -0.48465383 -0.90793862 -0.36768732 -0.02489276 -0.238745
 -0.47342331 -0.4238377  -0.40221608 -0.37786574 -0.34768103 -0.41872262
 -0.30622208 -0.41117986 -0.18081715  0.04825343 -0.30959314 -0.21085497
 -0.38007184 -0.7526823  -0.02213023  0.60739656 -0.73589946 -0.23629576
 -0.69209911 -0.39493512 -0.437447    0.12228751 -0.427173   -0.17219067
  0.19778781  0.28989766 -0.38575033]
    Xi: 0.368790
    Gamma: 1.000000
    QP Objective: 3.269679259838681

  Function 40:
    Center: [-0.34243371 -0.16507191  3.17274627 -0.04689958  0.93358049 -0.35026618
 -0.29179389 -0.26256156 -0.32330236 -0.37136439 -0.29685953 -0.62871259
 -0.31205521 -0.17492717 -0.19011441 -0.3013776  -0.32113541 -0.34787592
  0.65786545 -0.16789311 -0.67441898 -0.11817151 -0.2902092  -0.21299439
 -0.32881467 -0.29923993 -0.22789481 -0.23183016 -0.16673145 -0.22523952
 -0.16053931 -0.14321202 -0.17492026 -0.14521515 -0.19806739 -0.24213022
 -0.32345561 -0.05983624 -0.18091134 -0.18530385 -0.12090468 -0.17259996
 -0.20599311 -0.12734332  0.6314657  -0.19738748 -0.0713879  -0.11154623
 -0.15845336 -0.51430655 -0.15519768  0.59703201 -0.30835494 -0.1030484
 -0.13211609 -0.26259945 -0.43096992]
    Weight (w): [-0.3902024  -0.5095029   0.01525835  0.61798616 -0.11403829 -0.23344964
 -0.17385002 -0.33792994 -0.33420566 -0.19277701 -0.18851033 -0.36380569
 -0.21367471 -0.40147919 -0.20130838  0.32616129  0.06431213 -0.11886203
 -0.16087856  0.57008383 -0.10865226 -0.32289315 -0.15488544 -0.3001425
 -0.64732607 -0.6435538  -0.84173002 -0.32098281 -0.02510461 -0.42605003
 -0.32769946 -0.42744483 -0.23201843 -0.38108162 -0.53097264 -0.44133075
 -0.3229964  -0.41467926 -0.42449111 -0.33631316 -0.31222798 -0.169528
 -0.46132455 -0.45952848 -0.30424095 -0.19607464 -0.7570669   0.03167458
 -0.88851903 -0.31051948 -0.47981724  0.14376101  0.61867347 -0.08866355
 -0.39797821  0.36454745 -0.01288114]
    Xi: 0.275659
    Gamma: 1.000000
    QP Objective: 3.1401222048600412

  Function 41:
    Center: [-0.34243371 -0.16507191 -0.55676058 -0.04689958 -0.4643144  -0.35026618
 -0.29179389 -0.26256156 -0.32330236 -0.37136439 -0.29685953 -0.62871259
 -0.31205521 -0.17492717 -0.19011441 -0.3013776  -0.32113541 -0.34787592
  2.19001148 -0.16789311  1.63260836 -0.11817151 -0.2902092  -0.21299439
 -0.32881467 -0.29923993 -0.22789481 -0.23183016 -0.16673145 -0.22523952
 -0.16053931 -0.14321202 -0.17492026 -0.14521515 -0.19806739 -0.24213022
 -0.32345561 -0.05983624 -0.18091134 -0.18530385 -0.12090468 -0.17259996
 -0.20599311 -0.12734332 -0.29777621 -0.19738748 -0.0713879  -0.11154623
 -0.15845336 -0.51430655 -0.15519768 -0.32991229 -0.30835494 -0.1030484
 -0.06119634 -0.21641484 -0.4458145 ]
    Weight (w): [-0.15799354 -0.13282104 -0.07114003 -0.1565166   0.32614486  0.02554492
  0.17107878 -0.04791983 -0.02734902  0.22868555 -0.25264854  0.22937006
 -0.14107896 -0.11670665 -0.26379271  0.07974139  0.13829774  0.0806312
 -0.1818803  -0.16459653 -0.16958545 -0.05091025 -0.08913549  0.18139793
 -0.32179264 -0.36541185 -0.86378028 -0.14301721  0.26932138 -0.26955138
  0.24322767 -0.34382519 -0.09910601 -0.39106629 -0.45757744  0.01734813
 -0.23780797 -0.05937826 -0.58630194 -0.32354775 -0.32040863 -0.58377094
 -0.09832988 -0.58018588  0.32947783 -0.1996568  -0.14314417 -0.24455064
 -0.14281874 -0.22355156 -0.20370217  0.66469043  0.14273359 -0.1825255
 -0.49235585  0.64257774 -0.14673637]
    Xi: 0.170852
    Gamma: 1.000000
    QP Objective: 3.3547769778302

  Function 42:
    Center: [-0.34243371 -0.16507191 -0.55676058 -0.04689958 -0.18176118 -0.35026618
 -0.29179389 -0.26256156 -0.32330236 -0.37136439  0.64596202  0.26496857
  0.31916755 -0.17492717 -0.19011441 -0.07127036 -0.32113541  0.00989593
 -0.72219254  0.20486678 -0.67441898 -0.11817151 -0.2902092  -0.21299439
 -0.21512171 -0.29923993 -0.22789481  0.47381078 -0.16673145 -0.22523952
 -0.16053931 -0.14321202 -0.17492026 -0.14521515 -0.19806739  0.22982639
  0.57402951 -0.05983624  0.25624731 -0.18530385 -0.12090468  0.32300733
 -0.20599311 -0.12734332 -0.29777621 -0.19738748 -0.0713879  -0.11154623
  0.12087066 -0.09629273 -0.15519768 -0.30293772 -0.12532044 -0.1030484
 -0.10879137 -0.15996699  0.18425539]
    Weight (w): [-1.37339555e-01 -1.58733080e-01 -1.51839125e-01 -7.93461786e-02
 -6.32745116e-02 -8.35825685e-02 -7.17518077e-02 -1.70141660e-01
 -1.45739207e-01 -1.67685901e-01  1.14387581e-01  1.23080201e-02
 -1.42490920e-01 -2.13948311e-01  1.11115013e-01 -1.07229579e-01
 -1.30500175e-01 -1.31184899e-01 -1.00472950e-01 -1.67926177e-01
 -1.20618052e-01 -1.95826285e-01  2.44375341e-01 -1.47737755e-01
 -4.45869770e-01 -2.55590488e-01 -8.31619145e-01 -1.93969489e-01
  2.88284165e-01 -2.09932053e-01 -5.03777882e-01 -2.24670666e-01
 -2.88283108e-01  3.31554556e-03 -3.94366470e-01 -2.50616048e-02
 -1.57093121e-01  6.42404825e-01 -9.07652278e-02 -1.52455013e-01
 -3.49397977e-01 -8.23780627e-01 -2.17043920e-01 -6.59674593e-02
 -2.51080366e-01 -5.94872294e-02 -8.82199572e-02 -1.34854400e-01
  2.18622302e-02 -8.97387081e-02  5.93882992e-04 -2.04241430e-01
 -1.01234431e-01  6.89810238e-03 -2.58096648e-01  7.51757149e-02
  6.86891724e-02]
    Xi: 0.161521
    Gamma: 1.000000
    QP Objective: 2.4274915455164816

  Function 43:
    Center: [-0.34243371  0.45487411 -0.55676058 -0.04689958 -0.4643144  -0.35026618
 -0.29179389 -0.26256156 -0.32330236  2.11046656 -0.29685953 -0.62871259
 -0.31205521 -0.17492717 -0.19011441  2.60524019 -0.32113541 -0.34787592
  2.21817592 -0.16789311  0.65815999 -0.11817151 -0.2902092  -0.21299439
 -0.32881467 -0.29923993 -0.22789481 -0.23183016 -0.16673145 -0.22523952
 -0.16053931 -0.14321202 -0.17492026 -0.14521515 -0.19806739 -0.24213022
 -0.32345561 -0.05983624 -0.18091134 -0.18530385 -0.12090468 -0.17259996
 -0.20599311 -0.12734332 -0.29777621 -0.19738748 -0.0713879  -0.11154623
 -0.15845336 -0.51430655 -0.15519768 -0.04177485 -0.30835494 -0.1030484
 -0.12013853 -0.24720458 -0.41942414]
    Weight (w): [-0.19989427 -0.40652645 -0.25931121 -0.17231875 -0.04312547 -0.19195797
 -0.02808304 -0.26661114 -0.27526268 -0.03512921 -0.14668318  0.2508803
 -0.2732513  -0.2449731  -0.1465479   0.0934116  -0.11918123 -0.15752654
  0.00737156 -0.11745037  0.04670027 -0.30198301 -0.04891215  0.07917295
 -0.30805624 -0.33352907 -0.60598846 -0.2430098  -0.02836339 -0.2620419
  0.01426268 -0.22683097 -0.05464234 -0.17513855 -0.59984545  0.00401994
 -0.29010385 -0.06537318 -0.22250989 -0.28807307 -0.35275757 -0.04082186
 -0.03506971 -0.37201651  0.13845755 -0.29332656 -0.15759623 -0.26924085
 -0.11983189 -0.24510396 -0.27593141  0.04886177  0.05427809 -0.05357531
  1.32487234 -0.2759934  -0.23763557]
    Xi: 0.223138
    Gamma: 1.000000
    QP Objective: 2.896081934402722

  Function 44:
    Center: [-0.34243371 -0.16507191 -0.55676058 -0.04689958 -0.4643144  -0.35026618
 -0.29179389 -0.26256156 -0.32330236 -0.37136439 -0.29685953 -0.62871259
 -0.31205521 -0.17492717 -0.19011441 -0.3013776  -0.32113541 -0.34787592
  1.31691356 -0.16789311 -0.67441898 -0.11817151 -0.2902092  -0.21299439
 -0.32881467 -0.29923993 -0.22789481 -0.23183016 -0.16673145 -0.22523952
 -0.16053931 -0.14321202 -0.17492026 -0.14521515 -0.19806739 -0.24213022
 -0.32345561 -0.05983624 -0.18091134 -0.18530385 -0.12090468 -0.17259996
 -0.20599311 -0.12734332 -0.29777621 -0.19738748 -0.0713879  -0.11154623
 -0.15845336 -0.51430655 -0.15519768  0.56392685 -0.30835494 -0.1030484
 -0.09161303 -0.23180971 -0.44086631]
    Weight (w): [-3.93853412e-01  1.46540268e-02 -4.60806468e-01 -1.50074695e-01
 -4.08890857e-01 -3.62516893e-01 -3.72951731e-01 -6.64895408e-01
 -6.01332576e-01 -4.98581250e-01 -5.00287630e-01 -4.72731139e-01
 -4.85921040e-01 -5.50901516e-01 -7.56515698e-02 -1.63922286e-01
 -5.77790577e-01 -5.07475196e-01  2.05746244e-02 -5.66973121e-01
  6.73604423e-04 -3.74951448e-01 -2.78366913e-01 -5.57896899e-01
 -1.05113909e+00 -6.12715037e-01 -8.43671596e-01 -6.86876969e-01
 -2.85004074e-02 -7.07411286e-01 -6.52684690e-01 -2.27926772e-01
 -5.81784389e-01 -1.75984630e-01 -8.22762639e-01 -6.68137156e-01
 -6.54662747e-01 -6.56889867e-02 -6.37880163e-01 -5.23828099e-01
 -3.54461716e-01  2.27338504e-01 -8.37592635e-01 -1.07727883e+00
 -1.77595550e-01 -5.12854033e-02 -1.58357554e-01 -2.70541523e-01
 -4.43522383e-01 -4.32936296e-01 -6.33780197e-01  1.82429682e-01
 -3.75788061e-01 -2.48058250e-01  4.25152486e-01  1.27708613e-01
 -6.35244124e-01]
    Xi: 0.618070
    Gamma: 1.000000
    QP Objective: 3.6675060499475354

  Function 45:
    Center: [-0.34243371 -0.16507191  2.20069395 -0.04689958 -0.4643144  -0.35026618
 -0.29179389 -0.26256156 -0.32330236 -0.37136439 -0.29685953 -0.23410013
 -0.31205521 -0.17492717 -0.19011441  0.95815678 -0.32113541 -0.34787592
  1.60982383  0.49915091 -0.67441898 -0.11817151 -0.2902092  -0.21299439
 -0.32881467 -0.29923993 -0.22789481 -0.23183016 -0.16673145 -0.22523952
 -0.16053931 -0.14321202 -0.17492026 -0.14521515 -0.19806739 -0.24213022
 -0.32345561 -0.05983624 -0.18091134 -0.18530385 -0.12090468 -0.17259996
 -0.20599311 -0.12734332  0.73032122  0.17582055 -0.0713879  -0.11154623
 -0.15845336 -0.0629996  -0.15519768 -0.32991229 -0.30835494 -0.1030484
 -0.10176244 -0.0265448  -0.28912173]
    Weight (w): [-0.24252618  0.11265145  0.08079893  0.19972312 -0.09489138 -0.21076861
 -0.15949015 -0.194252   -0.18349224 -0.21569983 -0.19308913 -0.11188617
 -0.19280449 -0.03630756 -0.13706727  0.00603852 -0.11978017 -0.24296253
  0.04302323 -0.16873969  0.04143386 -0.22130604 -0.01105805 -0.13617349
 -0.52650057 -0.25897098 -0.86885582  0.45431299 -0.02935117 -0.15980788
 -0.62629383 -0.23473056 -0.12434784 -0.1812379   0.04012201 -0.13242742
 -0.24932154 -0.06764986 -0.16199886 -0.10532984 -0.36504266 -0.38870309
  0.27988161 -0.79683308 -0.03864909 -1.15159378 -0.16308465 -0.23631868
 -0.04637944 -0.20934646 -0.24597679 -0.0657504  -0.0367215  -0.20187684
  0.09688132 -0.28899377 -0.16827254]
    Xi: 0.206160
    Gamma: 1.000000
    QP Objective: 2.609728483912708

  Function 46:
    Center: [-0.34243371 -0.16507191 -0.55676058 -0.04689958 -0.4643144  -0.35026618
 -0.29179389 -0.26256156 -0.32330236 -0.37136439 -0.29685953  1.40238096
 -0.31205521 -0.17492717 -0.19011441 -0.3013776  -0.32113541 -0.34787592
  0.54520766 -0.16789311  2.24059751 -0.11817151 -0.2902092  -0.21299439
 -0.32881467 -0.29923993 -0.22789481 -0.23183016 -0.16673145 -0.22523952
 -0.16053931 -0.14321202 -0.17492026 -0.14521515 -0.19806739 -0.24213022
 -0.32345561 -0.05983624 -0.18091134 -0.18530385 -0.12090468 -0.17259996
 -0.20599311 -0.12734332 -0.29777621 -0.19738748 -0.0713879  -0.11154623
 -0.15845336 -0.51430655 -0.15519768 -0.32991229 -0.30835494 -0.1030484
 -0.12470892 -0.24207296 -0.43261932]
    Weight (w): [-0.27975821  0.238016   -0.20771195  0.08390283  0.04734088 -0.22173234
 -0.03332166 -0.33388268  0.02890446 -0.2081859  -0.20064648 -0.33995732
 -0.21625277 -0.28332416 -0.34711746  0.21668801  0.14193788 -0.40497293
  0.17550372 -0.12994204  0.14910926 -0.35761403  0.23316496 -0.21938128
 -0.46784325 -0.58774541 -0.87758804 -0.29249052  0.03793053 -0.41076513
 -0.32801744 -0.23708966 -0.33885298 -0.18305939 -0.75692314 -0.07989553
 -0.33491121  0.11338291  0.06788894 -0.23089119 -0.36871143 -0.25715075
 -0.39368347 -0.91735749 -0.48106586 -0.4036644  -0.16472369  0.06815125
  0.24201696 -0.32604957 -0.32302113  0.08813493  0.15233032  0.26435095
 -0.07603166 -0.08824964 -0.29616355]
    Xi: 0.303809
    Gamma: 1.000000
    QP Objective: 3.020387516158559

  Function 47:
    Center: [-0.34243371 -0.16507191 -0.55676058 -0.04689958 -0.4643144  -0.35026618
 -0.29179389 -0.26256156 -0.32330236 -0.37136439 -0.29685953  0.99616225
 -0.31205521 -0.17492717 -0.19011441  1.39414945 -0.32113541 -0.34787592
 -0.93624235 -0.16789311 -0.67441898 -0.11817151 -0.2902092  -0.21299439
 -0.32881467 -0.29923993 -0.22789481 -0.23183016 -0.16673145 -0.22523952
 -0.16053931 -0.14321202 -0.17492026 -0.14521515 -0.19806739 -0.24213022
  2.98306852 -0.05983624  3.04025772 -0.18530385 -0.12090468 -0.17259996
 -0.20599311 -0.12734332 -0.29777621 -0.19738748 -0.0713879  -0.11154623
 -0.15845336 -0.51430655 -0.15519768 -0.32991229 -0.30835494 -0.1030484
 -0.11972877 -0.22154647 -0.39138438]
    Weight (w): [-0.05546942 -0.07705489 -0.10853404 -0.10771265 -0.00669363 -0.13625808
 -0.06317966 -0.09292489 -0.08213909 -0.15502995 -0.05018845 -0.02502229
 -0.10939507 -0.15792216 -0.13648223  0.16147548 -0.10492236 -0.14852766
 -0.02964987 -0.08623125 -0.10248733 -0.11604124 -0.0449747  -0.10675147
 -0.33235654  0.00451788 -0.68711041  0.1222199  -0.03138077 -0.13940661
  0.00463957 -0.25096193 -0.32120751 -0.16319121 -0.43435162  0.16021825
 -0.07494056  0.09600235 -0.23991561  0.07154924 -0.39028497 -0.14915502
  0.16617335 -0.18810637 -0.23968199 -0.40647628 -0.08029801 -0.29788349
  0.20998535  0.11147566 -0.16603992 -0.09343048 -0.01213788  0.06236372
  0.3624632  -0.12170479 -0.09734068]
    Xi: 0.115293
    Gamma: 1.000000
    QP Objective: 2.3907682311059166

  Function 48:
    Center: [-0.34243371 -0.16507191 -0.55676058 -0.04689958 -0.4643144  -0.35026618
 -0.29179389 -0.26256156 -0.32330236 -0.37136439 -0.29685953 -0.62871259
 -0.31205521 -0.17492717 -0.19011441 -0.3013776  -0.32113541 -0.34787592
 -0.93624235 -0.16789311 -0.67441898 -0.11817151 -0.2902092  -0.21299439
 -0.32881467 -0.29923993 -0.22789481 -0.23183016 -0.16673145 -0.22523952
 -0.16053931 -0.14321202 -0.17492026 -0.14521515 -0.19806739 -0.24213022
 -0.32345561 -0.05983624 -0.18091134 -0.18530385 -0.12090468 -0.17259996
 -0.20599311 -0.12734332 -0.29777621 -0.19738748 -0.0713879  -0.11154623
 -0.15845336 -0.51430655 -0.15519768  1.18311584 -0.30835494 -0.1030484
 -0.06907631 -0.24207296 -0.4425157 ]
    Weight (w): [-0.5010409  -0.60710397 -0.4137235  -0.19167006 -0.44241804 -0.52052255
 -0.45069765 -0.6415501  -0.63440194 -0.48094236 -0.44772858 -0.56039709
 -0.64571415 -0.59770871 -0.64051618 -0.01873308 -0.63447789 -0.66223788
 -0.16898021 -0.61518526 -0.31584146  1.01220827 -0.3748512  -0.44472402
 -0.80353046 -0.4519385   0.01492831 -0.77837766 -0.03154858 -0.72552249
 -0.88178399 -0.25230397 -0.71879547 -0.19480652 -1.04755771 -0.42522378
 -0.62329029 -0.07271456 -0.45009312 -0.47191351 -0.39237206 -0.17784951
 -0.63319471 -0.63049117 -0.23377944 -0.57909853 -0.1752942  -0.29947645
 -0.11899463 -0.17848463 -0.59459511 -0.17011008 -0.38775626 -0.67992479
 -0.98462526  0.46935248 -0.59775492]
    Xi: 0.634126
    Gamma: 1.000000
    QP Objective: 3.7680777519769295

  Function 49:
    Center: [-0.34243371 -0.16507191 -0.55676058 -0.04689958 -0.4643144   4.83610868
 -0.29179389 -0.26256156 -0.32330236 -0.37136439 -0.29685953 -0.62871259
 -0.31205521 -0.17492717 -0.19011441 -0.3013776  -0.32113541 -0.34787592
  3.08564095 -0.16789311 -0.67441898 -0.11817151 -0.2902092  -0.21299439
 -0.32881467 -0.29923993 -0.22789481 -0.23183016 -0.16673145 -0.22523952
 -0.16053931 -0.14321202 -0.17492026 -0.14521515 -0.19806739 -0.24213022
 -0.32345561 -0.05983624 -0.18091134 -0.18530385 -0.12090468 -0.17259996
 -0.20599311 -0.12734332  1.1059722  -0.19738748 -0.0713879  -0.11154623
 -0.15845336  0.47338982 -0.15519768 -0.32991229 -0.30835494 -0.1030484
 -0.13211609 -0.26259945 -0.43921691]
    Weight (w): [-0.24240313 -0.19673997 -0.22739523 -0.19585955 -0.25352617  0.09605799
  0.03560693 -0.13202756 -0.29518848 -0.26043232 -0.27494865 -0.20473394
 -0.2235989  -0.24769462 -0.10925565 -0.1012821  -0.15511383 -0.19640548
  0.07485305 -0.10069091 -0.1782821  -0.26076185 -0.15775051 -0.19639796
 -0.30968634 -0.37542635 -0.92834924 -0.25267856 -0.03223817 -0.07074188
 -0.42029431 -0.25781881 -0.41106174 -0.19906458 -0.34577527 -0.25991659
 -0.13565489 -0.07430394 -0.09664163 -0.34618338 -0.4009485  -0.03230924
 -0.30050566 -0.34157728 -0.0577454  -0.25037255 -0.17912576 -0.30602238
 -0.2892686  -0.25806221 -0.19877488 -0.04758557  0.02656902 -0.18239163
 -0.14853568 -0.23220554 -0.26934177]
    Xi: 0.254544
    Gamma: 1.000000
    QP Objective: 2.6133298333357673

  Function 50:
    Center: [-0.34243371 -0.16507191 -0.55676058 -0.04689958 -0.4643144   1.51244592
 -0.29179389 -0.26256156 -0.32330236 -0.37136439 -0.29685953 -0.62871259
 -0.31205521 -0.17492717 -0.19011441 -0.3013776  -0.32113541  0.61245904
  0.78742192 -0.16789311  0.17510011 -0.11817151 -0.2902092  -0.21299439
 -0.32881467 -0.29923993 -0.22789481 -0.23183016 -0.16673145 -0.22523952
 -0.16053931 -0.14321202 -0.17492026 -0.14521515 -0.19806739 -0.24213022
 -0.32345561 -0.05983624 -0.18091134 -0.18530385 -0.12090468 -0.17259996
 -0.20599311 -0.12734332 -0.29777621  0.36242457 -0.0713879  -0.11154623
 -0.15845336 -0.17767595 -0.15519768 -0.21833567 -0.30835494 -0.1030484
 -0.11364543 -0.24720458 -0.39138438]
    Weight (w): [-0.15319005  0.32895758 -0.1222217   0.1032543   0.05135854  0.0232789
  0.13353549 -0.14191302 -0.13100284 -0.18996918 -0.11543221 -0.09784167
 -0.13806365  0.18402005 -0.12457727 -0.08781112  0.00357393 -0.10608683
 -0.01171112 -0.0965662   0.02235117 -0.1294728  -0.04836794 -0.02028594
 -0.5861346  -0.15077242 -0.74709111  1.16061321 -0.0324153  -0.11203567
 -0.79709239 -0.2592354   0.13160149 -0.15170744  0.2420101  -0.02509716
 -0.1840676  -0.07471221 -0.0414025  -0.22181847 -0.40315151 -0.12594059
  0.8025316  -0.62659056 -0.02046414 -1.94080361 -0.18010997  0.51307816
  0.1538406  -0.14320754 -0.15609448 -0.12081334  0.01259658 -0.17864622
 -0.19119255 -0.09160815 -0.14584349]
    Xi: 0.148505
    Gamma: 1.000000
    QP Objective: 2.6539486843658713

  Function 51:
    Center: [-0.34243371 -0.16507191 -0.55676058 -0.04689958 -0.4643144  -0.35026618
 -0.29179389 -0.26256156 -0.32330236 -0.37136439 -0.29685953 -0.62871259
 -0.31205521 -0.17492717 -0.19011441 -0.3013776  -0.32113541 -0.34787592
  3.39544989 -0.16789311 -0.67441898 -0.11817151 -0.2902092  -0.21299439
 -0.32881467 -0.29923993 -0.22789481 -0.23183016 -0.16673145 -0.22523952
 -0.16053931 -0.14321202 -0.17492026 -0.14521515 -0.19806739 -0.24213022
 -0.32345561 -0.05983624 -0.18091134 -0.18530385 -0.12090468 -0.17259996
 -0.20599311 -0.12734332 -0.29777621 -0.19738748 -0.0713879  -0.11154623
 -0.15845336 -0.51430655 -0.15519768  0.47074198 -0.30835494 -0.1030484
 -0.11112384 -0.24207296 -0.45076269]
    Weight (w): [-0.06460552  0.00532657  0.00412753 -0.16085277  0.07345949 -0.04781126
 -0.0831954  -0.07080059 -0.15721817 -0.03439653 -0.12485579  0.59672823
 -0.14985808 -0.06636161 -0.06498196  0.02505802 -0.18041567 -0.00711408
 -0.32036957 -0.14715887  0.22242027 -0.22164391  0.06600782 -0.03103704
 -0.25762307 -0.3172907  -0.95981871 -0.06798703 -0.03333099 -0.08114926
  0.13508771 -0.26655843 -0.28990811 -0.20581254 -0.862165   -0.29285917
 -0.18787667 -0.07682272 -0.16817567 -0.15044027 -0.3519679  -0.1878975
 -0.15210231 -0.49705421  0.33242897 -0.21283061 -0.18519782 -0.31639602
 -0.10023022 -0.15234164 -0.16643866  0.30873407 -0.09392306  0.36525543
  0.94068612 -0.03066411 -0.16249212]
    Xi: 0.149990
    Gamma: 1.000000
    QP Objective: 3.25213469929693

  Function 52:
    Center: [-0.34243371 -0.16507191 -0.55676058 -0.04689958 -0.4643144  -0.35026618
 -0.29179389 11.40745045 -0.32330236 -0.37136439 -0.29685953 -0.62871259
 -0.31205521 -0.17492717 -0.19011441 -0.3013776   3.19232215 -0.34787592
 -0.93624235 -0.16789311 -0.67441898 -0.11817151 -0.2902092  -0.21299439
 -0.32881467 -0.29923993 -0.22789481 -0.23183016 -0.16673145 -0.22523952
 -0.16053931 -0.14321202 -0.17492026 -0.14521515 -0.19806739 -0.24213022
 -0.32345561 -0.05983624 -0.18091134 -0.18530385 -0.12090468 -0.17259996
 -0.20599311 -0.12734332 -0.29777621 -0.19738748 -0.0713879  -0.11154623
 -0.15845336 -0.51430655 -0.15519768 -0.32991229 -0.30835494 -0.1030484
 -0.12729355 -0.2523362  -0.4425157 ]
    Weight (w): [-0.12073636 -0.23892672 -0.06785678 -0.12848292  0.09147219 -0.08671014
  0.00911042  0.00558275 -0.16268292 -0.01606476 -0.13942996 -0.12622602
 -0.12779658 -0.12097976  0.13703212  0.13601262 -0.00157731 -0.11983707
 -0.14272759  0.00235801 -0.05154379 -0.15112707  0.16278599 -0.10012099
  0.22709848 -0.4321533  -0.25541514 -0.12588518 -0.03390566 -0.07559808
 -0.20272061 -0.27115426 -0.45009109 -0.100728   -0.22095887 -0.03674356
 -0.09938321 -0.05893357 -0.16978436 -0.14096247 -0.35803631 -0.18125555
 -0.17026601 -0.22722301  0.78159746 -0.11698066 -0.13280838 -0.23345472
 -0.12712789 -0.15058447 -0.12753515 -0.10727126 -0.025982    0.81495992
 -0.07769207 -0.18579752 -0.1416098 ]
    Xi: 0.134673
    Gamma: 1.000000
    QP Objective: 2.666042325058005

  Function 53:
    Center: [-0.34243371 -0.16507191  0.23675152 -0.04689958 -0.16688996  0.01497149
 -0.29179389 -0.26256156 -0.32330236 -0.37136439 -0.29685953 -0.51265011
  0.35238981 -0.17492717 -0.19011441 -0.3013776  -0.32113541 -0.34787592
 -0.136372   -0.16789311 -0.67441898 -0.11817151 -0.2902092  -0.21299439
 -0.32881467 -0.29923993 -0.22789481 -0.23183016 -0.16673145 -0.22523952
 -0.16053931 -0.14321202 -0.17492026 -0.14521515 -0.19806739 -0.24213022
 -0.32345561 -0.05983624 -0.18091134 -0.18530385 -0.12090468 -0.17259996
 -0.20599311 -0.12734332 -0.10006516 -0.19738748 -0.0713879  -0.11154623
 -0.15845336 -0.3108485  -0.15519768 -0.30784219 -0.30835494 -0.1030484
 -0.11112384 -0.24720458 -0.42602173]
    Weight (w): [-4.92421084e-01 -2.02869402e-01 -1.92114634e-01 -3.17724540e-02
 -3.19725515e-02 -1.17482472e-01 -1.58289394e-01 -4.57002092e-01
 -4.25687333e-01 -4.22863322e-01 -4.03785757e-01 -4.89171988e-01
 -3.08903959e-01 -4.29725729e-01 -3.11817234e-02 -2.21063800e-01
 -3.25830063e-01 -4.34009122e-01 -2.53159407e-01  7.60968822e-02
 -2.52185643e-01 -4.85954561e-01  8.83485485e-02 -2.30564043e-01
 -1.35509139e+00 -4.40093482e-01 -9.87720414e-01 -4.45075990e-01
 -3.42999099e-02 -4.60722624e-01 -3.73621874e-01 -2.74307221e-01
 -8.31379907e-01  1.30305003e-01 -5.11569840e-01 -8.78522228e-02
 -5.12401948e-01 -6.64147478e-04 -7.75862980e-01 -5.44353111e-01
 -3.62199527e-01 -3.17744494e-02 -5.35120223e-01 -5.15978621e-01
 -6.86168659e-01 -3.95766474e-01 -1.90581482e-01 -3.25593580e-01
 -3.70002111e-01 -4.57715761e-01 -5.43333454e-01 -3.16311126e-02
 -1.53185512e-01 -5.00896798e-01 -5.31799074e-01 -4.61584862e-01
  2.61128321e-01]
    Xi: 0.438342
    Gamma: 1.000000
    QP Objective: 3.2155502039273096

  Function 54:
    Center: [-0.34243371  0.3618822   0.1177247  -0.04689958 -0.4643144  -0.35026618
 -0.29179389  0.58525983 -0.32330236 -0.37136439  1.39029481 -0.62871259
 -0.31205521 -0.17492717 -0.19011441  1.78169848 -0.32113541 -0.34787592
 -0.35605471 -0.16789311  1.04127644 -0.11817151 -0.2902092  -0.21299439
 -0.32881467 -0.29923993 -0.22789481 -0.23183016 -0.16673145 -0.22523952
 -0.16053931 -0.14321202 -0.17492026 -0.14521515 -0.19806739 -0.24213022
 -0.32345561 -0.05983624 -0.18091134  0.78646358 -0.12090468 -0.17259996
 -0.20599311 -0.12734332  0.03833257 -0.19738748 -0.0713879  -0.11154623
 -0.15845336 -0.34414163 -0.15519768 -0.32991229 -0.30835494 -0.1030484
 -0.05823347  0.28135257 -0.14727353]
    Weight (w): [-1.89170301e-01 -2.02927138e-01 -1.21251585e-01  2.96006194e-02
 -4.83498728e-02 -1.49540908e-01 -2.60992688e-02 -1.40073305e-01
 -1.25632752e-01 -2.03504525e-01  1.13748823e-01 -1.43793294e-01
 -1.69582530e-01 -2.30022491e-01  4.32264375e-01  1.04884424e-01
 -2.58259832e-02 -7.87745101e-02  4.59059542e-02  1.58079523e-01
 -8.97111358e-02 -2.25412512e-01  3.63804168e-01 -1.76196326e-01
 -4.44914713e-01 -1.46572806e-01 -7.90203415e-01 -1.81730483e-01
 -3.51165740e-02 -1.56530141e-01 -3.56371719e-01 -4.50276600e-02
 -2.68662722e-01 -2.16838205e-01 -8.16606104e-01 -1.74089477e-01
 -9.99394990e-02  2.09492434e-01 -1.06735031e-01 -3.75890012e-01
 -3.70823325e-01 -1.19975448e-01 -1.33574215e-01 -2.54304137e-01
 -2.39477502e-02 -1.34463689e-01 -1.68173834e-01  2.29894685e-01
 -2.36237781e-01 -2.10497220e-01 -2.24455521e-01  1.50448156e-02
  1.59448421e-01  2.30920406e-01 -1.55006891e-01 -1.04860455e-01
  2.78846324e-04]
    Xi: 0.179822
    Gamma: 1.000000
    QP Objective: 2.638817817073129

  Function 55:
    Center: [-0.34243371  0.02091189 -0.55676058 -0.04689958 -0.10740507 -0.35026618
 -0.29179389  0.3359006  -0.32330236  0.38869634 -0.29685953 -0.62871259
 -0.31205521  4.24104022 -0.19011441 -0.3013776  -0.32113541 -0.34787592
 -0.37858627 -0.16789311 -0.67441898 -0.11817151 -0.2902092  -0.21299439
 -0.03560651 -0.29923993 -0.15661317 -0.23183016 -0.16673145 -0.22523952
  0.4344794  -0.14321202 -0.17492026 -0.14521515  0.25288918 -0.24213022
  1.42427857 -0.05983624 -0.18091134 -0.18530385 -0.12090468 -0.17259996
 -0.20599311 -0.12734332 -0.29777621 -0.19738748 -0.0713879  -0.11154623
 -0.15845336 -0.51430655 -0.15519768 -0.32991229  0.34243439 -0.1030484
  0.12981419  0.93820029  1.36027587]
    Weight (w): [-0.10780668  0.01896345 -0.11521944 -0.08067438 -0.07911552 -0.11260188
 -0.09023387 -0.05284791 -0.05102883 -0.05617094  0.04758654 -0.03253959
 -0.1098622   0.00484955  0.13772528 -0.10994673 -0.00409875 -0.12968205
 -0.14548332  0.00778104 -0.09293584 -0.18566148  0.02992127 -0.09411386
 -0.31743751  0.02199728 -1.36656979 -0.12451282  0.07732511 -0.05059564
 -0.21721448 -0.28422194 -0.22696709 -0.12594103 -0.28028314 -0.15167436
 -0.03571225  0.28498991 -0.01571047 -0.10513052 -0.37529108 -0.00822445
 -0.12364777 -0.27023501 -0.07306722 -0.1027218  -0.18258839 -0.09885362
 -0.05403506 -0.1207548  -0.11952961 -0.11915768  0.01091683  0.58188099
  0.04024614 -0.04024191 -0.03835606]
    Xi: 0.113941
    Gamma: 1.000000
    QP Objective: 2.27970603839211

  Function 56:
    Center: [-0.34243371 -0.16507191 -0.55676058 -0.04689958 -0.4643144  -0.35026618
 -0.29179389 -0.26256156  1.39968701 -0.37136439  2.08500542 -0.62871259
 -0.31205521 -0.17492717 -0.19011441  0.27994596  0.75992845 -0.34787592
 -0.12510622 -0.16789311  1.72422316 -0.11817151  2.45070307 -0.21299439
 -0.32881467 -0.29923993 -0.22789481 -0.23183016 -0.16673145 -0.22523952
 -0.16053931 -0.14321202 -0.17492026 -0.14521515 -0.19806739 -0.24213022
 -0.32345561 -0.05983624 -0.18091134 -0.18530385 -0.12090468 -0.17259996
 -0.20599311 -0.12734332  0.1767303  -0.19738748 -0.0713879  -0.11154623
 -0.15845336 -0.23316451 -0.15519768  0.04405333  1.24133716 -0.1030484
 -0.10425251 -0.22154647 -0.3056157 ]
    Weight (w): [-0.07237128 -0.05336179 -0.09922471 -0.16852492  0.02924675 -0.12295446
 -0.08855568 -0.00591977  0.05192005 -0.21177884 -0.04757889  0.01430981
 -0.19442876 -0.14966121 -0.19341888 -0.03272647  0.09080756 -0.1490646
  0.0218606   0.08629625 -0.03049742 -0.02692122  0.02694821 -0.08894709
 -0.15509809 -0.14609459 -0.93410484 -0.18128882 -0.03641719 -0.19252027
 -0.25834099 -0.29123977 -0.73094732 -0.22486925 -0.16114358 -0.16949458
 -0.21266404  0.26096023 -0.20380654  0.08789033 -0.38455752 -0.10514678
 -0.06081323 -0.55101942 -0.15076513 -0.24021837 -0.20234577 -0.16690967
 -0.14815348 -0.18710811 -0.00977048 -0.08614972 -0.02228671  0.22409067
 -0.48541342  0.80253235 -0.17163367]
    Xi: 0.162500
    Gamma: 1.000000
    QP Objective: 2.7771269021448677

  Function 57:
    Center: [-0.04766523 -0.13407461 -0.47740937 -0.04689958 -0.40482951 -0.35026618
 -0.29179389 -0.26256156  2.04580802 -0.37136439 -0.29685953 -0.24570638
 -0.1791662  -0.17492717 -0.19011441 -0.3013776  -0.32113541 -0.27255553
 -0.82921745 -0.16789311 -0.55781832 -0.11817151 -0.2902092  -0.21299439
  0.04218341  0.44495958 -0.21601454 -0.23183016 -0.16673145 -0.22523952
 -0.16053931 -0.14321202  0.07694771 -0.14521515 -0.19806739 -0.14277094
 -0.32345561 -0.05983624 -0.18091134 -0.18530385 -0.12090468 -0.17259996
 -0.20599311  0.01737262 -0.29777621 -0.19738748 -0.0713879   0.02845901
  0.43716404  0.04797752  0.32934152 -0.32991229 -0.25547831 -0.1030484
 -0.04748519  0.16845687  1.94581202]
    Weight (w): [-1.15149702e-01 -2.32083966e-01 -1.50119155e-01 -4.69939707e-02
 -8.83589198e-02 -1.96890557e-01 -6.77891653e-02 -1.67046994e-01
 -6.07076729e-03 -1.79133179e-01 -1.66624014e-01 -1.13761112e-01
 -2.29504789e-01 -1.56166550e-01 -9.17328788e-02 -2.20319853e-01
 -1.65185633e-01 -2.33045474e-01 -1.77589329e-01 -2.60267652e-04
 -1.17016029e-01 -1.81254514e-01  9.74125996e-02 -9.31803183e-02
  1.56297014e-01 -3.47816241e-01 -1.10243680e+00 -2.00304423e-01
  7.04040994e-01 -1.97908257e-01 -3.73298528e-01 -2.94880263e-01
 -4.40980872e-01  3.22667580e-02 -3.61652567e-01 -3.12294315e-01
 -6.03852627e-03  2.77123487e-01  2.67736063e-01  1.46202195e-01
 -3.89364491e-01  1.05335835e+00 -2.27744299e-01 -3.93893601e-01
 -3.50519362e-01 -2.27729571e-01 -2.04875093e-01 -7.40106299e-01
 -2.43422151e-01 -1.90811852e-01 -2.04826450e-01 -2.38128527e-01
  2.96361773e-01 -5.86725812e-02 -2.72763289e-01  2.80022761e-01
  8.72356148e-02]
    Xi: 0.182456
    Gamma: 1.000000
    QP Objective: 2.477214458762217

  Function 58:
    Center: [-0.34243371 -0.16507191  1.7841001  -0.04689958 -0.22637485 -0.35026618
 -0.29179389 -0.26256156 -0.32330236 -0.12318129 -0.29685953 -0.44301261
  0.2195008  -0.17492717 -0.19011441 -0.3013776   0.03921921 -0.34787592
  0.6860299  -0.16789311 -0.25798806 -0.11817151 -0.2902092  -0.21299439
 -0.32881467 -0.29923993 -0.22789481 -0.23183016 -0.16673145 -0.22523952
 -0.16053931 -0.14321202 -0.17492026 -0.14521515 -0.19806739 -0.24213022
 -0.32345561 -0.05983624 -0.18091134 -0.18530385 -0.12090468 -0.17259996
 -0.20599311 -0.12734332  0.02844701 -0.19738748 -0.0713879  -0.11154623
 -0.03111447  0.86920821 -0.15519768  0.35793923 -0.30835494 -0.1030484
 -0.1175539  -0.21641484 -0.24293859]
    Weight (w): [-0.27831672  0.33221405  0.02979515  0.65307708  0.04912593 -0.15650218
 -0.05149674 -0.19466567 -0.21151623 -0.21937162 -0.18880669 -0.19745013
 -0.12263434 -0.24320043  0.23796522  0.18895109 -0.12870569 -0.23823847
 -0.12970054 -0.21524291  0.13908734 -0.29016301 -0.04134346 -0.1495264
 -0.45822296 -0.54999169 -0.95099305 -0.2455864  -0.03781785 -0.29365323
 -0.42115373 -0.30244129  0.04898257  1.18213766  0.17488408 -0.1437061
 -0.18296553 -0.08716425 -0.19371394 -0.2717966  -0.3993482   0.17156888
 -0.40358044 -0.193482   -0.01140981 -0.18695588 -0.19405898 -0.19508452
 -0.14570468 -0.19847765 -0.21291609  0.06261094 -0.08284981  0.11101922
 -0.30640105 -0.15542842 -0.01848776]
    Xi: 0.234392
    Gamma: 1.000000
    QP Objective: 2.887628680539921

  Function 59:
    Center: [-0.34243371 -0.16507191 -0.55676058 -0.04689958 -0.4643144  -0.35026618
 -0.29179389 -0.26256156 -0.32330236 -0.37136439 -0.29685953 -0.62871259
 -0.31205521 -0.17492717 -0.19011441 -0.3013776  -0.32113541 -0.34787592
 -0.93624235 -0.16789311 -0.67441898 -0.11817151 -0.2902092  -0.21299439
 -0.32881467 -0.29923993 -0.22789481 -0.23183016 -0.16673145 -0.22523952
 -0.16053931 -0.14321202 -0.17492026 -0.14521515 -0.19806739 -0.24213022
 -0.32345561 -0.05983624 -0.18091134 -0.18530385 -0.12090468 -0.17259996
 -0.20599311 -0.12734332 -0.29777621 -0.19738748 -0.0713879  -0.11154623
 -0.15845336 -0.51430655 -0.15519768  4.0485508  -0.30835494 -0.1030484
 -0.13211609 -0.26259945 -0.46065908]
    Weight (w): [-3.96943002e-01 -7.95159059e-01 -3.65368554e-01  2.51330592e-01
 -2.86078232e-01 -2.62892895e-01 -3.01317448e-01 -4.52376354e-01
 -3.98844005e-01 -4.57170952e-01 -3.51431093e-01 -4.76854878e-01
 -4.49935382e-01 -4.50167863e-01 -5.37765136e-01  5.79507513e-02
 -4.10624858e-01 -4.48141191e-01 -1.73265892e-01 -4.33554915e-01
 -4.01136923e-01  4.91992194e-04 -9.14780299e-02 -3.58714949e-01
 -6.56318964e-01 -4.68578710e-01 -4.85549796e-01 -4.98769236e-01
 -3.80618355e-02 -5.63509934e-01 -4.23870855e-01 -3.04392529e-01
 -6.51932044e-01 -2.28114105e-01 -3.87919627e-01 -4.48655195e-01
 -4.61509482e-01 -8.77265955e-02 -2.77969002e-01 -4.41928601e-01
 -4.01924636e-01 -2.14566822e-01 -5.33872213e-01 -5.52469747e-01
 -4.00757462e-01 -3.19228196e-01 -2.11483967e-01 -3.16140863e-01
  1.61204451e-01 -2.98505045e-01 -4.34244513e-01  3.78743180e-02
 -1.74775219e-01 -2.57348819e-01 -2.17731865e-01  9.59071001e-02
 -4.61182166e-01]
    Xi: 0.440155
    Gamma: 1.000000
    QP Objective: 3.303663579881347

  Function 60:
    Center: [-0.34243371 -0.16507191 -0.55676058 -0.04689958 -0.4643144  -0.35026618
 -0.29179389 -0.26256156 -0.32330236 -0.37136439 -0.29685953 -0.62871259
 -0.31205521 -0.17492717 -0.19011441 -0.3013776  -0.32113541 -0.34787592
 -0.93624235 -0.16789311 -0.67441898 -0.11817151 -0.2902092  -0.21299439
 -0.32881467 -0.29923993 -0.22789481 -0.23183016 -0.16673145 -0.22523952
 -0.16053931 -0.14321202 -0.17492026 -0.14521515 -0.04774853 -0.24213022
 -0.32345561 -0.05983624 -0.18091134 -0.18530385 -0.12090468 -0.17259996
 -0.20599311 -0.12734332 -0.21869179 -0.19738748 -0.0713879  -0.11154623
 -0.15845336  7.85706751 -0.15519768 -0.32991229 -0.30835494 -0.1030484
 -0.06437985 -0.22154647  1.69345419]
    Weight (w): [-0.21621649 -0.15544347 -0.21482721 -0.19673998 -0.17661096 -0.19985008
 -0.09500017 -0.16013146 -0.15462378 -0.21809962 -0.19806715 -0.22341979
 -0.20743162 -0.21466236 -0.03009937 -0.16197008 -0.16115918 -0.22878656
 -0.1941628  -0.13545556 -0.19312186  0.00984564 -0.05403436 -0.19456848
 -0.25875474 -0.26568962 -0.96963997 -0.11182784  0.25896884 -0.16601348
 -0.26623927 -0.20901084 -0.16934791  0.25492529 -0.21860735 -0.18983204
 -0.16491516 -0.08141123  0.05161786 -0.09731376 -0.40717855  0.33486656
 -0.17844047 -0.38428705 -0.22778053 -0.15273818 -0.19266163 -0.12058398
 -0.12103353 -0.00309926 -0.17109637 -0.12075779 -0.10719225  0.06526526
 -0.26392601  0.01086647  0.00644996]
    Xi: 0.196116
    Gamma: 1.000000
    QP Objective: 2.2084902147837395

  Function 61:
    Center: [-0.34243371 -0.16507191 -0.55676058 -0.04689958 -0.4643144  -0.35026618
 -0.29179389 -0.26256156 -0.32330236 -0.37136439 -0.29685953 -0.62871259
 -0.31205521 -0.17492717 -0.19011441 -0.3013776  -0.32113541 -0.34787592
 -0.93624235 -0.16789311 -0.67441898 -0.11817151 -0.2902092  -0.21299439
 -0.32881467 -0.29923993 -0.20710433 -0.23183016 -0.04873976 -0.22523952
 -0.16053931 -0.14321202 -0.04898627 -0.14521515 -0.19806739 -0.24213022
 -0.32345561 -0.05983624 -0.18091134  0.01476592 -0.12090468 -0.17259996
 -0.20599311 -0.12734332 -0.29777621 -0.19738748 -0.0713879  -0.11154623
 -0.15845336 -0.12958587  2.80689101 -0.32991229 -0.30835494 -0.07742502
 -0.02460175 -0.12404563  2.61051925]
    Weight (w): [-3.01447990e-01 -2.51466798e-01 -2.64791929e-01 -1.86181585e-01
 -2.85316769e-01 -2.61376222e-01 -1.84369094e-01 -2.21807813e-01
 -1.07636707e-01 -3.46366228e-01 -2.59459876e-01 -3.12453563e-01
 -2.84860258e-01 -2.90619524e-01  6.15618462e-02 -2.44331099e-01
 -1.63101111e-01 -3.08642191e-01 -2.78720166e-01 -2.88523273e-01
 -2.75826272e-01  5.53410637e-02  9.16404064e-02 -2.88551942e-01
 -2.26079603e-01 -1.34786787e-01 -1.18909799e+00 -3.33408221e-01
 -5.46455598e-01 -2.82281068e-01 -2.33675911e-01 -2.99509245e-01
 -3.22102244e-01 -2.39663281e-01 -2.70885673e-01 -2.97349932e-01
 -2.54104068e-01 -6.52322944e-04 -1.35448063e-01 -4.21786530e-01
 -4.09857359e-01  2.43581353e-01 -2.51681820e-01 -4.17839109e-01
 -3.94870104e-01 -2.03741557e-01 -6.13821657e-02  1.52373028e-01
 -2.47022718e-02 -1.69075275e-01  5.24286967e-02 -1.66524428e-01
 -1.21939744e-01 -2.53653694e-01 -4.97038271e-01  3.99540184e-01
 -2.76480629e-02]
    Xi: 0.282167
    Gamma: 1.000000
    QP Objective: 2.3650805251266926

  Function 62:
    Center: [-0.34243371  0.07515717  0.0582113  -0.04689958 -0.4643144  -0.35026618
 -0.29179389 -0.26256156 -0.32330236  0.10949036 -0.29685953 -0.62871259
  0.71783456 -0.17492717 -0.19011441  0.46160957 -0.32113541  0.2358571
  1.72811451 -0.16789311 -0.14971601 -0.11817151 -0.2902092  -0.21299439
 -0.32881467 -0.29923993 -0.22789481 -0.23183016 -0.16673145 -0.22523952
 -0.16053931 -0.14321202 -0.17492026 -0.14521515 -0.19806739 -0.24213022
 -0.32345561 -0.05983624 -0.18091134 -0.18530385 -0.12090468 -0.17259996
 -0.20599311 -0.12734332  0.32501358 -0.19738748 -0.0713879  -0.11154623
 -0.15845336  0.32911956 -0.15519768 -0.27473704 -0.30835494  0.00177451
  0.09221096  0.23003634  0.21559394]
    Weight (w): [-2.36142805e-01 -1.46056710e-01 -4.18920016e-02 -1.00946102e-01
 -5.44095548e-02 -1.92194959e-01  1.21251426e-01 -1.34526025e-01
 -6.90480067e-02 -2.22006416e-01 -7.37205734e-02  5.65795456e-02
 -1.29387327e-01 -1.81633383e-01  8.16510322e-02 -1.14083343e-01
  6.22644063e-02 -1.47840540e-01 -5.82760001e-02 -1.52778566e-01
  5.55753847e-02 -1.31008641e-01  2.02434269e-01 -1.27959700e-03
 -2.10633497e-01 -7.97077480e-02 -9.75598619e-01 -1.77281683e-01
  4.53789922e-11 -1.53465093e-01 -2.11729605e-01 -3.12455907e-01
 -3.83254992e-01  3.77886728e-01 -2.04202151e-01 -3.06441640e-01
 -1.48809268e-01  1.12887661e-01 -2.56351787e-01 -2.07112532e-01
 -4.12571646e-01  5.17247895e-01 -1.51992776e-01 -3.20338159e-01
 -1.68146705e-01 -2.16054600e-01 -1.73610890e-01 -1.65395795e-01
 -7.11630205e-02 -1.73374022e-01 -2.14089900e-01  1.96168368e-01
  1.05551198e-01 -1.55173563e-01 -2.33115476e-01 -3.49777562e-02
 -1.48766048e-01]
    Xi: 0.163238
    Gamma: 1.000000
    QP Objective: 2.6409606444941036

  Function 63:
    Center: [ 0.14884708 -0.16507191 -0.25919354 -0.04689958 -0.4643144  -0.35026618
 -0.29179389 -0.26256156 -0.07203308 -0.37136439 -0.29685953 -0.54746885
  0.18627855 -0.17492717 -0.19011441 -0.21660125 -0.32113541 -0.21606524
  1.09159797 -0.16789311  0.40830143 -0.11817151 -0.2902092  -0.21299439
 -0.32881467 -0.29923993 -0.22789481 -0.23183016 -0.16673145 -0.22523952
 -0.16053931 -0.14321202 -0.17492026 -0.14521515 -0.19806739 -0.24213022
 -0.32345561 -0.05983624 -0.18091134 -0.18530385 -0.12090468 -0.17259996
 -0.20599311 -0.12734332 -0.14949293 -0.19738748 -0.0713879  -0.11154623
 -0.10505318 -0.05930036 -0.15519768 -0.22937072 -0.30835494 -0.1030484
 -0.12861738 -0.22154647  0.07374575]
    Weight (w): [-2.47553657e-01  2.96750917e-01 -3.54426161e-02 -2.07524733e-01
 -8.96069706e-02 -2.33069201e-01 -1.04204270e-01 -1.84307698e-01
 -2.18135288e-01 -4.13951501e-01 -8.86434055e-02 -1.02209836e-01
 -2.51330909e-01 -2.74838743e-01 -1.47413728e-01 -8.19018000e-02
  1.53987628e-02 -2.74916744e-01  5.03305503e-03 -2.26424747e-01
 -6.74128353e-02 -3.32160680e-01  8.04681110e-02  2.17369181e-01
 -3.13249950e-01 -3.00056502e-01 -9.82102610e-01 -3.13159611e-01
  1.27882390e-10 -3.96621856e-01 -2.60250606e-01 -3.14538947e-01
 -4.16291259e-01  4.97265136e-01  3.66392336e-02 -7.49450189e-02
 -2.22078733e-01 -7.73562192e-02 -6.55158345e-01 -4.25281717e-01
 -4.15322124e-01  4.38597219e-01 -3.19809741e-01 -6.37118215e-01
 -2.07944573e-01 -4.19509913e-01 -1.80074027e-01 -3.26678892e-01
  8.42947830e-02 -2.73946775e-01 -3.37995106e-01  4.15674439e-02
 -1.97696284e-01 -6.89938869e-02 -7.06283592e-01  8.98534374e-01
 -2.83326747e-01]
    Xi: 0.287183
    Gamma: 1.000000
    QP Objective: 2.993305194422976

  Function 64:
    Center: [-0.34243371 -0.16507191 -0.55676058 -0.04689958 -0.4643144  -0.35026618
 -0.29179389 -0.26256156 -0.32330236 -0.37136439 -0.29685953 -0.62871259
 -0.31205521  2.21208223 -0.19011441 -0.3013776  -0.32113541 -0.34787592
  2.21817592 -0.16789311  2.65702844 -0.11817151 -0.2902092   3.40211061
 -0.32881467 -0.29923993 -0.22789481 -0.23183016 -0.16673145 -0.22523952
 -0.16053931 -0.14321202 -0.17492026 -0.14521515 -0.19806739 -0.24213022
 -0.32345561 -0.05983624 -0.18091134 -0.18530385 -0.12090468 -0.17259996
 -0.20599311 -0.12734332 -0.29777621 -0.19738748 -0.0713879  -0.11154623
  0.3426868   0.38830736 -0.15519768 -0.32991229 -0.30835494 -0.1030484
 -0.10346451 -0.23694133 -0.43261932]
    Weight (w): [-8.09677236e-02  1.93389459e-02 -8.43703734e-02 -3.93997287e-02
 -8.39732431e-02 -1.04715883e-01 -6.73417230e-02 -1.78451214e-01
 -3.79741132e-02 -7.61393480e-02 -1.27643695e-01 -8.11860289e-02
 -1.55809604e-01 -9.76797761e-02  6.19608617e-02 -9.67265872e-02
 -6.29767570e-02 -1.53264751e-01 -1.98710247e-02 -7.76111774e-02
 -1.36610331e-02 -9.90695097e-02  9.30736549e-03 -4.21257033e-05
  8.16870585e-02 -4.25930795e-01 -9.95374267e-01 -1.85906921e-02
  2.16903675e-12 -1.61985016e-01 -2.83805843e-01 -2.14402109e-01
 -2.66429200e-01  3.67983597e-02 -2.92179656e-01 -1.72375654e-02
 -1.31265314e-01  1.11075127e-02 -2.49712492e-01 -3.35263929e-01
 -4.20934585e-01  2.29365648e-01 -2.38472918e-01 -5.11660896e-01
  6.18777769e-02 -4.88417188e-02 -1.97805920e-01 -3.31093407e-01
 -3.35959920e-01 -1.57372067e-01 -2.05819401e-01 -1.10160842e-01
 -1.91653896e-02 -3.31320768e-02 -2.17300609e-01  1.93341688e-02
 -1.19241964e-01]
    Xi: 0.137991
    Gamma: 1.000000
    QP Objective: 2.5230614004060397

  Function 65:
    Center: [-0.34243371 -0.16507191  0.61366976 -0.04689958 -0.03304896  1.80463605
  1.21561998  0.46058021 -0.32330236  0.07846747  1.14218388 -0.62871259
 -0.31205521 -0.17492717 -0.19011441 -0.3013776  -0.32113541  1.32800274
  1.08033219 -0.16789311  0.56654518 -0.11817151 -0.2902092  -0.21299439
 -0.32881467 -0.29923993 -0.22789481 -0.23183016 -0.16673145 -0.22523952
 -0.16053931 -0.14321202 -0.17492026 -0.14521515 -0.19806739 -0.24213022
 -0.32345561 -0.05983624 -0.18091134 -0.18530385 -0.12090468 -0.17259996
 -0.20599311 -0.12734332 -0.01109519  0.12093702 -0.0713879  -0.11154623
  0.20302479 -0.51430655 -0.15519768 -0.27596316  0.22854626 -0.1030484
 -0.11345632 -0.19075673 -0.26767956]
    Weight (w): [-2.18275490e-01  5.18269216e-01 -8.88429944e-02 -1.55848077e-01
 -2.12064466e-02  2.14857643e-02  6.29492127e-02  1.89996028e-02
 -1.48986217e-01 -1.83562532e-01  2.46007746e-02  4.74026192e-03
 -1.75666399e-01  1.97397855e-01  1.71961808e-01 -5.57861634e-02
  1.23780633e-01 -1.32315019e-01 -6.19856029e-02 -1.25235580e-01
 -2.76105089e-02 -5.05294064e-02 -2.88090847e-02  3.11643791e-02
 -1.81194325e-01 -9.24944438e-02 -1.00214552e+00  2.73444751e-02
  2.86812196e-09 -1.91804347e-01 -4.46938649e-01 -3.20958108e-01
 -1.15701180e-01 -2.26965998e-01  2.22380362e-01 -2.59474175e-01
 -2.11724267e-01 -9.24993076e-02 -2.71304776e-01 -2.17112925e-03
 -4.23798085e-01  7.80706326e-02 -2.51413615e-01 -4.97083639e-01
 -3.17000633e-01 -8.08922307e-01 -2.22993283e-01 -2.61005059e-01
 -4.88056986e-01 -1.72156283e-01 -9.10293779e-02 -1.02829135e-03
  3.34261512e-02  1.14589674e-01 -1.84506378e-01 -8.99704972e-02
 -9.14166440e-02]
    Xi: 0.140247
    Gamma: 1.000000
    QP Objective: 2.7237972444154677

  Function 66:
    Center: [-0.34243371 -0.16507191 -0.06081552 -0.04689958 -0.4643144   0.56282799
  0.98567549  0.36083652 -0.32330236 -0.37136439 -0.29685953 -0.62871259
 -0.31205521 -0.17492717 -0.19011441 -0.3013776  -0.32113541 -0.34787592
 -0.23213113 -0.16789311 -0.46620352 -0.11817151 -0.2902092  -0.21299439
 -0.32881467 -0.29923993 -0.22789481 -0.23183016 -0.16673145 -0.22523952
 -0.16053931 -0.14321202 -0.17492026 -0.14521515 -0.19806739 -0.24213022
 -0.32345561 -0.05983624 -0.18091134 -0.18530385 -0.12090468 -0.17259996
 -0.20599311 -0.12734332 -0.0506374  -0.19738748 -0.0713879  -0.11154623
 -0.15845336  0.15155617 -0.15519768 -0.27473704 -0.30835494 -0.1030484
 -0.12190365 -0.24207296 -0.3056157 ]
    Weight (w): [-3.82338623e-01  3.05381883e-01 -2.16700932e-01 -2.48835832e-01
 -1.52819790e-01  1.13739245e-02  3.66626881e-02 -2.36515930e-01
 -2.56369093e-01 -2.80631414e-01 -2.16398972e-01 -3.27497444e-01
 -2.49534348e-01 -2.73885776e-01 -2.44726702e-01 -2.34601315e-01
 -9.77183360e-02 -2.54389273e-01 -1.38926901e-01 -3.30179869e-01
 -2.23255107e-01 -3.37126120e-01 -1.06382306e-01 -1.03257068e-01
 -7.53546145e-01 -4.93975919e-01 -1.02302355e+00 -3.45928466e-01
  2.76040389e-10 -1.76039325e-01 -4.56249879e-01 -3.27644736e-01
 -1.02025785e-01 -2.52977909e-01 -3.65358329e-01 -2.90786795e-01
 -3.16696289e-01 -9.44279323e-02 -3.38823975e-01 -3.48377068e-01
 -4.32627212e-01  4.43073623e-02 -3.78592618e-01 -4.08133690e-01
 -3.90285854e-01 -3.81471108e-01 -2.27638990e-01  3.14745345e-01
 -2.76936567e-01 -3.00189077e-01 -3.51767703e-01  3.88874621e-02
 -1.50233381e-02 -2.60682553e-01 -4.19031176e-01 -2.97883384e-01
 -1.38116858e-02]
    Xi: 0.333157
    Gamma: 1.000000
    QP Objective: 3.039849592394477

  Function 67:
    Center: [ 8.33429755e-02  1.44901097e-01 -5.56760578e-01 -4.68995838e-02
 -4.64314403e-01 -3.50266176e-01 -2.91793886e-01 -2.62561558e-01
 -3.23302359e-01  4.50742116e-01 -2.96859527e-01 -6.28712594e-01
 -3.12055206e-01 -1.74927167e-01 -1.90114405e-01 -3.01377603e-01
 -2.83472834e-02 -3.47875919e-01 -4.85611171e-01 -1.67893113e-01
 -2.33002201e-01 -1.18171509e-01 -2.90209203e-01 -2.12994388e-01
 -3.28814669e-01 -2.99239934e-01 -2.27894812e-01 -2.31830156e-01
 -1.66731450e-01 -2.25239518e-01 -1.60539307e-01 -1.43212021e-01
 -1.74920257e-01  2.49430390e-01 -1.98067390e-01 -2.42130222e-01
  2.51070793e+00 -5.98362369e-02 -1.80911344e-01 -1.85303849e-01
 -1.20904684e-01 -1.72599962e-01 -2.05993114e-01 -1.27343320e-01
 -2.97776209e-01  3.84377985e-01 -7.13879045e-02  3.43470798e-01
 -1.58453362e-01  4.10502782e-01 -1.55197675e-01 -3.12746659e-01
  1.42843909e+00 -5.54883815e-04  8.87237252e-03  4.66090990e-01
  2.06951684e+00]
    Weight (w): [-0.06935289 -0.08033385 -0.11558929 -0.10120513 -0.07347185 -0.11487115
  0.0152977  -0.06442699 -0.03289325 -0.05498269 -0.05661587 -0.01662659
 -0.12802693 -0.0263966   0.09912072 -0.07027463 -0.03752825 -0.10355152
 -0.09304447 -0.07809368 -0.07391366 -0.12624624  0.31638219 -0.03564686
 -0.23648493 -0.14299183 -1.03017756  0.27631855  0.05400917 -0.05469837
 -0.12436835 -0.16960511 -0.12226258 -0.15806059  0.09307007 -0.13165919
 -0.01300405  0.00540608  0.0339254   0.2071803  -0.43565258  0.1038314
  0.20200282 -0.28598845 -0.09251987 -0.64724063 -0.03475292 -0.45977191
  0.15505775 -0.02610686 -0.127981    0.03495447  0.01622204  0.05987657
  0.05637196 -0.08134058  0.06155962]
    Xi: 0.109523
    Gamma: 1.000000
    QP Objective: 2.392812215262357

  Function 68:
    Center: [-0.34243371 -0.16507191 -0.55676058 -0.04689958 -0.4643144  -0.35026618
  1.42001508 -0.26256156 -0.32330236 -0.37136439 -0.29685953 -0.62871259
 -0.31205521 -0.17492717 -0.19011441 -0.3013776  -0.32113541 -0.34787592
  0.9620415  -0.16789311 -0.11640154 -0.11817151 -0.2902092  -0.21299439
 -0.32881467 -0.29923993 -0.02890023 -0.23183016 -0.16673145 -0.22523952
 -0.16053931 -0.14321202 -0.17492026 -0.14521515 -0.19806739 -0.24213022
 -0.32345561 -0.05983624 -0.18091134 -0.18530385 -0.12090468 -0.17259996
 -0.20599311 -0.12734332  1.03677334 -0.19738748 -0.0713879  -0.11154623
 -0.15845336 -0.51430655 -0.15519768 -0.32991229 -0.30835494 -0.1030484
 -0.10469379 -0.23180971 -0.37159161]
    Weight (w): [-2.54324951e-01 -1.48459481e-01 -2.38432121e-01  3.37218644e-02
 -1.01718417e-01 -1.36597905e-01  5.20325313e-03 -1.68953455e-01
 -1.23530997e-01 -2.47572136e-01 -1.71987286e-01 -2.46922431e-01
 -2.28338070e-01 -2.18774301e-01 -1.16033855e-01 -8.50147602e-02
  8.41038682e-03 -1.69778552e-01 -1.21087070e-02  4.92330482e-01
 -6.88582851e-02 -1.04616470e-01 -1.43951120e-01 -1.45159822e-01
 -3.01181092e-02 -1.82616313e-01 -4.22518916e+00 -2.19233012e-01
  2.43007464e-11 -2.61543923e-01 -1.52354004e-01 -3.32259451e-01
 -1.84582282e-01 -1.17581282e-01 -2.10401590e-01 -1.93260880e-01
 -2.57682171e-01 -9.55761671e-02 -2.95039921e-01 -1.98132828e-01
 -4.38720553e-01  2.06617790e-01 -2.75593281e-01 -4.53736722e-01
 -2.95423032e-01 -2.61068039e-01 -2.30845175e-01 -8.86337577e-02
 -1.95055271e-01 -2.12711629e-01 -3.03791192e-01  7.73559447e-02
  6.02066658e-02 -2.07191514e-01  3.16904353e-01 -2.35030726e-01
 -2.07259158e-01]
    Xi: 0.197596
    Gamma: 1.000000
    QP Objective: 2.7157472400901286

  Function 69:
    Center: [ 0.54187171 -0.16507191 -0.55676058  0.34736572 -0.27098851 -0.35026618
 -0.29179389 -0.26256156  0.14334059 -0.37136439 -0.29685953  0.64797478
  1.51516858 -0.17492717 -0.19011441 -0.3013776  -0.32113541 -0.34787592
 -0.86301479 -0.16789311 -0.67441898 -0.11817151 -0.2902092  -0.21299439
 -0.25102475 -0.15265518 -0.22789481 -0.23183016 -0.16673145 -0.22523952
 -0.16053931 -0.14321202 -0.17492026 -0.14521515 -0.19806739  0.08078746
  0.31423118 -0.05983624 -0.18091134 -0.18530385 -0.12090468 -0.17259996
 -0.20599311  0.30680451 -0.29777621 -0.19738748 -0.0713879   0.3434708
 -0.15845336 -0.36633706 -0.15519768 -0.32991229 -0.30835494 -0.1030484
 -0.08496234 -0.18562511  0.06384936]
    Weight (w): [-0.0055131   0.10148957 -0.19382235 -0.17325017 -0.16292099 -0.1421018
 -0.03567427 -0.152964   -0.14905106 -0.2046308  -0.13824492  0.05273745
 -0.03640603 -0.17595782 -0.15124732 -0.1063419  -0.06937699 -0.21452692
 -0.14048816 -0.17334126 -0.12952218 -0.2224884   0.28856788 -0.17686111
 -0.29702867 -0.27755856 -0.71794459 -0.17755125  0.04235044 -0.17302755
 -0.25207159 -0.33943052 -0.26626757  0.07732658 -0.14404692 -0.17019083
 -0.14001872  0.01605506 -0.03973818  1.17126281 -0.44818934 -0.13499434
 -0.10827062 -0.37037866 -0.32269061 -0.21901219  0.09361051 -0.93092564
 -0.10491605 -0.17857872 -0.21795475 -0.12325712 -0.0769267   0.32065314
 -0.17881568  0.31762988 -0.02285584]
    Xi: 0.165484
    Gamma: 1.000000
    QP Objective: 2.4018915198529256

  Function 70:
    Center: [-0.34243371  1.33054786  0.9707502  -0.04689958  0.68076971 -0.35026618
 -0.29179389  0.68500352 -0.32330236 -0.37136439  1.58878356 -0.62871259
  4.80417138 -0.17492717 -0.19011441  0.15883688  0.53470681  1.81758527
  1.45210291 -0.16789311  4.46433867 -0.11817151 -0.2902092  -0.21299439
 -0.32881467 -0.29923993 -0.11503221 -0.23183016 -0.16673145 -0.22523952
 -0.16053931 -0.14321202 -0.17492026 -0.14521515 -0.19806739 -0.24213022
 -0.32345561 -0.05983624 -0.18091134 -0.18530385 -0.12090468 -0.17259996
 -0.20599311 -0.12734332 -0.29777621 -0.19738748 -0.0713879  -0.11154623
 -0.15845336 -0.51430655 -0.15519768 -0.19626556 -0.30835494 -0.1030484
 -0.13076073 -0.24720458 -0.31056389]
    Weight (w): [ 1.01212377e-01 -2.62231709e-01 -6.33769574e-02 -6.93088211e-02
  1.68550666e-02 -2.15636757e-02  2.89595769e-02 -4.12866206e-02
 -2.38709769e-02 -8.72650014e-02  2.61351605e-02  9.78337009e-02
 -5.03792463e-02 -1.05506043e-01  3.87391213e-01  5.27900258e-03
 -1.54607901e-02 -5.68439040e-04  9.23659588e-02 -2.70322637e-02
 -4.15281525e-02 -7.03683867e-02  1.01614669e-01 -5.72175803e-03
 -1.69452471e-01 -5.53806018e-02 -1.02437912e+00 -6.80496191e-02
  8.38016222e-03 -9.19681977e-02 -8.02714163e-02  6.33821417e-02
 -2.34494297e-01 -1.20989434e-01 -2.31251921e-01 -6.55458793e-02
 -8.51563344e-02  5.47405446e-02 -1.59900038e-01  8.46000965e-02
 -4.51437091e-01 -1.43598508e-01 -6.50917837e-02 -9.31299153e-02
 -9.26937395e-02 -4.70388583e-02 -1.58208153e-01 -2.53632678e-02
 -1.80439936e-01 -1.03995860e-01 -1.28586070e-01  2.13227649e-02
  1.07591859e-01 -6.68050013e-02 -1.54898190e-01  1.71461975e-01
 -6.69057047e-02]
    Xi: 0.063921
    Gamma: 1.000000
    QP Objective: 2.4173826061627364

  Function 71:
    Center: [-0.34243371 -0.16507191 -0.55676058 -0.04689958 -0.4643144  -0.35026618
 -0.29179389 -0.26256156 -0.32330236 -0.37136439 -0.29685953  0.4158498
 -0.31205521 -0.17492717 -0.19011441 -0.3013776  -0.32113541  0.78192992
 -0.59826897 -0.16789311 -0.17470187 -0.11817151 -0.2902092  -0.21299439
 -0.32881467  0.03903257 -0.22789481 -0.23183016 -0.16673145 -0.22523952
 -0.16053931 -0.14321202 -0.17492026 -0.14521515 -0.19806739 -0.24213022
 -0.32345561 -0.05983624 -0.18091134 -0.18530385 -0.12090468 -0.17259996
 -0.20599311 -0.12734332 -0.29777621 -0.19738748 -0.0713879  -0.11154623
 -0.15845336  0.12566151 -0.15519768 -0.32991229  0.21634396 -0.1030484
 -0.06069202 -0.10865076 -0.14397474]
    Weight (w): [-0.18562126  0.73801952 -0.12250663 -0.11215923 -0.03135171 -0.13560346
  0.02123466 -0.1162813  -0.08793231 -0.32223526 -0.09123088 -0.20473881
 -0.16888395  0.01521366  0.24163732 -0.09341643 -0.2323216  -0.17584274
 -0.07536998 -0.22698331 -0.16849057 -0.25984768  0.34485347 -0.16982573
  1.65772648 -1.5138835  -0.6872348  -0.21258118  0.14937922 -0.16531183
 -0.47956192 -0.34438571  0.15554547 -0.07468826  0.04303138 -0.1393784
 -0.14447415  0.30242573  0.06269449 -0.20958795 -0.45473225  0.14805898
 -0.39672233 -0.35588427 -0.10108419 -0.52441653  0.01012375 -0.0255484
  0.24640802 -0.23077041 -0.22255507  0.02511203 -0.23144226  0.13158896
 -0.3006288  -0.01494078 -0.20923646]
    Xi: 0.213879
    Gamma: 1.000000
    QP Objective: 2.8307606778469476

  Function 72:
    Center: [-0.34243371 -0.16507191 -0.55676058 -0.04689958 -0.4643144  -0.35026618
 -0.29179389 -0.26256156 -0.32330236  5.83321298 -0.29685953 -0.62871259
 -0.31205521 -0.17492717 -0.19011441 -0.3013776  -0.32113541 -0.34787592
  1.31691356 -0.16789311 -0.67441898 -0.11817151 -0.2902092  -0.21299439
 -0.32881467 -0.29923993 -0.22789481 -0.23183016 -0.16673145 -0.22523952
 -0.16053931 -0.14321202 -0.17492026 -0.14521515 -0.19806739 -0.24213022
 -0.32345561 -0.05983624 -0.18091134 -0.18530385 -0.12090468 -0.17259996
 -0.20599311 -0.12734332 -0.29777621 -0.19738748 -0.0713879  -0.11154623
 -0.15845336 -0.51430655 -0.15519768 -0.32991229 -0.30835494 -0.1030484
 -0.13211609 -0.26259945 -0.45241209]
    Weight (w): [-2.62451149e-01  2.97455443e-01 -2.72895007e-01 -1.20365934e-01
 -1.27209054e-01 -2.06766556e-01 -4.64940354e-02 -1.97229078e-01
 -2.80878972e-01 -6.58409502e-03 -2.48200062e-01 -2.08669255e-01
 -2.71157071e-01 -2.68723483e-01 -8.80985566e-02 -2.31747773e-01
 -1.41282970e-01 -2.65735607e-01  1.23084221e-01 -1.80769603e-01
 -1.96314747e-01 -2.80699285e-01 -2.22988765e-01 -1.95940926e-01
 -4.16574436e-01 -1.02408656e-01 -5.27655505e-01 -2.60061344e-01
  3.59934706e-12 -2.65548573e-01 -2.72571013e-01 -3.52095836e-01
 -1.21988944e-01 -1.24601060e-01 -3.10117576e-01 -3.32416798e-01
 -1.97015040e-01 -1.01474793e-01 -2.77934465e-01 -2.78943816e-01
 -4.64912825e-01 -2.48192966e-01 -1.36968715e-01 -6.27203368e-01
 -6.21763933e-02  3.87814535e-01 -2.44626976e-01 -2.61203805e-02
  1.02201349e+00 -2.63357687e-01 -2.85715783e-01 -1.07544613e-01
 -8.54245121e-02 -2.22216943e-01  3.76370014e-01  4.72788670e-02
 -2.61161801e-01]
    Xi: 0.259076
    Gamma: 1.000000
    QP Objective: 2.5417063297121523

  Function 73:
    Center: [-0.34243371 -0.16507191 -0.55676058 -0.04689958 -0.4643144   0.63587552
 -0.29179389 -0.26256156 -0.32330236  0.04744459 -0.29685953 -0.31534388
 -0.31205521 -0.17492717 -0.19011441  0.0256169  -0.32113541 -0.34787592
  0.29172762 -0.16789311  1.59929388 -0.11817151 -0.2902092  -0.21299439
 -0.16725099 -0.29923993 -0.22789481 -0.23183016 -0.16673145 -0.22523952
  0.50885674 -0.14321202 -0.17492026 -0.14521515 -0.19806739 -0.24213022
 -0.32345561 -0.05983624 -0.18091134 -0.18530385 -0.12090468 -0.17259996
 -0.20599311 -0.12734332 -0.29777621 -0.19738748 -0.0713879  -0.11154623
 -0.15845336 -0.51430655 -0.15519768 -0.32991229 -0.30835494 -0.1030484
 -0.08190491 -0.17536186 -0.19345667]
    Weight (w): [-8.40916453e-02  1.69486867e-01 -7.94565274e-02 -8.23804137e-02
 -1.82077637e-03 -2.68450044e-02 -5.46711156e-02 -8.98543775e-02
 -4.02849987e-02 -2.59549021e-02  6.62854356e-01 -1.21144655e-01
 -9.11691923e-02 -9.96769164e-02  8.82534193e-01 -4.99565387e-02
 -2.88020823e-02 -9.63659791e-02 -2.51130160e-04 -9.22031831e-02
  2.47408504e-02 -6.55704326e-02 -2.61445217e-02 -4.64205671e-02
 -7.40576039e-01  4.74890043e-01 -5.27265130e-01 -5.21651960e-02
  1.16909306e-02 -1.13127204e-01 -1.98926361e+00 -2.40025664e-01
 -1.38630931e-01 -2.28964219e-03  1.07206324e+00 -8.31313239e-02
 -1.13530987e-01 -3.41954172e-02 -9.27530175e-02  8.78562160e-02
 -4.82932702e-01 -2.05484612e-01 -1.32409584e-01 -2.59796902e-01
 -1.00035085e-01 -7.30031399e-02 -1.60126750e-02 -2.71327953e-02
 -1.39741974e-01 -7.70479974e-02  5.62404600e-02 -9.13537188e-03
  1.92922760e-01 -7.62861069e-02 -1.49818313e-01  4.72213772e-02
 -8.93602980e-02]
    Xi: 0.088986
    Gamma: 1.000000
    QP Objective: 2.58309939059515

  Function 74:
    Center: [-0.34243371 -0.16507191  2.41890978 -0.04689958 -0.4643144   2.38901632
 -0.29179389 -0.26256156 -0.32330236 -0.37136439 -0.29685953 -0.62871259
 -0.31205521 -0.17492717 -0.19011441 -0.3013776  -0.32113541 -0.34787592
 -0.93624235 -0.16789311 -0.67441898 -0.11817151 -0.2902092  -0.21299439
 -0.32881467 -0.29923993 -0.22789481 -0.23183016 -0.16673145 -0.22523952
 -0.16053931 -0.14321202  1.17437242 -0.14521515 -0.19806739 -0.24213022
 -0.32345561 -0.05983624 -0.18091134 -0.18530385 -0.12090468 -0.17259996
 -0.20599311 -0.12734332 -0.29777621 -0.19738748 -0.0713879  -0.11154623
 -0.15845336 -0.08519502 -0.15519768 -0.32991229 -0.30835494 -0.1030484
 -0.10586002 -0.22667809 -0.43096992]
    Weight (w): [-1.37954610e-01 -1.53750416e-02 -6.41422921e-02 -1.13133397e-01
  4.29748673e-02 -6.74508111e-02  5.23305571e-02 -8.40036996e-03
 -1.38734581e-01 -1.52823196e-01 -1.09067848e-01  2.45859761e-03
 -1.09937061e-01 -1.59397920e-01 -3.69682126e-02  1.63638417e-04
 -6.13636071e-02 -1.40473983e-01 -3.56041863e-02 -1.21364348e-01
 -1.45746121e-01 -1.55778158e-01  7.23324251e-02 -1.20132512e-01
 -3.38256972e-01 -6.75070522e-02 -4.36598990e-01 -1.22848445e-01
  5.20140869e-12 -4.27967417e-02  4.12458954e-11  6.70177397e-04
 -6.50489089e-01 -1.12469990e-01 -4.14264562e-01 -2.23268041e-01
 -1.51136864e-01  5.57412268e-01  3.10597122e-01  2.31259112e-01
 -4.90537942e-01 -2.61872893e-01  4.39306235e-02 -1.77686238e-01
 -1.04104757e-01 -5.93111589e-02 -2.58110353e-01 -2.75600865e-02
 -5.75558289e-02 -1.13544388e-01 -1.39224979e-01 -5.31140537e-02
  2.12674612e-01  7.81277648e-02 -1.54727925e-01  1.57655583e-02
 -1.16875500e-01]
    Xi: 0.116150
    Gamma: 1.000000
    QP Objective: 2.531012501846395

  Function 75:
    Center: [ 1.00040045 -0.16507191  0.25658932 -0.04689958  1.39458839 -0.35026618
  0.75573101 -0.26256156 -0.32330236 -0.06113552 -0.29685953  0.57833729
  0.35238981 -0.17492717 -0.19011441  0.1951696   0.60227331 -0.34787592
  1.294382   -0.16789311  1.23283467 -0.11817151  0.28081419  2.13682386
 -0.32881467 -0.29923993 -0.22789481 -0.23183016 -0.16673145 -0.22523952
 -0.16053931 -0.14321202 -0.17492026 -0.14521515 -0.19806739 -0.24213022
 -0.32345561 -0.05983624 -0.18091134 -0.18530385 -0.12090468  0.08824598
 -0.20599311 -0.12734332  0.52272462 -0.19738748 -0.0713879  -0.11154623
 -0.15845336 -0.25905917 -0.15519768  0.73190485  0.11059069 -0.1030484
 -0.0043975   0.83043621  0.33270117]
    Weight (w): [-4.80686345e-02  7.70004071e-01 -9.81342201e-02 -4.43396003e-02
 -5.79860276e-02 -2.43432516e-02 -4.77688436e-02  1.89065295e-02
 -5.34773413e-02  7.51574351e-02  1.02997046e-02 -1.36889746e-01
 -5.80652818e-02 -1.74270003e-01  6.55091633e-02  9.14104758e-02
  7.58735264e-02 -1.64392885e-01  1.60022572e-01 -8.11921442e-02
 -5.26269121e-03 -4.93750749e-02 -2.07899638e-02 -1.11917993e-01
 -3.06749926e-01 -2.32482365e-01 -6.47906045e-01 -1.85158223e-01
  2.77350637e-01 -2.05163826e-01  1.98153261e-10 -3.80490661e-01
 -3.95305515e-01 -1.58944490e-02  3.60480204e-03 -2.08917277e-01
 -1.37585924e-01  6.36133386e-01 -1.31646876e-01  6.21324827e-03
 -5.02405795e-01 -1.25726540e+00 -1.79829154e-01 -2.22617818e-01
 -3.99156341e-01 -8.99858583e-02 -8.59760064e-02  5.31962404e-02
 -4.36469322e-01  2.73656324e-02  6.81984681e-02 -4.31658825e-02
  4.63487636e-01  2.22710073e-01 -1.11692165e-02 -2.09764130e-01
  1.50217531e-02]
    Xi: 0.086113
    Gamma: 1.000000
    QP Objective: 2.795144619410724

  Function 76:
    Center: [-0.34243371 -0.16507191 -0.55676058 -0.04689958 -0.4643144  -0.35026618
 -0.29179389 -0.26256156 -0.32330236 -0.37136439 -0.29685953 -0.62871259
 -0.31205521 -0.17492717 -0.19011441 -0.3013776  -0.32113541 -0.34787592
  1.22678732 -0.16789311  0.39164419 -0.11817151 -0.2902092  -0.21299439
 -0.32881467 -0.29923993 -0.22789481 -0.23183016 -0.16673145 -0.22523952
 -0.16053931 -0.14321202 -0.17492026 -0.14521515 -0.19806739 -0.24213022
  2.69965217 -0.05983624 -0.18091134 -0.18530385 -0.12090468 -0.17259996
 -0.20599311 -0.12734332  0.96757447 -0.19738748 -0.0713879  -0.11154623
 -0.15845336 -0.51430655 -0.15519768  1.56811651 -0.30835494 -0.1030484
 -0.0620789  -0.19588835 -0.37159161]
    Weight (w): [-1.39243238e-01  1.81672205e-01 -1.63687625e-01 -1.31130365e-01
 -9.61218619e-02 -1.88353187e-01 -1.15484613e-01 -5.61979094e-02
 -1.72291029e-01 -1.99480066e-01 -1.32495254e-01 -1.98458898e-01
 -2.49194679e-01 -2.25176481e-01 -1.74330515e-01 -5.78084035e-02
 -1.17157921e-01 -2.26564841e-01  1.01243308e-01  1.68475387e-01
 -1.72298788e-01 -2.02863615e-01 -2.33799967e-02 -2.01847791e-01
 -4.87882463e-02  1.93278812e-02 -3.65484738e-01 -3.02317300e-01
  1.13220814e-10 -3.23195070e-01  8.09191259e-02 -3.83584081e-01
 -4.14222486e-01 -1.35744243e-01 -3.97072829e-01 -3.44026212e-01
 -1.71918715e-01 -8.01222870e-02 -3.59161849e-01 -1.95362150e-02
 -5.06490395e-01 -5.44824586e-02 -2.84582253e-01 -1.60822720e-01
 -2.65620959e-01 -3.43201785e-01 -2.66504185e-01 -2.84563492e-02
  1.54652804e-01 -2.15202027e-02 -3.42016702e-01 -1.54695931e-03
  3.86781903e-01 -1.99769433e-01 -2.56559994e-01 -6.08210537e-02
 -2.07389484e-01]
    Xi: 0.185412
    Gamma: 1.000000
    QP Objective: 2.7182731870352677

  Function 77:
    Center: [-0.34243371 -0.16507191  0.21691371 -0.04689958  0.11566327  1.07416072
 -0.29179389 -0.26256156 -0.32330236 -0.37136439 -0.29685953 -0.62871259
  0.98361257 -0.17492717 -0.19011441  0.17094779 -0.32113541  0.38649788
 -0.27719425 -0.16789311 -0.02478674 -0.11817151  0.82328641  0.66818745
 -0.32881467 -0.29923993 -0.22789481 -0.23183016 -0.16673145 -0.22523952
 -0.16053931 -0.14321202 -0.17492026 -0.14521515 -0.19806739 -0.24213022
 -0.32345561 -0.05983624 -0.18091134 -0.18530385 -0.12090468 -0.17259996
 -0.20599311 -0.12734332 -0.29777621  0.23070409 -0.0713879  -0.11154623
 -0.15845336 -0.27385612  0.43904851 -0.00989581 -0.04397177 -0.1030484
 -0.0725435   0.01450818 -0.20500245]
    Weight (w): [-8.12628518e-02  4.26055497e-01 -4.96407497e-02  2.43190616e-01
  3.14086145e-02  5.48982640e-02  7.20988340e-02  7.11180961e-02
 -6.95966765e-02 -1.01137724e-01 -1.25190014e-01 -6.53996263e-02
 -2.96023775e-02  2.13722788e-01  7.16716189e-02 -1.12921289e-01
  7.80240047e-02 -9.55689855e-02 -1.41124054e-03  2.62596020e-01
 -9.08701160e-03 -4.14912193e-02 -5.63546876e-02 -1.29153718e-01
 -3.22835047e-01 -1.46682962e-01 -6.58527456e-01  1.11247665e+00
  8.02014527e-03 -7.87813983e-02  3.39299281e-12 -3.86728213e-01
 -2.86752111e-01  2.00666108e-01  2.46606250e-01 -1.23104353e-01
 -1.33651446e-01  3.12956348e-02  8.32089285e-02 -1.84890908e-01
 -5.10641956e-01 -1.46050286e-01  1.05293247e+00 -6.30438552e-01
 -2.57109580e-01 -1.90780606e+00 -1.78517671e-01  1.40360556e+00
  2.38303401e-01 -7.50981698e-02 -1.17874991e-01  9.42225840e-02
  1.02684980e-01 -8.73772541e-02 -1.35987324e-01 -8.52641279e-02
 -5.25685812e-02]
    Xi: 0.106232
    Gamma: 1.000000
    QP Objective: 2.7454979951725735

  Function 78:
    Center: [-0.34243371 -0.16507191 -0.55676058 -0.04689958 -0.4643144  -0.35026618
 -0.29179389 -0.26256156 -0.32330236 -0.37136439 -0.29685953  1.25149972
 -0.31205521 -0.17492717 -0.19011441 -0.3013776  -0.32113541 -0.34787592
 -0.93624235 -0.16789311 -0.67441898 -0.11817151 -0.2902092  -0.21299439
 -0.32881467 -0.29923993 -0.22789481 -0.23183016 -0.16673145 -0.22523952
 -0.16053931 -0.14321202 -0.17492026 -0.14521515 -0.19806739  1.76989532
 -0.32345561 -0.05983624 -0.18091134 -0.18530385 -0.12090468 -0.17259996
 -0.20599311 -0.12734332 -0.29777621 -0.19738748 -0.0713879  -0.11154623
 -0.15845336 -0.51430655 -0.15519768 -0.32991229 -0.30835494 -0.1030484
 -0.11389759 -0.24207296 -0.36829281]
    Weight (w): [-3.77995087e-01  2.94100460e-01 -4.53274404e-01 -1.33297767e-01
 -2.96208136e-01 -3.44280141e-01 -2.00371147e-01 -3.19726747e-01
 -3.89020815e-01 -3.14899319e-01 -3.47012149e-01 -1.52160707e-01
 -4.02626484e-01 -4.03691509e-01 -3.46604232e-01 -2.73926563e-01
 -1.72707402e-01 -4.05175927e-01 -1.97235365e-01 -3.79818016e-01
 -3.88754870e-01 -3.74106587e-01 -1.74285747e-01 -3.06733675e-01
 -3.71007180e-01 -3.39275765e-01 -6.63969830e-01 -1.16092134e-01
  2.67106765e-01 -3.95264653e-01  1.27120483e-09 -3.89924313e-01
  5.23830735e-01 -1.37987947e-01 -4.34806599e-01 -9.82429745e-02
 -4.15938824e-01  6.05868974e-01  3.12140158e-01  5.02987405e-01
 -5.14862137e-01  4.70173717e-01 -6.05445679e-01 -9.17086367e-01
 -5.61601892e-01 -3.22949705e-01 -2.70909204e-01  1.29477643e-01
 -1.70338504e-01 -4.08882314e-01 -4.00006250e-01 -1.24758908e-01
  4.53667406e-01 -4.03180517e-01 -6.79502584e-01  4.62878115e-01
 -3.81189497e-01]
    Xi: 0.378853
    Gamma: 1.000000
    QP Objective: 2.845104706033493

  Function 79:
    Center: [-0.34243371  0.00541324  0.0978869  -0.04689958 -0.13714751  0.05149526
 -0.29179389 -0.26256156 -0.32330236 -0.37136439  0.24898452 -0.11803764
 -0.31205521 -0.17492717 -0.19011441 -0.3013776  -0.32113541 -0.34787592
 -0.6883952  -0.16789311 -0.58280418 -0.01092183 -0.2902092  -0.21299439
 -0.26299243 -0.17520668 -0.22789481 -0.23183016 -0.16673145 -0.22523952
 -0.16053931 -0.14321202  0.022976   -0.14521515 -0.19806739 -0.24213022
 -0.32345561 -0.05983624  0.07218051 -0.18530385 -0.12090468 -0.17259996
 -0.20599311 -0.12734332  0.35467024 -0.19738748 -0.0713879  -0.11154623
 -0.08040694  0.42160049 -0.15519768 -0.32991229 -0.30835494 -0.1030484
 -0.09845285 -0.21128322  0.18425539]
    Weight (w): [-2.90391346e-01 -4.26695815e-01 -1.58810117e-01 -1.34408626e-01
 -7.26009332e-02 -1.70943126e-01 -7.11716521e-02  6.53835463e-02
 -1.63394150e-01 -2.10950535e-01 -2.10356972e-01 -1.75372506e-01
 -2.26215401e-01 -2.15500951e-01  3.95269632e-01 -1.88247355e-01
 -9.42307709e-02 -1.94774695e-01 -1.40426388e-01 -3.79410846e-02
 -1.84602718e-01 -2.73872254e-01 -2.68157270e-02 -3.14329149e-02
 -2.83365479e-01 -2.33539822e-01 -6.69502913e-01 -2.26310109e-01
  6.26297111e-02 -1.35058732e-01  2.54767919e-12 -2.73235165e-01
 -3.10157324e-01  2.55447432e-01 -1.19014657e-01 -1.46949524e-01
 -3.99644454e-02 -6.03462740e-02 -2.40783911e-01 -3.71412169e-01
 -5.19152655e-01  7.32887535e-02 -1.86956193e-01 -4.70037819e-01
 -5.33465511e-01 -2.53447814e-01 -1.19939965e-01 -2.91677582e-02
 -2.22577408e-01 -2.16107594e-01 -2.65294950e-01  2.33385584e-02
  4.09969341e-01  7.80270550e-02 -4.32774266e-01  3.76681686e-01
 -1.74448903e-01]
    Xi: 0.210262
    Gamma: 1.000000
    QP Objective: 2.7301523849534206

  Function 80:
    Center: [-0.34243371  0.02866122  0.43512954 -0.04689958 -0.4643144  -0.35026618
 -0.29179389 -0.26256156 -0.32330236  0.40420779 -0.29685953  0.10248108
 -0.31205521 -0.17492717 -0.19011441 -0.3013776  -0.32113541 -0.34787592
 -0.72219254 -0.16789311 -0.67441898 -0.11817151 -0.2902092  -0.21299439
 -0.32881467 -0.29923993 -0.22789481 -0.23183016 -0.16673145 -0.22523952
 -0.16053931 -0.14321202 -0.17492026 -0.14521515 -0.19806739 -0.24213022
 -0.32345561 -0.05983624 -0.18091134 -0.18530385 -0.12090468 -0.17259996
 -0.20599311 -0.12734332 -0.29777621 -0.19738748 -0.0713879  -0.11154623
 -0.08451465 -0.03710493  0.68588924 -0.30784219 -0.30835494 -0.1030484
  0.08918505  0.07095603  0.76319394]
    Weight (w): [-2.69968660e-01 -2.19127628e-01 -2.17130353e-01  5.98348751e-01
 -5.19454080e-02 -2.55745260e-02 -1.21600435e-01 -2.79113944e-01
 -6.08148201e-02 -1.04135074e-01 -2.10330690e-01 -2.16487695e-01
 -1.45209011e-01 -2.60447688e-01  2.14143937e-01 -2.28202099e-01
 -1.21472758e-01 -1.66151752e-01 -1.11306679e-01 -2.05392238e-01
 -1.28103974e-01 -2.00697051e-01  5.33694275e-01 -2.66340154e-01
  4.02501556e-02 -3.65545013e-01 -6.75128987e-01 -2.31945578e-01
  1.48912619e-01 -1.40430670e-01  2.40377339e-09  1.16428310e-01
 -1.67511766e-01 -1.40307065e-01 -4.07055648e-01 -3.66198943e-01
 -9.14380039e-02  1.99380391e-01  1.19836270e-01 -8.48742985e-02
 -5.23515282e-01  3.14422850e-01  1.03081413e-02 -4.31193813e-01
 -2.50484370e-01 -1.25357611e-01 -5.83639272e-02  6.87262956e-02
 -1.45304105e-01 -2.53655038e-01 -1.94267568e-01  8.64630900e-02
  8.95028404e-02 -8.60775577e-02 -4.02321309e-01  3.05094576e-01
 -1.92881636e-01]
    Xi: 0.231854
    Gamma: 1.000000
    QP Objective: 2.76856727319775

  Function 81:
    Center: [-0.34243371 -0.16507191  0.77237218 -0.04689958 -0.4643144  -0.35026618
 -0.29179389 -0.26256156 -0.32330236 -0.37136439 -0.29685953  0.54351854
  0.78427906 -0.17492717 -0.19011441 -0.3013776  -0.32113541 -0.34787592
 -0.17580223 -0.16789311 -0.39957457 -0.11817151  0.65197939 -0.21299439
 -0.32881467 -0.29923993 -0.22789481 -0.23183016 -0.16673145 -0.22523952
 -0.16053931 -0.14321202 -0.17492026 -0.14521515 -0.19806739 -0.24213022
 -0.32345561 -0.05983624 -0.18091134 -0.18530385 -0.12090468 -0.17259996
 -0.20599311 -0.12734332  0.02844701  0.16484385 -0.0713879  -0.11154623
 -0.15845336 -0.51430655 -0.15519768 -0.11656797 -0.30835494 -0.1030484
 -0.09835829 -0.0265448  -0.27592655]
    Weight (w): [-1.16851246e-01  3.86237035e-01 -1.05919064e-01  4.80544471e-01
 -8.01458055e-02  6.04043074e-02  1.08249283e-02 -1.96337821e-01
 -2.02032233e-01 -1.77393181e-01 -1.26743801e-01 -1.24767693e-01
 -1.07303737e-01  1.02699839e-01 -5.73708318e-02 -1.26705847e-01
 -7.72055009e-02 -1.66251260e-01 -1.21035804e-01 -1.05038933e-01
 -1.21794900e-01 -1.61974106e-01 -9.90148895e-02 -1.75389850e-01
 -4.96767294e-01 -2.13478150e-01 -5.96552194e-01  9.25496196e-01
  7.88585143e-02 -2.15021855e-01  5.70893620e-10 -4.03255058e-01
 -1.46407477e-01  1.85780922e-01  6.63130443e-02 -2.19977798e-01
 -2.35489432e-01  9.58303526e-02  2.43926505e-01 -2.44092793e-01
 -5.32464261e-01  1.53525245e-02  6.00817255e-01 -8.68562461e-01
 -1.36118262e-01 -1.74490471e+00 -2.28879935e-01  9.65677860e-01
 -1.68343263e-01 -2.10499495e-01 -2.50954566e-01  6.16129889e-02
  3.18257443e-01 -1.96275836e-01 -2.29495884e-01 -1.30764628e-01
 -4.15661967e-02]
    Xi: 0.172995
    Gamma: 1.000000
    QP Objective: 2.7083867578296186

  Function 82:
    Center: [-0.34243371 -0.16507191 -0.55676058 -0.04689958 -0.4643144  -0.35026618
 -0.29179389 -0.26256156 -0.32330236 -0.37136439 -0.29685953 -0.62871259
 -0.31205521 -0.17492717 -0.19011441 -0.3013776  -0.32113541 -0.34787592
 -0.93624235 -0.16789311 -0.67441898 -0.11817151 -0.2902092  -0.21299439
 -0.32881467 -0.29923993 -0.22789481 -0.23183016 -0.16673145 -0.22523952
 -0.16053931 -0.14321202 -0.17492026 -0.14521515 -0.19806739 -0.24213022
 -0.32345561 -0.05983624 -0.18091134 -0.18530385 -0.12090468 -0.17259996
 -0.20599311 -0.12734332  0.37444134 -0.19738748 -0.0713879  -0.11154623
 -0.15845336 -0.09999197 -0.15519768 -0.32991229  3.36453736 -0.1030484
 -0.09161303 -0.19588835 -0.33530486]
    Weight (w): [-5.84443111e-01  7.03211635e-02 -5.70133511e-01 -1.05968540e-01
 -5.93562584e-01 -3.64772858e-01 -4.91926310e-01 -5.43144091e-01
 -5.27575298e-01 -6.25237085e-01 -5.96217800e-01 -5.93393005e-01
 -6.41112061e-01 -4.90501427e-01  1.86354475e-01 -5.63060192e-01
 -6.33513706e-01 -5.53798563e-01 -6.06454603e-01 -5.65463199e-01
 -4.70003387e-01 -4.45107332e-01 -2.62921615e-01 -3.49820702e-01
 -8.39156215e-01 -8.02161682e-01 -6.06927016e-01 -5.84786799e-01
  3.12263505e-11 -6.10142646e-01  3.46962295e-11 -4.10268191e-01
 -6.90975271e-01  4.31625449e-11 -3.35537329e-01 -4.71015589e-01
 -5.71800266e-01 -1.18240194e-01 -5.91110345e-01 -2.97476674e-01
 -5.41724510e-01 -1.75787482e-01 -6.63491175e-01 -9.02264436e-01
  1.93672656e-01 -4.97080599e-01 -2.85043607e-01 -3.04359216e-02
 -3.87000662e-01  4.98174116e-02 -7.18046839e-01  1.53625242e-01
  2.22047083e-01 -1.82800085e-01 -3.60661763e-01 -5.48487647e-01
 -4.25603804e-01]
    Xi: 0.600101
    Gamma: 1.000000
    QP Objective: 3.3407192618111035

  Function 83:
    Center: [ 0.83664018 -0.16507191  1.60555988 -0.04689958 -0.4643144  -0.35026618
 -0.29179389 -0.26256156 -0.32330236 -0.37136439 -0.29685953  0.20693732
  5.70117215 -0.17492717 -0.19011441 -0.3013776  -0.32113541 -0.34787592
 -0.53067429 -0.16789311  0.23340044 -0.11817151 -0.2902092   1.41380286
 -0.32881467 -0.29923993 -0.22789481 -0.23183016 -0.16673145 -0.22523952
 -0.16053931 -0.14321202 -0.17492026 -0.14521515 -0.19806739 -0.24213022
 -0.32345561 -0.05983624 -0.18091134 -0.18530385 -0.12090468 -0.17259996
 -0.20599311 -0.12734332 -0.29777621 -0.19738748 -0.0713879  -0.11154623
  0.10033213 -0.04820265 -0.15519768 -0.25266694  0.20414166 -0.1030484
 -0.08288202 -0.08812427 -0.26438076]
    Weight (w): [-1.24571293e-01  5.74677047e-01 -4.50550329e-02 -1.04352231e-01
 -1.02515021e-01  8.99659025e-04  3.55271392e-02  3.28472811e-02
 -1.12559990e-01 -9.11461843e-02 -9.93168722e-02 -2.63426305e-01
 -1.22743867e-01 -8.97723312e-02  5.66725457e-02 -5.10055219e-02
  2.80976478e-02 -1.65335637e-01  1.95691943e-01 -1.03163677e-01
 -7.06404904e-02  9.03531070e-02  6.25110452e-01 -2.06803919e-02
 -2.49216339e-01 -1.65071028e-01 -6.12250937e-01 -1.20201380e-01
  4.19574027e-03 -1.36223957e-01  5.69515873e-12 -3.28932021e-01
 -3.08569200e-01  1.09412994e-11 -2.26480317e-01 -1.71059191e-01
 -1.28637045e-01  1.72932777e-01  9.69170612e-02  7.03078326e-02
 -5.46476479e-01 -1.70295493e-01 -1.52019390e-01 -4.07323426e-01
 -2.05496210e-01 -1.47827145e-01 -2.10166792e-01  6.89360771e-01
 -3.14786854e-01 -7.55698079e-02 -1.76088900e-01  3.40207860e-02
  3.15614016e-01 -1.13817468e-01 -5.83700893e-02 -1.73425316e-01
 -7.65751085e-03]
    Xi: 0.088550
    Gamma: 1.000000
    QP Objective: 2.752250487572399

  Function 84:
    Center: [-0.34243371  0.23014367 -0.55676058 -0.04689958  1.05255027 -0.35026618
 -0.29179389  1.00917052 -0.32330236 -0.37136439 -0.29685953 -0.62871259
 -0.31205521 -0.17492717 -0.19011441  0.31627868  0.82749494 -0.34787592
 -0.64896497 -0.16789311 -0.67441898 -0.11817151 -0.2902092  -0.21299439
 -0.32881467 -0.29923993 -0.22789481 -0.23183016 -0.16673145 -0.22523952
 -0.16053931 -0.14321202 -0.17492026 -0.14521515 -0.19806739  1.02470067
 -0.32345561 -0.05983624 -0.18091134  1.27234729 -0.12090468 -0.17259996
 -0.20599311  0.69271369 -0.29777621 -0.19738748 -0.0713879  -0.11154623
 -0.15845336 -0.2516607  -0.15519768 -0.32991229 -0.30835494 -0.1030484
 -0.09820069 -0.22154647 -0.28912173]
    Weight (w): [-1.47489255e-01 -1.74717896e-01 -1.32221263e-01 -4.41049336e-02
  6.80070012e-02 -5.00656153e-02  8.92421355e-02 -6.29105233e-02
 -1.39746920e-01 -1.04774155e-01 -6.77481428e-02 -7.57780806e-02
 -7.53687246e-02 -6.36194103e-02  3.17600126e-01 -6.78233338e-02
 -1.12617179e-02 -9.84732799e-02 -1.60594384e-01 -8.66460939e-02
 -6.69239657e-02 -1.66760682e-01  4.48064658e-01 -1.17942498e-01
 -1.26483086e-01 -2.01229325e-01 -6.28798260e-01 -2.51312477e-02
  1.56399180e-11 -1.93901328e-03  1.08373013e-11 -1.73545056e-01
 -6.10575609e-02  1.27366076e-11 -3.64564632e-01  3.56059836e-02
 -8.16928192e-02 -6.47188204e-02 -1.91262505e-01 -3.21359713e-01
 -5.61246113e-01 -1.23025351e-01 -2.08549611e-01 -5.77012773e-01
 -4.43702509e-02 -8.78967102e-02 -6.09192960e-02  3.30718022e-01
 -1.62818693e-01 -1.44057695e-01 -1.55477518e-01  1.49209365e-01
  3.74408068e-02  2.60167786e-01 -1.44510928e-01 -9.38208612e-02
 -1.22626009e-01]
    Xi: 0.121590
    Gamma: 1.000000
    QP Objective: 2.47682753503713

  Function 85:
    Center: [-0.34243371 -0.16507191 -0.55676058 -0.04689958 -0.4643144  -0.35026618
 -0.29179389 -0.26256156 -0.32330236 -0.37136439 -0.29685953 -0.62871259
 -0.31205521  5.04665589 -0.19011441 -0.3013776  -0.32113541 -0.34787592
  0.04951336 -0.16789311 -0.67441898 -0.11817151 -0.2902092  -0.21299439
 -0.32881467 -0.29923993 -0.22789481 -0.23183016 -0.16673145 -0.22523952
 -0.16053931 -0.14321202 -0.17492026 -0.14521515 -0.19806739 -0.24213022
 -0.32345561 -0.05983624 -0.18091134 -0.18530385 -0.12090468 -0.17259996
 -0.20599311 -0.12734332 -0.29777621 -0.19738748 -0.0713879  -0.11154623
 -0.15845336 -0.51430655 -0.15519768 -0.02338309 -0.30835494 -0.1030484
 -0.12313292 -0.2523362  -0.43756751]
    Weight (w): [-2.52423451e-01 -1.22220598e-01 -2.47430943e-01 -1.00343160e-01
 -2.22152112e-01 -2.22545741e-01 -1.89568967e-01 -2.55587854e-01
 -2.61300531e-01 -2.29630475e-01 -1.94397456e-01 -2.31921080e-01
 -2.20850799e-01 -8.22856717e-02 -4.67838465e-02 -2.46876679e-01
 -1.35576386e-01 -2.65798857e-01 -1.42445244e-01 -6.94872564e-02
 -1.87352838e-01 -3.13991110e-01  7.67319289e-03 -2.49071872e-01
 -1.86125233e-01 -3.78724761e-01 -3.45284467e-01 -2.71835575e-01
  2.51439992e-10 -2.68383347e-01  4.87417087e-10 -4.28916745e-01
 -1.72550783e-01  9.69743663e-10 -2.93983085e-01  1.21497328e-01
 -2.87939033e-01 -1.23614743e-01 -3.24037403e-01 -3.11654725e-01
 -5.66348351e-01  1.60894406e-01 -2.70455551e-01 -1.62975577e-01
 -2.19003981e-01  2.74511132e-01  1.02767621e-01 -3.18193715e-02
 -2.74203119e-01 -2.49264664e-01 -2.11381612e-01 -1.01388471e-01
  5.83336828e-02  7.84433220e-01 -3.11558480e-01 -1.44482954e-01
 -2.57604537e-01]
    Xi: 0.253159
    Gamma: 1.000000
    QP Objective: 2.566844687648885

  Function 86:
    Center: [ 0.50911966 -0.16507191 -0.04097772 -0.04689958  0.30898916 -0.35026618
 -0.29179389 -0.26256156 -0.32330236  0.03193314 -0.29685953 -0.32695012
 -0.31205521 -0.17492717 -0.19011441  0.01350599 -0.32113541 -0.34787592
 -0.19833379 -0.16789311 -0.24133082 -0.11817151 -0.2902092  -0.21299439
 -0.32881467 -0.29923993 -0.22789481 -0.23183016 -0.16673145 -0.22523952
 -0.16053931 -0.14321202 -0.17492026 -0.14521515 -0.19806739 -0.24213022
  0.90468192 -0.05983624 -0.18091134 -0.18530385 -0.12090468 -0.17259996
 -0.20599311 -0.12734332 -0.29777621 -0.19738748 -0.0713879  -0.11154623
 -0.15845336 -0.51430655 -0.15519768 -0.28331986 -0.30835494 -0.01453127
 -0.11506383 -0.2061516  -0.13407835]
    Weight (w): [-1.66953971e-01 -2.68197051e-01 -1.15981295e-01  1.68190370e-01
 -3.28295911e-02 -2.30393338e-01 -6.47523907e-02 -2.91102119e-01
 -2.45157141e-01 -1.62329415e-01  1.03929228e-02 -1.71011629e-01
 -2.68363770e-01 -2.63118322e-01 -2.25360423e-01 -2.17655284e-01
 -1.31915622e-01 -2.12286321e-01 -1.31371303e-01 -2.73532156e-01
 -2.26104766e-01 -2.02537526e-01  2.95229491e-01 -2.63689172e-01
 -4.03217371e-01 -4.19307734e-01 -6.46264878e-01 -1.99828763e-01
  2.20564974e-11 -2.43104822e-01  3.86525879e-11 -4.36859648e-01
 -3.85395561e-01  9.65402531e-11 -4.87144438e-01 -2.19826680e-01
 -2.64183756e-01 -1.25892991e-01 -4.54043055e-01 -1.94645026e-01
 -5.76836283e-01  9.37906877e-01 -2.97188798e-01 -6.02137309e-01
 -1.47995183e-01  2.02032194e-01 -3.03518558e-01 -3.24086194e-02
 -7.96448321e-02 -2.53417554e-01 -3.04569075e-01  1.78361818e-01
  5.46191136e-01 -2.60202791e-01 -5.76436793e-01  5.51238024e-01
 -8.39952088e-03]
    Xi: 0.259371
    Gamma: 1.000000
    QP Objective: 3.033984682309471

  Function 87:
    Center: [-0.34243371 -0.16507191  0.9112368  -0.04689958 -0.4643144  -0.35026618
 -0.29179389 -0.26256156 -0.32330236  0.77648243 -0.29685953 -0.62871259
  0.91716807  2.03305653 -0.19011441 -0.3013776   0.51218465 -0.34787592
 -0.72782543 -0.16789311 -0.3662601  -0.11817151 -0.2902092  -0.21299439
 -0.32881467 -0.29923993 -0.22789481 -0.23183016 -0.16673145 -0.22523952
 -0.16053931 -0.14321202 -0.17492026 -0.14521515 -0.19806739 -0.24213022
  2.29814566 -0.05983624 -0.18091134 -0.18530385 -0.12090468 -0.17259996
 -0.20599311  0.4676     -0.29777621 -0.19738748 -0.0713879  -0.11154623
 -0.15845336  0.3920066  -0.15519768 -0.32991229 -0.30835494 -0.1030484
 -0.01656418  0.06069279 -0.14397474]
    Weight (w): [-1.18216231e-01  7.05267054e-02 -1.05967365e-01  2.13084438e-01
 -6.90003313e-02 -1.10081770e-01 -2.61332888e-02 -1.20002895e-01
 -9.67313945e-02 -2.06550939e-02 -1.17024451e-01 -1.09129272e-01
 -5.85903470e-02 -1.94703292e-02  1.30701598e-01  9.38287412e-03
 -1.81377764e-03 -1.73699979e-01 -1.33916284e-01 -1.26317450e-01
 -9.53320571e-02 -1.95923616e-01  2.00100266e-01 -1.23041017e-01
 -2.17020516e-01 -3.04404333e-01 -6.52304737e-01 -4.38449442e-03
  2.50446878e-10 -4.54531950e-02  4.60423628e-02 -2.10619031e-01
  4.70881994e-03  3.92794183e-10 -3.87084523e-01 -1.65229307e-01
 -6.75500426e-02 -4.33955331e-02 -6.48133768e-02 -2.08158065e-01
 -5.82227277e-01 -9.09537788e-02 -2.29084529e-01 -6.47419455e-01
 -1.82316054e-01 -8.26415320e-02 -9.93779347e-02  8.99794903e-02
  3.78591510e-01 -1.32146804e-01 -1.31609748e-01  9.53003849e-02
  2.50776447e-01  4.46151934e-01 -1.51987964e-01 -6.42488583e-02
  9.18751150e-03]
    Xi: 0.113409
    Gamma: 1.000000
    QP Objective: 2.4236948106254563

  Function 88:
    Center: [-0.34243371  0.1139038   0.15740031 -0.04689958 -0.4643144   0.96458942
 -0.29179389  1.55776083 -0.32330236  0.18704758  1.48953919  1.06579974
 -0.31205521 -0.17492717 -0.19011441  0.13461507 -0.32113541  4.472629
  0.71419435 -0.16789311 -0.37458872 -0.11817151 -0.2902092   1.43639727
 -0.32881467 -0.29923993 -0.22789481 -0.23183016 -0.16673145 -0.22523952
 -0.16053931 -0.14321202 -0.17492026 -0.14521515 -0.19806739 -0.24213022
 -0.32345561 -0.05983624 -0.18091134 -0.18530385 -0.12090468 -0.17259996
  1.40267616 -0.12734332 -0.29777621 -0.19738748 -0.0713879  -0.11154623
 -0.15845336 -0.51430655 -0.15519768 -0.32991229  0.19193936 -0.1030484
 -0.07367822  0.08121928 -0.20830124]
    Weight (w): [-1.02232116e-01  2.58980280e-01 -7.06650813e-02 -8.28487863e-02
 -6.40604056e-02  8.79622867e-03  1.13688088e-02 -4.30885127e-02
 -5.89484876e-02 -7.25493337e-02 -2.98691496e-02 -5.89440254e-02
 -2.51681175e-02 -3.44009038e-05  4.28436699e-01  9.62419098e-02
  1.30389299e-03 -7.90066530e-02  6.33385860e-02  3.00923343e-02
 -2.19746409e-02 -9.01739495e-02  1.88728060e-01 -5.90520227e-02
 -2.19798779e-01 -9.13900104e-02 -6.58458554e-01 -8.82006257e-02
  2.71262266e-09 -7.71422826e-02  2.29378455e-02 -4.09631830e-01
 -2.17395010e-01  5.59726894e-09 -6.90343960e-04  2.05992412e-01
 -1.08676749e-01  5.60146488e-02 -2.01497348e-01 -2.14055255e-02
 -5.87719986e-01 -1.90712822e-01 -2.55104128e-01 -2.40400949e-01
 -1.59877426e-01  6.20398039e-02 -1.35043862e-01 -3.30200278e-02
 -1.75833418e-01 -9.78696823e-02 -2.06603385e-02  8.11021861e-02
  1.81239786e-01 -1.03932429e-01 -1.20198969e-01 -9.79877260e-03
 -1.37889698e-02]
    Xi: 0.075220
    Gamma: 1.000000
    QP Objective: 2.482263058743122

  Function 89:
    Center: [ 2.11397023 -0.16507191 -0.55676058 -0.04689958 -0.4643144  -0.35026618
  0.65353346 -0.26256156 -0.32330236  0.20255902 -0.29685953 -0.62871259
 -0.31205521 -0.17492717 -0.19011441 -0.3013776   1.36802688 -0.34787592
  1.17609132 -0.16789311  2.14065409 -0.11817151 -0.2902092  -0.21299439
 -0.10741259 -0.29923993 -0.22789481 -0.23183016 -0.16673145 -0.22523952
 -0.16053931 -0.14321202 -0.17492026 -0.14521515 -0.19806739 -0.24213022
 -0.32345561 -0.05983624 -0.18091134 -0.18530385 -0.12090468 -0.17259996
 -0.20599311 -0.12734332 -0.29777621 -0.19738748 -0.0713879  -0.11154623
 -0.15845336 -0.14808205  5.302725   -0.32991229 -0.30835494 -0.1030484
 -0.09665621 -0.20101998 -0.32705787]
    Weight (w): [-2.18155521e-02 -4.19954793e-02 -3.50755548e-02 -4.44303543e-02
 -5.72842545e-03  9.24176204e-02  8.08837125e-03 -1.94967580e-02
 -3.76298232e-02 -2.47227382e-02 -4.33411866e-02 -4.99638024e-02
 -4.14917799e-02  7.60396892e-02  2.56197028e-02 -3.34797106e-02
  1.09874566e-02 -1.31357555e-03 -6.79944217e-04 -3.51877470e-02
  1.38550924e-03 -1.61414712e-02  3.58659782e-01 -1.40392169e-02
 -5.66128946e-01  2.84711545e-01 -2.91461409e-01 -3.42828267e-02
  7.31732791e-09 -5.09838655e-02  2.37413884e-01 -1.57852493e-01
 -9.46272649e-02  1.08295510e-09 -1.14187959e-01 -6.13703348e-02
 -5.05915645e-02  1.28657823e-01 -2.38262157e-02 -8.96781819e-02
 -5.93317320e-01  2.05565175e-01 -7.55542590e-02 -2.10478093e-01
 -4.26534734e-02 -9.78561363e-02 -3.46563708e-02 -3.33345773e-02
  2.13823249e-01 -4.33402719e-02 -2.48245085e-01  9.64464004e-02
  1.98960241e-01 -3.68907508e-02 -1.95900887e-01  4.55623620e-01
 -3.79625189e-02]
    Xi: 0.033030
    Gamma: 1.000000
    QP Objective: 2.351531336445852

  Function 90:
    Center: [-0.34243371 -0.16507191  1.68491109 -0.04689958  0.08592082 -0.35026618
 -0.29179389 -0.26256156 -0.32330236 -0.37136439 -0.29685953 -0.62871259
 -0.31205521 -0.17492717 -0.19011441  0.14672597 -0.32113541  0.34883768
 -0.29972581 -0.16789311 -0.3662601  -0.11817151 -0.2902092  -0.21299439
 -0.32881467 -0.29923993 -0.22789481 -0.23183016 -0.16673145 -0.22523952
 -0.16053931 -0.14321202 -0.17492026 -0.14521515 -0.19806739 -0.24213022
 -0.32345561 -0.05983624 -0.18091134 -0.18530385 -0.12090468 -0.17259996
 -0.20599311 -0.12734332 -0.29777621 -0.19738748 -0.0713879  -0.11154623
 -0.15845336  0.02208286 -0.15519768  0.20467463 -0.30835494 -0.1030484
 -0.10715234  0.01450818 -0.22479522]
    Weight (w): [-3.49394314e-01  1.03666420e+00 -1.26546588e-01  3.39807295e-01
  5.08814618e-02 -1.92525220e-01  5.22798508e-02 -1.93340046e-01
 -3.01295153e-01 -2.21223208e-01 -3.09530673e-01 -2.89769433e-02
 -2.64310253e-01 -1.64452884e-01  4.54825689e-01 -8.73524219e-02
 -2.47350398e-01 -2.56852318e-01 -1.68111936e-01 -2.83430639e-01
  1.08003647e-01 -9.81552488e-02 -1.74493140e-01 -2.71715583e-01
 -1.20313734e-01 -2.27766744e-01 -6.71121220e-01 -2.92507613e-01
  3.75777260e-01 -2.90290240e-01  1.67797580e-11 -4.53661942e-01
  1.83524376e-01  4.99495410e-11 -5.05880762e-01 -3.38723972e-01
 -3.31819646e-01  3.03390305e-01  1.97973641e-01  3.11409767e-02
 -5.99022294e-01  4.36444789e-01  1.08140724e-01 -6.54882769e-01
  1.07290711e+00 -3.31171766e-01 -2.83348418e-01 -3.36551053e-02
 -5.64226372e-01 -2.93074045e-01 -4.71772588e-02  1.75486037e-01
  1.73210030e-01 -3.17684350e-01 -2.68722530e-01 -3.58513448e-01
 -2.03160658e-01]
    Xi: 0.285004
    Gamma: 1.000000
    QP Objective: 3.3571456699712976

  Function 91:
    Center: [-0.34243371 -0.16507191 -0.55676058 -0.04689958 -0.4643144   3.41168178
 -0.29179389  4.89917452 -0.32330236 -0.37136439 -0.29685953 -0.62871259
 -0.31205521 -0.17492717 -0.19011441 -0.3013776  -0.32113541 -0.34787592
 -0.93624235 -0.16789311 -0.67441898 -0.11817151 -0.2902092  -0.21299439
 -0.32881467 -0.29923993 -0.22789481 -0.23183016 -0.16673145 -0.22523952
 -0.16053931 -0.14321202 -0.17492026 -0.14521515 -0.19806739 -0.24213022
 -0.32345561 -0.05983624 -0.18091134 -0.18530385 -0.12090468 -0.17259996
 -0.20599311 -0.12734332 -0.29777621 -0.19738748 -0.0713879  -0.11154623
 -0.15845336  0.01838363  0.50304426 -0.32991229 -0.30835494 -0.1030484
 -0.11563119 -0.21128322 -0.36169522]
    Weight (w): [-2.12899360e-01 -1.85401965e-01 -2.17804681e-01  2.01567726e-01
 -1.26751720e-02  4.95946264e-02 -1.81061235e-01  3.90090875e-02
 -1.78209581e-01 -1.27630366e-01 -1.84914045e-01 -1.55898500e-01
 -1.34181839e-01 -1.57658956e-01 -2.83654904e-01 -1.44422928e-01
 -5.55381740e-02 -1.18151866e-01 -9.62976951e-02 -1.92875261e-01
 -2.44845094e-01  2.74464906e-01  3.17912754e-01 -1.98502017e-01
 -1.08124389e-01 -3.28325708e-01 -5.97277206e-01 -2.37287273e-01
  1.23877272e-11 -5.09215354e-02  7.39206680e-12 -1.35544849e-01
 -1.91961355e-01  1.34888114e-01 -5.20906924e-01 -9.58162873e-02
 -2.97733270e-02 -9.76292343e-02 -1.56070676e-01 -1.58645891e-01
 -6.16815036e-01 -2.00154064e-01 -3.36215527e-01 -5.77430042e-01
 -2.10422303e-01 -1.69177221e-01 -2.17516787e-01 -3.46547622e-02
 -3.17776688e-01 -1.30455292e-01 -2.74567032e-01 -6.18178479e-02
  2.60215753e-01 -2.43522095e-01 -2.74357213e-01 -9.92967486e-02
 -2.03292591e-01]
    Xi: 0.211446
    Gamma: 1.000000
    QP Objective: 2.7463098792014615

  Function 92:
    Center: [ 5.74623763e-01 -1.65071912e-01 -1.30211178e-03 -4.68995838e-02
 -4.64314403e-01 -3.50266176e-01 -2.91793886e-01 -2.62561558e-01
 -3.23302359e-01 -3.71364386e-01 -2.96859527e-01 -3.03737626e-01
  6.18167810e-01 -1.74927167e-01 -1.90114405e-01  3.77278064e-02
 -3.21135414e-01  1.79366806e-01  1.73436934e-01 -1.67893113e-01
 -6.74418985e-01 -1.18171509e-01 -2.90209203e-01  4.19648986e-01
 -3.28814669e-01 -2.99239934e-01 -2.27894812e-01 -2.31830156e-01
 -1.66731450e-01 -2.25239518e-01 -1.60539307e-01 -1.43212021e-01
 -1.74920257e-01 -1.45215148e-01 -1.98067390e-01 -2.42130222e-01
 -3.23455613e-01 -5.98362369e-02 -1.80911344e-01 -1.85303849e-01
 -1.20904684e-01 -1.72599962e-01 -2.05993114e-01 -1.27343320e-01
 -2.97776209e-01  1.09960312e-01 -7.13879045e-02 -1.11546231e-01
 -1.58453362e-01 -1.33285105e-01 -1.55197675e-01  5.86688201e+00
 -3.08354941e-01 -1.03048405e-01 -1.19413574e-01 -1.75361861e-01
 -3.35304859e-01]
    Weight (w): [-6.34105274e-02  2.31708495e-01 -9.28409724e-02  2.30108300e-01
 -1.06205786e-01 -5.14603807e-02 -5.14496648e-02 -8.13309337e-02
 -2.04656768e-01 -1.17248167e-01 -1.33276225e-01 -2.06090636e-01
 -1.05667677e-01  6.30108830e-01  1.44585773e-01 -5.84245966e-02
 -1.16134081e-01 -1.41042298e-01  7.53843590e-02 -6.60037285e-02
 -4.95266103e-02 -9.42877840e-02  1.01592391e-01 -6.94624472e-02
 -3.19066865e-01 -2.93916940e-01 -3.96897358e-01  4.47318757e-01
  6.31258549e-02 -1.42742958e-01  4.41712055e-10 -4.71808418e-01
 -4.06557002e-01  6.80306067e-01  1.63141576e-01 -1.16949360e-01
 -8.48298033e-02  1.99702091e-01  1.09036930e-01  6.78852394e-02
 -6.22983186e-01 -5.15543973e-02  4.05408186e-01 -3.85794244e-01
 -2.13974422e-01 -1.53599746e+00 -1.84076479e-01  2.43158736e-01
 -1.76181364e-01 -1.22915468e-01 -1.19797248e-01 -4.06348746e-02
  1.09503367e-01 -1.19196171e-01 -1.55258123e-01 -1.36962888e-02
 -1.08588141e-01]
    Xi: 0.115927
    Gamma: 1.000000
    QP Objective: 2.5648551691788466

  Function 93:
    Center: [-0.30968165 -0.16507191 -0.49724717 -0.04689958  0.02643593 -0.24069488
 -0.29179389 -0.26256156  0.50229671 -0.35585294 -0.29685953 -0.52425635
 -0.31205521 -0.17492717 -0.19011441 -0.14393581 -0.32113541 -0.32904582
 -0.89681213 -0.16789311 -0.63277589 -0.11817151 -0.2902092  -0.21299439
 -0.01167115  0.32092633 -0.22492474 -0.23183016 -0.16673145 -0.22523952
 -0.16053931 -0.14321202  0.67063649 -0.14521515 -0.17927753 -0.2172904
  0.73935572 -0.01451083 -0.18091134 -0.18530385 -0.12090468 -0.17259996
 -0.16130786 -0.12734332 -0.29777621 -0.19738748  0.58421239 -0.11154623
  0.66308788 -0.04450341  0.42990626 -0.32991229 -0.28801777 -0.1030484
 -0.08203099 -0.0727294   3.4071783 ]
    Weight (w): [-1.48291328e-01 -2.58224590e-02 -1.10791953e-01 -1.23094766e-01
 -9.76443820e-02 -8.82743524e-02 -1.32472616e-01 -2.87588069e-02
 -7.95207888e-02 -1.27690269e-01 -1.26040640e-01 -9.25470419e-02
 -1.27525832e-01  2.96046634e-02 -1.12063635e-01 -1.43312934e-01
 -8.51280962e-02 -1.61799216e-01 -1.72589640e-01 -1.33600691e-01
 -1.64830285e-01 -1.38123415e-01  4.40933706e-01 -1.30906940e-01
  1.33490884e-02 -1.32554503e-01 -7.33822030e-01 -1.51564463e-01
  4.36515934e-01 -1.51100360e-01  1.59955143e-10 -2.70683183e-01
 -2.57612363e-01  5.12482595e-02 -3.04216553e-01 -2.30625781e-01
 -7.54893262e-02  2.70228600e-01  1.87127682e-01  5.68787097e-02
 -6.29275945e-01  5.55505576e-01 -4.49712860e-02 -2.98841751e-01
 -1.74155742e-01 -3.21030124e-01 -1.85551318e-01 -3.53548576e-02
 -1.36246848e-01 -1.43510945e-01 -1.11971667e-01 -1.47457080e-01
  1.18984484e-02  6.20712440e-02 -2.74388639e-01  2.99292184e-01
 -1.16573715e-03]
    Xi: 0.135191
    Gamma: 1.000000
    QP Objective: 2.3684971166182116

  Function 94:
    Center: [-0.34243371  0.1758984   0.31610273 -0.04689958  0.19001938 -0.35026618
  0.27029264 -0.26256156 -0.32330236  3.39791637  5.16158098 -0.11803764
 -0.31205521 -0.17492717 -0.19011441 -0.3013776  -0.32113541  2.57078917
  0.6860299  -0.16789311  1.16620572 -0.11817151 -0.2902092  -0.21299439
 -0.32881467 -0.29923993 -0.16255331 -0.23183016 -0.16673145 -0.22523952
 -0.16053931 -0.14321202 -0.17492026 -0.14521515 -0.19806739 -0.24213022
 -0.32345561 -0.05983624 -0.18091134  0.44348684 -0.12090468 -0.17259996
 -0.20599311 -0.12734332 -0.29777621 -0.19738748 -0.0713879  -0.11154623
 -0.15845336 -0.38113401 -0.15519768 -0.24040577  0.28549033 -0.01919007
 -0.08250378 -0.15483537 -0.0977916 ]
    Weight (w): [-1.53701146e-01  3.16851879e-01 -8.05254332e-02  3.17060465e-01
 -1.09456736e-02 -4.66670481e-02  5.69966690e-02  1.70122012e-02
 -8.49390924e-02 -9.28760275e-02  1.32562510e-04 -4.35473612e-03
 -1.68084892e-02 -9.89126562e-02  2.36913302e-01 -2.46001213e-02
  8.27007187e-02 -9.44556150e-02  6.67660553e-02 -4.65089317e-02
 -5.55856001e-02 -1.14124481e-01  1.72311594e-01 -7.98803674e-02
 -9.99239179e-02 -8.22324893e-02 -1.15932911e+00 -1.06701021e-01
  4.49237613e-10 -1.04371980e-01  9.24818063e-02 -4.18236733e-01
 -1.46245973e-01  6.49046296e-10  9.64399557e-02 -2.06897684e-01
 -3.96460196e-02 -2.23930832e-02 -7.68365862e-02 -1.69076510e-01
 -6.48940819e-01  8.55587255e-02 -1.34435809e-01 -3.47933154e-01
 -1.92132395e-01 -2.11675751e-01  2.46115102e-09  2.10145111e-09
  6.58293072e-02 -1.17443970e-01 -4.42224240e-02  1.28408492e-01
  4.53027355e-02 -1.18999846e-02 -1.92172843e-01  2.09897813e-01
 -9.31363255e-02]
    Xi: 0.087532
    Gamma: 1.000000
    QP Objective: 2.4926759901695994

  Function 95:
    Center: [ 1.98296202 -0.16507191 -0.55676058 -0.04689958 -0.4643144  -0.35026618
 -0.29179389 -0.26256156 -0.32330236 -0.37136439 -0.29685953 -0.62871259
 -0.31205521 -0.17492717 -0.19011441 -0.3013776  -0.32113541 -0.34787592
 -0.13073911 -0.16789311 -0.08308707 -0.11817151 -0.2902092  -0.21299439
 -0.32881467 -0.29923993 -0.22789481 -0.23183016 -0.16673145 -0.22523952
 -0.16053931 -0.14321202 -0.17492026 -0.14521515 -0.19806739 -0.24213022
 -0.32345561 -0.05983624 -0.18091134 -0.18530385 -0.12090468 -0.17259996
 -0.20599311 -0.12734332 -0.29777621 -0.19738748 -0.0713879  -0.11154623
 -0.15845336 -0.51430655 -0.15519768 -0.32991229 -0.30835494 -0.1030484
 -0.067784   -0.13430888 -0.34685064]
    Weight (w): [-1.61902376e-01 -3.53254392e-01 -3.94315709e-01  4.62927529e-01
 -1.26653480e-01 -3.04936828e-01 -1.80182464e-01 -3.80456838e-01
 -3.87346516e-01 -3.89893130e-01 -3.59296234e-01 -4.08884640e-02
 -3.12676989e-01 -2.93408923e-01  1.22557153e-01 -3.67946208e-01
 -1.78552750e-01 -3.60879754e-01 -6.59740468e-02 -3.64779795e-01
 -1.60348346e-01  1.91383555e-01 -3.29276818e-01 -1.95388324e-01
 -2.72165552e-01 -4.23909085e-01 -6.15660019e-01 -3.83097040e-01
  8.26550103e-10 -4.02185749e-01  5.85318113e-10 -4.96640441e-01
 -2.01754452e-01  9.29475378e-10  1.10076385e-02 -1.51616906e-01
 -3.26236975e-01 -4.77109432e-02  7.47894573e-02 -4.25826468e-01
 -6.55771775e-01  1.31562551e-01 -4.35415936e-01 -7.96786730e-01
 -7.03669822e-01 -1.04168369e-01  2.21830040e-09  1.09534585e-09
  1.78897281e-01 -3.83947417e-01 -5.31752713e-01  2.22294036e-01
  1.28504743e-01 -2.63707338e-01 -4.85078844e-01 -1.09849086e-01
 -3.59403423e-01]
    Xi: 0.383719
    Gamma: 1.000000
    QP Objective: 3.0266284790099367

  Function 96:
    Center: [-0.34243371  0.00541324 -0.12032893 -0.04689958  0.2048906  -0.35026618
  0.27029264 -0.26256156 -0.32330236  2.45171832 -0.29685953  0.16051233
 -0.31205521 -0.17492717 -0.19011441  0.52216411  0.17435219 -0.34787592
  0.21850005  0.71495927  0.64983137 -0.11817151 -0.2902092  -0.21299439
 -0.32881467 -0.29923993 -0.16255331 -0.23183016 -0.16673145 -0.22523952
 -0.16053931 -0.14321202 -0.17492026 -0.14521515 -0.19806739 -0.24213022
  1.82578507 -0.05983624 -0.18091134 -0.18530385 -0.12090468 -0.17259996
 -0.20599311 -0.12734332 -0.29777621 -0.19738748 -0.0713879  -0.11154623
 -0.15845336 -0.14068358 -0.15519768 -0.16438653 -0.03583691 -0.1030484
 -0.08483626 -0.12917726 -0.12088317]
    Weight (w): [-2.76421152e-02  2.37414942e-01 -7.77183930e-02 -8.36320336e-02
  2.83253134e-02 -5.44905859e-02  2.03673936e-02 -7.25733333e-02
 -8.02949294e-02 -3.81367478e-02 -4.78422442e-02 -8.55414794e-02
 -9.31682549e-02  5.24695518e-02  6.39075234e-02 -4.01022148e-02
 -6.07069881e-02 -2.00573635e-01 -4.71508875e-03 -1.00391755e-01
 -7.20277816e-02 -1.72606934e-01  2.83679731e-03 -9.87254187e-02
 -1.29702790e-01 -1.23133637e-01 -1.72203532e+00 -1.49393977e-01
  2.78076515e-11 -1.47054015e-01  4.16990099e-11 -3.06263868e-01
  3.89149371e-02  5.13769442e-11 -3.63755636e-01 -2.50823646e-01
 -1.20432546e-01 -5.03615638e-02 -1.66881410e-01  4.37427957e-01
 -6.92203540e-01  3.74641739e-01 -1.88007883e-01 -3.75500675e-01
 -9.19112682e-02 -1.21680436e-01  1.19042343e-10  4.76097947e-11
 -1.07176334e-01 -1.50217731e-01 -2.47236222e-03  1.67145418e-01
  2.82695786e-02  2.27417249e-01 -2.89853947e-01  2.68017527e-01
 -6.80028123e-02]
    Xi: 0.130068
    Gamma: 1.000000
    QP Objective: 2.702042061860859

  Function 97:
    Center: [-0.34243371 -0.16507191 -0.55676058 -0.04689958 -0.4643144  -0.35026618
 -0.29179389 -0.26256156 -0.32330236 -0.37136439 -0.29685953 -0.62871259
 -0.31205521 -0.17492717 -0.19011441  1.21248583 -0.32113541  2.00588625
  0.47198009 -0.16789311  0.36665834 -0.11817151 -0.2902092  -0.21299439
 -0.32881467 -0.29923993 -0.22789481 -0.23183016 -0.16673145 -0.22523952
 -0.16053931 -0.14321202 -0.17492026 -0.14521515 -0.19806739 -0.24213022
 -0.32345561 -0.05983624 -0.18091134 -0.18530385 -0.12090468 -0.17259996
 -0.20599311 -0.12734332 -0.29777621 -0.19738748 -0.0713879  -0.11154623
 -0.15845336 -0.51430655 -0.15519768 -0.32991229 -0.30835494 -0.1030484
 -0.03200892  0.01450818 -0.35014944]
    Weight (w): [-2.18062497e-01  1.23697003e+00 -2.23517477e-01 -8.45716847e-02
 -4.32781771e-03 -1.68704473e-01  1.15512474e-01 -1.42404264e-02
 -2.97917308e-01 -2.92963785e-01 -3.22770823e-02 -9.07581129e-02
 -2.91641851e-01 -2.43095270e-01  1.87746462e-01 -1.16331224e-01
 -1.17444098e-01 -1.64473288e-01 -1.74509948e-01 -2.03553265e-01
  4.26403647e-02 -2.55148840e-01 -1.04369577e-01 -1.72312605e-01
 -1.09868795e-01 -1.17014376e-01 -6.32390962e-01 -2.45525471e-01
  2.34407567e-07 -3.42754907e-01  1.24275998e-09 -5.30121820e-01
  7.25213173e-02  4.00673498e-09 -5.80585458e-01 -5.04871735e-01
 -2.93784392e-01 -5.09267796e-02 -2.28203366e-01 -5.33443243e-03
 -6.99981107e-01 -2.27140556e-01 -2.65171823e-01 -3.88690401e-01
 -2.14616011e-01 -2.72911408e-01  9.41389320e-09  4.97875136e-09
 -1.94945708e-01 -2.90274210e-01  5.66802526e-02  5.70496976e-01
  1.18431956e-01 -2.75521264e-01 -3.49723407e-01 -1.32568816e-01
 -2.45843257e-01]
    Xi: 0.243117
    Gamma: 1.000000
    QP Objective: 3.038076837448318

  Function 98:
    Center: [-0.34243371 -0.16507191 -0.55676058 -0.04689958 -0.4643144   1.47592215
 -0.29179389 -0.26256156 -0.32330236 -0.37136439 -0.29685953 -0.62871259
 -0.31205521 -0.17492717 -0.19011441 -0.3013776  -0.32113541  0.59362895
  0.1903356  -0.16789311 -0.25798806 -0.11817151 -0.2902092  -0.21299439
 -0.32881467 -0.29923993 -0.22789481 -0.23183016 -0.16673145 -0.22523952
 -0.16053931 -0.14321202 -0.17492026 -0.14521515 -0.19806739 -0.24213022
 -0.32345561 -0.05983624 -0.18091134 -0.18530385 -0.12090468 -0.17259996
 -0.20599311 -0.12734332 -0.29777621 -0.19738748 -0.0713879  -0.11154623
 -0.15845336 -0.51430655 -0.15519768  0.00236536 -0.30835494 -0.1030484
 -0.13031946 -0.25746783 -0.40622896]
    Weight (w): [-4.22596704e-01  2.15024873e-01 -3.42848134e-01 -8.75218796e-02
 -1.24640419e-01 -1.15945083e-01  1.34072925e-01 -2.85031642e-01
 -4.23228067e-01 -4.51022746e-01 -2.68499044e-01 -2.27632241e-01
 -1.97043905e-01 -2.67995061e-01 -5.01554313e-01 -3.38088680e-01
 -1.45618156e-01 -1.68686160e-01 -1.97505651e-01 -3.56122019e-01
 -9.46295884e-02 -3.12919038e-01  1.62123642e-01 -3.15957234e-01
 -4.72953322e-01 -6.10013502e-01 -6.54451107e-01 -4.29478600e-01
  1.14954750e-09 -1.63565187e-01  1.21253963e-09 -5.48614441e-01
 -1.19701910e-01  2.43208267e-09 -5.11526869e-01 -5.06996028e-01
 -4.37340508e-01 -5.27039487e-02 -2.69054473e-01 -2.00046551e-01
 -7.24399053e-01  5.64669361e-01 -3.94999071e-01 -6.82445978e-01
 -3.58501084e-01 -6.93081634e-01  4.54379696e-09  2.44322443e-09
 -1.57328808e-01 -3.58030042e-01  5.76561868e-01 -1.91718449e-01
 -1.34497397e-01 -4.23458920e-01 -6.72612265e-01  3.93230686e-01
 -2.73385378e-01]
    Xi: 0.382151
    Gamma: 1.000000
    QP Objective: 3.2308165005069074

  Function 99:
    Center: [ 2.24497844 -0.16507191  1.01042581 -0.04689958  0.71051216 -0.35026618
 -0.29179389 -0.26256156 -0.32330236 -0.37136439 -0.29685953  0.28818107
 -0.31205521 -0.17492717 -0.19011441 -0.3013776  -0.32113541 -0.34787592
 -0.49124406 -0.16789311 -0.67441898 -0.11817151 -0.2902092  -0.21299439
 -0.32881467 -0.29923993 -0.22789481 -0.23183016 -0.16673145 -0.22523952
 -0.16053931 -0.14321202 -0.17492026 -0.14521515 -0.19806739 -0.24213022
 -0.32345561 -0.05983624 -0.18091134 -0.18530385 -0.12090468 -0.17259996
 -0.20599311 -0.12734332 -0.29777621 -0.19738748 -0.0713879  -0.11154623
 -0.15845336 -0.51430655 -0.15519768 -0.32991229 -0.30835494  0.23937313
 -0.12688379 -0.24720458 -0.39798197]
    Weight (w): [-1.20188980e-01 -1.70541303e-01 -1.42009957e-01  1.36912977e+00
  5.94721665e-02 -1.21026355e-01 -1.52432135e-01 -2.44981408e-01
 -2.96338010e-01 -2.04688851e-01 -1.68564504e-01 -2.08981027e-01
 -1.86791113e-01 -2.37275435e-01  1.58149414e-01 -1.80588987e-01
 -8.70328270e-02 -2.07285041e-01 -6.27340604e-02 -1.90713281e-01
 -1.55415272e-01  6.73393150e-02  9.19802030e-02 -1.49457623e-01
 -2.59275201e-01 -2.07733700e-01 -6.62150538e-01 -2.34379359e-01
  1.02109395e-01 -2.60103219e-01  2.20135943e-11 -3.44784392e-01
 -1.27310688e-01  5.76952393e-11 -2.51280878e-01 -2.24276438e-01
  2.28835457e-02 -5.33240083e-02 -2.67979977e-01 -1.85095661e-01
 -7.32921395e-01  2.48308817e-01 -2.26459345e-01  6.69683355e-02
 -2.65731188e-01 -2.49754525e-01  1.71027076e-10  2.05509132e-01
 -5.40589482e-01 -2.50296361e-01  5.32976324e-02  1.33594514e-01
  2.89276316e-01 -2.48011118e-01 -6.27176131e-01  1.04560070e+00
 -2.15645740e-01]
    Xi: 0.220218
    Gamma: 1.000000
    QP Objective: 2.8935092749789093

  Function 100:
    Center: [-0.34243371 -0.16507191 -0.55676058 -0.04689958  8.83019954 -0.35026618
 -0.29179389 -0.26256156 -0.32330236 -0.37136439 -0.29685953 -0.62871259
 -0.31205521 -0.17492717 -0.19011441 -0.3013776  -0.32113541 -0.34787592
 -0.93624235 -0.16789311 -0.67441898 -0.11817151 -0.2902092  -0.21299439
 -0.32881467 -0.29923993 -0.22789481 -0.23183016 -0.16673145 -0.22523952
 -0.16053931 -0.14321202 -0.17492026 -0.14521515 -0.19806739 -0.24213022
 -0.32345561 -0.05983624 -0.18091134 -0.18530385 -0.12090468 -0.17259996
 -0.20599311 -0.12734332 -0.29777621 -0.19738748 -0.0713879  -0.11154623
 -0.15845336 -0.51430655 -0.15519768 -0.32991229 -0.30835494 -0.1030484
 -0.11635614 -0.25746783 -0.46230847]
    Weight (w): [-1.92851158e-01 -4.23004467e-02 -2.13916922e-01 -9.06853382e-02
 -3.25956064e-02 -2.47927094e-01 -2.59589500e-02  6.39807566e-02
 -2.61896047e-01 -2.34774860e-01 -1.58711634e-01 -2.85479030e-01
 -2.43641633e-01 -2.14019516e-01 -2.19691582e-01  3.85939801e-02
 -1.06756729e-01 -1.90956856e-01  3.20199224e-02 -2.01978693e-01
 -1.61101067e-01 -2.14752670e-01 -1.89558466e-01 -2.35697019e-01
 -2.13309496e-01 -2.70713768e-01 -6.78105973e-01 -2.00209279e-01
  6.15645588e-12 -2.64223966e-01  5.09023078e-12 -4.93240717e-01
  4.67809901e-01  1.13827821e-01 -2.40158047e-01 -1.91146669e-01
 -1.55412755e-01 -5.46089248e-02 -1.77771020e-01 -1.71606213e-01
 -7.50582152e-01 -2.43560969e-01 -3.91053295e-01 -5.80717313e-02
 -4.35116569e-01 -1.32767572e-01  2.20644018e-11  1.49096808e-11
 -2.23774375e-01 -2.46531199e-01 -2.73197929e-01 -1.53793805e-01
 -6.42379426e-02 -2.33910416e-01 -2.29206581e-01 -1.05317633e-01
 -2.20846863e-01]
    Xi: 0.205495
    Gamma: 1.000000
    QP Objective: 2.8118733731617485

  Function 101:
    Center: [-3.42433707e-01 -1.65071912e-01 -5.56760578e-01 -4.68995838e-02
 -4.64314403e-01  2.49858762e+00 -2.91793886e-01 -2.62561558e-01
 -3.23302359e-01 -3.71364386e-01 -2.96859527e-01 -6.28712594e-01
 -3.12055206e-01 -1.74927167e-01 -1.90114405e-01 -3.01377603e-01
 -3.21135414e-01  1.12087167e+00 -9.36242354e-01 -1.67893113e-01
 -2.47867364e-02 -1.18171509e-01 -2.90209203e-01 -2.12994388e-01
 -3.28814669e-01 -2.99239934e-01 -2.27894812e-01 -2.31830156e-01
 -1.66731450e-01 -2.25239518e-01 -1.60539307e-01 -1.43212021e-01
 -1.74920257e-01 -1.45215148e-01 -1.98067390e-01 -2.42130222e-01
 -3.23455613e-01 -5.98362369e-02 -1.80911344e-01 -1.85303849e-01
 -1.20904684e-01 -1.72599962e-01 -2.05993114e-01 -1.27343320e-01
 -2.97776209e-01 -1.97387481e-01 -7.13879045e-02 -1.11546231e-01
 -1.58453362e-01  1.90065688e+01 -1.55197675e-01 -7.44357628e-03
 -3.08354941e-01 -1.03048405e-01 -1.30634654e-01 -2.57467826e-01
 -4.30969919e-01]
    Weight (w): [ 9.46687846e-03  5.19196589e-02 -8.46544310e-03  2.72464186e-02
  2.12812531e-02 -1.59258930e-03  2.18719852e-02 -7.09791874e-04
 -8.54901830e-03  1.71971839e-03 -1.00964506e-02 -9.09000807e-03
  7.77295923e-04  4.68253723e-02  2.21550740e-02  2.35796174e-02
  1.16924092e-02 -4.15654554e-03  4.69092849e-04  8.83360377e-03
 -6.78874628e-03  3.51984051e-02  4.35206817e-02 -2.33466851e-03
 -9.72231694e-02  1.80940584e-02 -1.42250403e-01  4.64265943e-02
  4.84582280e-02 -3.91299282e-03  8.32953943e-09 -2.75366865e-02
  2.16561262e-02  4.49284963e-02 -6.06248394e-02 -1.33198244e-02
  1.94616214e-02  7.36466853e-02  1.33327438e-01  1.24495846e-01
 -7.78728982e-01  1.04171404e-01  6.98912194e-03 -8.50504075e-02
  3.61859871e-03 -4.04875229e-02  8.35473378e-08  2.14670090e-08
  4.12603719e-02 -1.05754098e-01  1.18114417e-02  5.15209091e-02
  3.34321465e-02  3.60307690e-02 -2.60545755e-02  6.44576403e-02
 -2.31761836e-03]
    Xi: 0.000000
    Gamma: 1.000000
    QP Objective: 2.169365670656685

  Function 102:
    Center: [-0.34243371 -0.16507191  8.05284565 -0.04689958 -0.4643144  -0.35026618
 -0.29179389 -0.26256156 -0.32330236 -0.37136439 -0.29685953 -0.62871259
 -0.31205521 -0.17492717 -0.19011441 -0.3013776  -0.32113541 -0.34787592
 -0.93624235 -0.16789311 -0.67441898 -0.11817151 -0.2902092  -0.21299439
 -0.32881467 -0.29923993 -0.22789481 -0.23183016 -0.16673145 -0.22523952
 -0.16053931 -0.14321202 -0.17492026 -0.14521515 -0.19806739 -0.24213022
 -0.32345561 -0.05983624 -0.18091134 -0.18530385 -0.12090468 -0.17259996
 -0.20599311 -0.12734332 -0.29777621 -0.19738748 -0.0713879  -0.11154623
 -0.15845336 -0.51430655 -0.15519768  1.31553645 -0.30835494 -0.1030484
 -0.12581211 -0.25746783 -0.4474639 ]
    Weight (w): [-1.19295237e-02  1.55428594e-01 -2.53262910e-01  9.72365989e-01
  9.32497358e-02 -4.39464621e-02  1.05457601e-01  1.06192202e-01
 -2.20875383e-02 -2.32741696e-02  2.00339916e-02  3.19009475e-02
  5.23467408e-02  2.61492832e-02  1.77403766e-01  2.05495873e-01
  7.23403649e-02  1.21866865e-01  4.58793897e-02 -2.49748545e-03
  6.79628594e-02  7.73017250e-04  1.91083139e-01 -1.45714115e-02
 -5.18749140e-03  8.48892814e-02 -5.86837593e-01  3.01520721e-03
  6.60507370e-02 -2.65920670e-02  3.65322628e-02  9.01419129e-02
  3.50317043e-01  9.75531669e-04 -3.16602971e-01 -1.27851972e-01
 -2.81787282e-02  1.20235490e-01  5.73206727e-01  1.24367508e-01
 -7.88586311e-01 -9.40550875e-02  1.08949628e-02 -2.17511900e-01
  2.01161106e-01 -5.65945680e-02  6.40447861e-10  1.85033226e-02
  5.07743827e-02 -2.04193300e-02 -1.12084473e-02  5.55965980e-02
  2.70215507e-01 -2.76642153e-02 -1.91052081e-02  1.34566798e-01
 -3.40064655e-03]
    Xi: 0.000000
    Gamma: 1.000000
    QP Objective: 2.7016727733818

  Function 103:
    Center: [ 0.47636761 -0.16507191  0.43512954 -0.04689958 -0.09253385 -0.35026618
 -0.29179389 -0.26256156 -0.32330236 -0.37136439 -0.29685953 -0.04840015
 -0.31205521 -0.17492717 -0.19011441 -0.3013776  -0.32113541  1.06438138
  2.60121243 -0.16789311 -0.04977259 -0.11817151 -0.2902092  -0.21299439
 -0.32881467 -0.29923993 -0.22789481 -0.23183016 -0.16673145 -0.22523952
 -0.16053931 -0.14321202 -0.17492026 -0.14521515 -0.19806739 -0.24213022
 -0.32345561 -0.05983624 -0.18091134 -0.18530385 -0.12090468 -0.17259996
 -0.20599311 -0.12734332  0.1965014   0.07703019 -0.0713879  -0.11154623
  0.03871654 -0.51430655 -0.15519768 -0.32991229 -0.30835494 -0.1030484
 -0.13211609 -0.26259945 -0.39798197]
    Weight (w): [-6.26934664e-02  4.69328476e-01 -1.06952290e-01  8.18300424e-03
 -6.66654859e-02  1.39944199e-04 -1.19397691e-01 -9.62580725e-02
 -2.14377389e-01 -2.16345767e-01 -1.34156633e-01  2.18390879e-02
 -1.82259001e-01  6.06620951e-01  1.04920081e-01 -1.93659451e-01
 -1.27735404e-01 -1.41223973e-01 -8.84098759e-02 -1.94858822e-01
 -1.10766696e-01 -1.84374344e-01 -1.32107329e-01 -1.29022161e-01
 -2.07987398e-01 -2.54670010e-01 -5.04130027e-01  5.63798292e-01
  6.64933242e-04 -2.72979157e-01  2.10383781e-10 -6.20800553e-01
  8.96352238e-02  9.65879976e-04  3.21260232e-01 -3.72892850e-01
 -1.91558293e-01 -5.78505694e-02 -4.22539787e-02 -1.85086025e-01
 -8.19714718e-01 -1.16560278e-01  1.13769467e-01 -5.68499430e-01
 -2.02196275e-01 -1.86529866e+00  1.81182932e-09  5.01112568e-01
 -3.52955101e-01 -2.85013847e-01 -2.11143000e-02 -6.40153353e-02
  1.00791419e-04 -1.76253724e-01 -2.78471102e-01  1.15828214e-01
 -1.81072741e-01]
    Xi: 0.166752
    Gamma: 1.000000
    QP Objective: 2.6925597721682237

  Function 104:
    Center: [-0.34243371 -0.16507191  0.45496734 -0.04689958 -0.21150362 -0.35026618
 -0.29179389 -0.26256156 -0.32330236 -0.37136439 -0.29685953 -0.23410013
 -0.31205521 -0.17492717 -0.19011441 -0.3013776  -0.32113541 -0.34787592
  0.60153656 -0.16789311 -0.67441898 -0.11817151 -0.2902092  -0.21299439
 -0.32881467 -0.29923993 -0.22789481 -0.23183016 -0.16673145 -0.22523952
 -0.16053931 -0.14321202 -0.17492026 -0.14521515 -0.19806739 -0.24213022
 -0.32345561 -0.05983624 -0.18091134 -0.18530385 -0.12090468 -0.17259996
 -0.20599311 -0.12734332 -0.29777621 -0.19738748 -0.0713879  -0.11154623
 -0.15845336 -0.27755536 -0.15519768 -0.25144082 -0.30835494 -0.1030484
 -0.05057414  0.01450818 -0.09449281]
    Weight (w): [ 1.57505576e-01  5.52628517e-01 -2.29870498e-01  4.69653482e-01
 -6.81602514e-02  3.64833328e-02 -1.06595402e-01 -3.52457123e-01
 -3.10950545e-01 -2.60725424e-01 -1.38090648e-01 -2.34741591e-01
 -1.91283010e-01  8.28577866e-03 -3.51584995e-02 -1.92264935e-01
 -4.04445590e-01 -2.38435040e-01 -2.93240643e-01 -2.34054137e-01
  5.01940388e-03  1.35327797e-01 -1.71847190e-01 -3.69846573e-01
 -6.28706109e-01 -5.36861886e-01 -5.24847699e-01 -2.45040676e-01
  2.02231106e-10 -4.53189389e-01  6.37855899e-11 -6.46312904e-01
  2.14718387e-01  1.62096418e-09 -2.87609248e-01 -2.42140691e-01
 -3.99972693e-01 -6.20895979e-02 -3.09689949e-01 -1.14803263e-01
 -3.79289611e-01  4.36422168e-01 -4.11986979e-01 -2.83202790e-01
 -1.70532497e-01  9.83247821e-02  3.99661295e-10  6.71571618e-10
 -1.77321328e-01 -6.63207344e-01 -4.58040737e-01  2.21812765e-01
 -1.13109450e-01 -4.29821444e-01 -4.52472774e-01 -2.82574773e-01
 -1.54678558e-01]
    Xi: 0.367776
    Gamma: 1.000000
    QP Objective: 3.3145450684227726

  Function 105:
    Center: [-0.34243371 -0.16507191 -0.55676058 -0.04689958 -0.4643144  -0.35026618
 -0.29179389 -0.26256156 -0.32330236  0.51278789 -0.29685953 -0.62871259
 -0.31205521 -0.17492717 -0.19011441  0.38894412 -0.32113541 -0.34787592
  0.68039701 -0.16789311  2.67368568 -0.11817151 -0.2902092  -0.21299439
 -0.32881467 -0.29923993 -0.22789481 -0.23183016 -0.16673145 -0.22523952
 -0.16053931 -0.14321202 -0.17492026 -0.14521515 -0.19806739 -0.24213022
 -0.32345561 -0.05983624 -0.18091134 -0.18530385 -0.12090468 -0.17259996
 -0.20599311 -0.12734332  0.82917674 -0.19738748 -0.0713879  -0.11154623
 -0.15845336  2.5930528  -0.15519768 -0.32991229 -0.30835494  0.07398586
 -0.05070022 -0.10865076 -0.25448438]
    Weight (w): [-7.42792133e-02 -1.96947317e-02 -8.05756360e-02  4.55058711e-01
  6.79842453e-02 -1.12045553e-02  6.34932657e-03 -6.44264436e-02
 -7.82365762e-02 -7.41653226e-02 -7.12893497e-02 -8.50071204e-02
 -5.39154430e-02 -4.89459554e-02 -6.17774167e-02  1.73544137e-02
  1.51072619e-01 -4.82004659e-02 -7.31140459e-02 -6.92548360e-02
 -2.34574218e-02  6.29112546e-02 -1.54755956e-02 -5.80527428e-02
 -2.63270064e-02  1.30489047e-01 -5.32137251e-01  9.98983532e-02
  2.24912593e-10 -9.50872268e-02  5.03196923e-10 -1.06150177e-01
 -2.11620678e-02  6.56011085e-01 -1.74320985e-01 -1.05108403e-01
  4.55934348e-02  6.07142966e-03  5.31863941e-01  1.95164480e-01
 -3.84557522e-01  9.40767427e-01  7.96140860e-02 -4.93602094e-01
 -1.45321417e-01 -6.81861249e-02  2.51443107e-09  7.62497997e-10
  6.98055084e-03 -4.29125415e-01  9.37995839e-02  1.15440979e-01
  1.23506938e-01 -7.74422471e-02 -1.67390108e-01  1.66184997e-01
 -8.18955321e-02]
    Xi: 0.067573
    Gamma: 1.000000
    QP Objective: 2.511211333281443

  Function 106:
    Center: [ 0.4108635   0.01316257 -0.55676058 -0.04689958 -0.12227629  0.48978046
 -0.29179389  0.90942683  0.50229671 -0.01460119  0.84445076 -0.36176887
 -0.31205521 -0.17492717 -0.19011441 -0.02282673 -0.32113541 -0.34787592
  0.68039701 -0.16789311  0.91634716 -0.11817151  0.36646769  0.30667695
 -0.32881467 -0.29923993 -0.22789481 -0.23183016 -0.16673145 -0.22523952
 -0.16053931 -0.14321202 -0.17492026 -0.14521515 -0.19806739 -0.24213022
 -0.32345561 -0.05983624 -0.18091134 -0.18530385 -0.12090468 -0.17259996
 -0.20599311 -0.12734332 -0.07040851 -0.19738748 -0.0713879  -0.11154623
 -0.15845336 -0.51430655 -0.15519768  0.12375092  0.52546889 -0.00754308
 -0.09173911 -0.14457212 -0.22644462]
    Weight (w): [-4.11081196e-02 -5.86775668e-01 -1.81462842e-01 -6.09340998e-02
 -4.10760752e-02  5.13200863e-02 -6.73102754e-02 -1.02835621e-01
 -1.60925471e-01 -8.17849029e-02  2.08767505e-02 -6.44212029e-02
 -9.89226334e-02 -1.85016766e-01  2.83963385e-01 -1.35138617e-01
 -4.83038123e-02 -1.27631100e-01  8.29077327e-02 -2.54577930e-02
 -7.06317420e-03  2.99280618e-02 -1.39873381e-01 -8.43963356e-03
 -3.34260874e-01 -4.44625682e-01 -3.21157259e-01 -2.98080792e-01
  1.71174207e-10 -2.61579689e-01  4.04001747e-10 -4.81673387e-01
 -4.41828768e-01  7.52831938e-10 -1.08351503e-01 -1.06899830e-01
 -2.51011481e-01  4.64402814e-01 -2.40435685e-01 -5.39764634e-02
 -3.95544880e-01 -2.69669879e-01 -3.36326251e-01  3.53530198e-01
 -1.81157255e-01 -2.07749792e-01  9.66209485e-10  5.76684150e-09
 -2.95291845e-01 -3.04753139e-02 -3.20130845e-01 -2.38421732e-01
 -2.93342336e-02 -1.98402587e-01 -3.41757416e-01  2.23143754e-01
  3.03691204e-01]
    Xi: 0.178843
    Gamma: 1.000000
    QP Objective: 3.0003422829242163

  Function 107:
    Center: [-0.34243371 -0.16507191  0.0780491  -0.04689958 -0.4643144   0.23411409
 -0.29179389 -0.26256156 -0.32330236 -0.37136439 -0.29685953  0.11408733
 -0.31205521 -0.17492717 -0.19011441 -0.3013776   0.75992845 -0.34787592
 -0.39548493 -0.16789311  0.1251284  -0.11817151 -0.2902092  -0.21299439
 -0.04159035 -0.29923993 -0.22789481 -0.23183016 -0.16673145 -0.22523952
 -0.16053931 -0.14321202 -0.17492026 -0.14521515 -0.19806739  0.15530692
 -0.32345561 -0.05983624 -0.18091134 -0.18530385 -0.12090468 -0.17259996
 -0.20599311 -0.12734332 -0.29777621 -0.19738748 -0.0713879  -0.11154623
 -0.07219153 -0.12588663 -0.15519768 -0.30416384 -0.05210664  0.04370368
 -0.04420712 -0.06759778  0.2452831 ]
    Weight (w): [ 9.48104093e-02  4.56042076e-01 -5.06487078e-02 -1.09085262e-01
 -9.16714289e-02 -2.36770656e-02 -8.72383664e-02 -1.14685113e-01
 -1.33502022e-01 -2.27673061e-01 -1.66381729e-01 -1.34648703e-01
 -8.28213389e-02  2.01285698e-01 -5.59965049e-02 -1.50251853e-01
 -4.29699507e-02 -2.16515766e-01 -1.26301872e-01 -1.17116533e-01
 -1.89408655e-01 -1.09418647e-01  3.90352905e-01 -1.73642926e-01
 -2.01678238e+00  7.89939116e-01 -5.20838078e-01 -2.17870101e-01
  6.17504896e-02 -2.25382563e-01  2.52610429e-11 -5.55583658e-01
 -1.66713423e-01  2.93267091e-11 -1.00318045e-02 -1.39083981e-01
 -2.24165780e-01  1.00357127e-01 -7.47823990e-02  1.66130788e-01
 -4.01277414e-01 -3.86244931e-02 -2.20842540e-01 -1.46407527e-01
 -2.05026950e-01 -3.56609680e-01  7.12741950e-11  2.37015835e-11
  2.55900660e-01 -1.91835450e-01 -1.59666508e-01 -1.14031181e-02
  9.02671469e-03 -2.22009865e-01 -3.52343000e-01  1.74032133e-01
 -7.18637603e-02]
    Xi: 0.195336
    Gamma: 1.000000
    QP Objective: 2.814049066751823

  Function 108:
    Center: [-0.34243371 -0.16507191 -0.37822036 -0.04689958 -0.4643144  -0.35026618
 -0.29179389 -0.26256156 -0.32330236 -0.37136439 -0.29685953 -0.0832189
  1.88061333 -0.17492717 -0.19011441 -0.19237944 -0.32113541 -0.34787592
 -0.24339691 -0.16789311 -0.59946142 -0.11817151 -0.2902092  -0.21299439
 -0.32881467 -0.29923993 -0.22789481 -0.23183016 -0.16673145 -0.22523952
 -0.16053931 -0.14321202 -0.17492026 -0.14521515 -0.19806739 -0.24213022
 -0.32345561 -0.05983624 -0.18091134 -0.18530385 -0.12090468 -0.17259996
 -0.20599311 -0.12734332  0.06798922 -0.09859712 -0.0713879  -0.11154623
 -0.15845336 -0.39223172 -0.15519768 -0.32991229 -0.30835494 -0.1030484
 -0.11522143 -0.0265448  -0.15057233]
    Weight (w): [-2.18021785e-01 -2.29996028e-01 -3.08656389e-01 -1.10689450e-01
 -2.50605517e-01  7.89124588e-02 -1.97066699e-01 -2.48696362e-01
 -3.66209514e-01 -3.06137761e-02 -3.33254418e-01 -3.64901724e-01
 -6.90586698e-02 -1.59727484e-01 -5.68199395e-02 -3.76757977e-01
 -1.80495740e-01 -2.08831208e-01 -2.03593672e-01 -2.97520498e-01
 -2.06798699e-01 -2.75488639e-01 -5.80184614e-02 -3.08066856e-01
 -3.31062151e-01 -6.68184815e-01 -5.28497461e-01 -3.95185530e-01
  3.41796368e-02 -3.78736228e-01  8.71526808e-10 -6.93835910e-01
 -4.34626275e-01  1.97522674e-09 -3.05783755e-01 -2.28774350e-01
 -3.82239495e-01 -6.66549992e-02 -2.65997657e-01  1.48732404e-02
 -4.07178553e-01  2.79508397e-01 -2.77140290e-01 -4.50946830e-01
 -4.78846809e-01 -7.04807620e-01  2.02073679e-09  1.42668194e-09
 -3.07731426e-01 -1.36544494e-01 -7.01177594e-01  2.49925056e-02
 -3.23874343e-02 -6.48589849e-02 -4.25282126e-01 -1.64422401e-01
 -1.54851842e-01]
    Xi: 0.334221
    Gamma: 1.000000
    QP Objective: 2.9772829479812093

  Function 109:
    Center: [-0.34243371 -0.16507191 -0.55676058 -0.04689958 -0.4643144  -0.35026618
  4.25599711 -0.26256156 -0.32330236 -0.37136439 -0.29685953  1.4371997
 -0.31205521 -0.17492717 -0.19011441 -0.3013776  -0.32113541 -0.34787592
  1.0746993  -0.16789311 -0.67441898 -0.11817151 -0.2902092  -0.21299439
 -0.32881467 -0.29923993 -0.22789481 -0.23183016 -0.16673145  3.67286728
 -0.16053931 -0.14321202 -0.17492026 -0.14521515 -0.19806739  4.179358
 -0.32345561 -0.05983624 -0.18091134 -0.18530385 -0.12090468 -0.17259996
 -0.20599311 -0.12734332 -0.29777621 -0.19738748 -0.0713879  -0.11154623
 -0.15845336 -0.51430655 -0.15519768  0.38859215 -0.30835494 -0.1030484
 -0.12243948 -0.24720458 -0.43921691]
    Weight (w): [-7.04152066e-02  2.62391842e-03 -8.44419239e-02 -9.42324957e-02
 -7.31869981e-02  5.60241170e-02  6.18411090e-02 -1.03168907e-01
 -1.29485783e-01 -8.92720695e-02 -7.67662597e-02  1.83400646e-02
 -9.95912852e-02 -7.89314386e-02 -3.55575763e-03 -9.76449064e-02
 -7.89925152e-02 -1.02001856e-01 -7.33997487e-02 -5.88062160e-02
 -8.05963920e-02 -1.03993022e-01 -1.00053031e-01 -8.96952689e-02
 -5.90282300e-02 -2.50187803e-01 -4.45709804e-01 -1.16501175e-01
  1.04764266e-08 -1.65235950e-01  4.95810221e-09 -4.58417427e-01
 -2.35242324e-01  9.32577878e-09 -1.27536665e-01 -1.19893400e-01
 -1.34007687e-01  8.10607084e-03  4.36394344e-01  2.34712521e-01
 -4.13255844e-01 -1.46149240e-01 -1.28406996e-01  1.02782357e+00
 -7.19012403e-02 -2.44255074e-01  1.90699703e-08  8.52139989e-09
 -1.23603668e-01 -9.52837651e-02 -1.44578872e-01 -7.47265429e-02
 -5.08073801e-02 -7.99519425e-02 -1.05875402e-01 -5.94331409e-02
 -9.72275281e-02]
    Xi: 0.085121
    Gamma: 1.000000
    QP Objective: 2.3549776562388636

  Function 110:
    Center: [-0.34243371 -0.16507191 -0.55676058 -0.04689958  0.82948194 -0.35026618
 -0.29179389 -0.26256156 -0.32330236 -0.37136439  6.2036469  -0.12964389
 -0.31205521 -0.17492717 -0.19011441  1.81803121 -0.32113541  2.11886683
  0.54520766 -0.16789311  0.05017083 -0.11817151 -0.2902092  -0.21299439
 -0.32881467 -0.29923993 -0.22789481 -0.23183016 -0.16673145 -0.22523952
 -0.16053931 -0.14321202 -0.17492026 -0.14521515 -0.19806739 -0.24213022
 -0.32345561 -0.05983624 -0.18091134 -0.18530385 -0.12090468 -0.17259996
 -0.20599311 -0.12734332 -0.29777621 -0.19738748 -0.0713879  -0.11154623
 -0.15845336 -0.29235231 -0.15519768  0.11271587  0.42378306 -0.1030484
 -0.10942177 -0.23694133 -0.32540847]
    Weight (w): [-1.13195554e-01  5.18302290e-01 -5.11590335e-02 -1.14043683e-01
  2.03409537e-02 -1.16575829e-01  1.09126037e-01  2.09700356e-02
 -2.20875297e-01 -1.77239768e-01 -2.23714579e-02 -3.10070547e-02
 -5.17440695e-02 -1.28747727e-01 -4.27032864e-02 -6.73068034e-02
 -6.07391914e-02 -8.29836730e-02 -8.57773066e-02  7.76714025e-02
 -6.23287055e-02  5.72262724e-02  1.41149490e-01 -1.53704879e-01
  2.66644046e-02 -1.63310353e-01 -5.44512536e-01 -1.47850076e-01
  4.12001090e-12 -1.59544472e-01  7.84986763e-12 -7.14861243e-01
 -3.71090515e-01  1.19293750e-11  1.71255790e-01 -1.87780219e-01
 -1.83047667e-01  3.22880864e-01 -2.09716304e-01  8.14368159e-01
 -4.19517297e-01 -1.93683966e-01 -1.18863017e-01 -3.16620488e-01
 -1.98975181e-01 -3.02574798e-01  1.78348270e-11  9.29132362e-12
 -3.41243111e-01 -2.05498661e-01  4.68345372e-02  9.53779728e-03
  5.23768773e-02  1.51633674e-01 -2.78242650e-01  2.21209923e-01
 -1.44855704e-01]
    Xi: 0.131144
    Gamma: 1.000000
    QP Objective: 2.81783871890514

  Function 111:
    Center: [-0.34243371 -0.16507191  1.92296472 -0.04689958  0.45770138 -0.35026618
 -0.29179389 -0.26256156 -0.32330236 -0.37136439 -0.29685953  0.82206851
 -0.31205521 -0.17492717 -0.19011441  1.975473   -0.32113541 -0.34787592
  1.54222915 -0.16789311 -0.67441898 -0.11817151 -0.2902092   2.61130639
 -0.32881467 -0.29923993 -0.22789481 -0.23183016 -0.16673145 -0.22523952
 -0.16053931 -0.14321202 -0.17492026 -0.14521515 -0.19806739 -0.24213022
 -0.32345561 -0.05983624 -0.18091134 -0.18530385 -0.12090468 -0.17259996
 -0.20599311 -0.12734332 -0.29777621 -0.19738748 -0.0713879  -0.11154623
 -0.15845336  0.69534406 -0.15519768 -0.32991229  0.13499529  0.150856
 -0.10989457 -0.22154647 -0.37159161]
    Weight (w): [-8.21899969e-03  1.11099770e-01 -2.71725082e-02  9.21618125e-02
 -6.94906535e-03  7.76168427e-02 -9.00535871e-02 -7.01652475e-02
 -1.65323640e-01 -1.07864116e-01 -6.81247855e-02 -3.58038597e-02
 -2.47681905e-02 -7.78501770e-02  2.03780859e-01 -1.02178355e-02
 -1.86675814e-01 -1.05811622e-01  6.24797359e-04 -5.62065841e-02
  9.59111154e-02 -1.02162722e-01 -4.03784916e-02 -7.18220739e-02
 -7.02725110e-02 -2.74171705e-01 -5.52889652e-01 -1.12809889e-01
  1.16283175e-01 -1.62331604e-01  5.86825429e-12 -3.69780473e-01
  4.59945892e-02  1.99944066e-11 -1.30057700e-01  3.93496646e-02
 -1.10800709e-01  3.85906553e-02 -6.34772885e-02  3.17886884e-02
 -4.25971409e-01  2.70829269e-02 -1.13108268e-01 -1.83111161e-01
  9.39722602e-02 -2.10063883e-01  4.94015504e-11  1.70183224e-11
 -8.94396846e-02 -1.87042478e-01 -2.11691709e-01  2.06432329e-02
  5.19630964e-02 -1.10614020e-01 -1.75466036e-01 -2.94087554e-02
 -1.42004845e-01]
    Xi: 0.130380
    Gamma: 1.000000
    QP Objective: 2.6729320855107797

  Function 112:
    Center: [-0.34243371 -0.16507191 -0.55676058 -0.04689958 -0.4643144  -0.35026618
 -0.29179389 -0.26256156 -0.32330236 -0.37136439 -0.29685953 -0.62871259
 -0.31205521 -0.17492717 -0.19011441 -0.3013776  -0.32113541 -0.34787592
  0.44944853 -0.16789311 -0.67441898 -0.11817151 -0.2902092  -0.21299439
 -0.32881467 -0.29923993 -0.22789481 -0.23183016 -0.16673145 -0.22523952
 -0.16053931 -0.14321202 -0.17492026 -0.14521515 -0.19806739 -0.24213022
  1.11724419 -0.05983624 -0.18091134 -0.18530385 -0.12090468 -0.17259996
 -0.20599311 -0.12734332  0.30524248 -0.19738748 -0.0713879  -0.11154623
 -0.15845336 -0.07779654 -0.15519768 -0.32991229  0.17160219 -0.1030484
 -0.11351935 -0.24207296 -0.40952775]
    Weight (w): [-2.93319368e-01  2.77881399e-02 -3.09031172e-01 -8.72561855e-03
 -1.89712123e-01 -1.77308974e-01 -2.05695595e-01 -3.94644413e-01
 -3.70971285e-01 -2.85579105e-01 -3.18146703e-01 -3.98785613e-01
 -3.45137114e-01 -3.54436782e-01  3.49226430e-01 -2.51383705e-01
 -3.70805067e-01 -3.72904879e-01 -1.96778596e-01 -3.79789688e-01
 -1.84058325e-01 -4.12837965e-01 -2.75208310e-01 -3.73226785e-01
 -3.38042665e-01 -7.43689969e-01 -5.61528552e-01 -5.08417980e-01
  1.85113833e-12 -4.69207758e-01  3.63404150e-12 -7.37200657e-01
 -2.92694524e-01  3.27023858e-12 -4.39112800e-01 -3.62571515e-01
 -3.06714999e-01 -7.08209494e-02 -5.55342900e-01 -5.35034826e-01
 -4.32627212e-01 -3.15868131e-01 -5.71369326e-01 -2.22110593e-01
 -3.91166397e-02 -4.11732257e-01  7.52430714e-12  2.84056953e-02
 -3.97727380e-01 -8.62532846e-02 -2.38825237e-01 -2.29753029e-01
  1.20202642e-01  6.90212788e-02 -5.49920635e-01 -1.40046053e-02
 -6.91424512e-02]
    Xi: 0.369640
    Gamma: 1.000000
    QP Objective: 2.8113518614732906

  Function 113:
    Center: [ 0.14884708 -0.08757866 -0.55676058 -0.04689958 -0.01817773  0.19759032
 -0.29179389  0.48551613 -0.32330236 -0.37136439 -0.29685953  0.06766234
 -0.31205521 -0.17492717 -0.19011441 -0.3013776  -0.32113541 -0.34787592
  0.22413294 -0.16789311  0.03351359 -0.11817151 -0.14745336 -0.21299439
 -0.20913787 -0.29923993 -0.22789481 -0.23183016 -0.16673145 -0.22523952
 -0.16053931 -0.14321202  0.27484397 -0.14521515  0.08378046 -0.24213022
  0.50317542 -0.05983624 -0.18091134 -0.18530385 -0.12090468 -0.17259996
 -0.20599311 -0.04694557 -0.29777621 -0.19738748 -0.0713879  -0.11154623
  0.14140919  0.35131498 -0.15519768 -0.24040577 -0.30835494 -0.1030484
 -0.0941031  -0.01628155  1.22502527]
    Weight (w): [-6.06873775e-02  8.80031449e-02 -8.56885748e-02 -3.33007344e-02
 -7.86705166e-02 -1.21404614e-02 -1.59023302e-01 -1.04272221e-01
 -7.12340638e-02 -1.33869752e-01 -3.81348919e-02 -8.63968515e-02
 -9.34944104e-02 -1.66996319e-01  2.17976607e-02 -1.48497150e-01
 -9.89054157e-03 -1.39673826e-01 -1.03953017e-01 -1.74360282e-01
 -1.56720804e-01 -2.17477685e-01  5.53522918e-01 -7.40580250e-02
 -2.09575837e-01  1.09169912e-01 -5.70441704e-01 -2.21067561e-01
  8.05459663e-11 -2.01576998e-01  4.88195458e-11 -3.30925363e-01
 -2.47524068e-01  2.94111210e-01 -6.36715743e-01 -1.63834715e-01
 -1.83336525e-01  4.98256107e-01 -3.05238081e-01 -6.44806684e-03
 -4.39494311e-01  2.05756933e-01 -1.19962737e-01 -4.03718365e-01
 -6.88911754e-02 -2.21200229e-01  1.27447853e-10  1.21231114e-01
 -1.86815863e-01 -6.68054660e-02 -2.79394019e-02 -5.86424593e-02
  2.36906433e-01  5.30519328e-01 -2.27387027e-01 -1.70718562e-02
 -8.33956861e-02]
    Xi: 0.155378
    Gamma: 1.000000
    QP Objective: 2.661400583125267

  Function 114:
    Center: [-0.34243371 -0.16507191  1.36750625 -0.04689958 -0.4643144  -0.35026618
 -0.29179389 -0.26256156 -0.32330236  2.63785564 -0.29685953  0.49709354
 -0.31205521 -0.17492717 -0.19011441 -0.3013776  -0.32113541  1.47864352
  2.3420995  -0.16789311  0.13345702 -0.11817151 -0.2902092  -0.21299439
 -0.32881467 -0.29923993 -0.22789481 -0.23183016 -0.16673145 -0.22523952
 -0.16053931 -0.14321202 -0.17492026 -0.14521515 -0.19806739 -0.24213022
 -0.32345561 -0.05983624 -0.18091134 -0.18530385 -0.12090468 -0.17259996
 -0.20599311 -0.12734332 -0.29777621 -0.19738748 -0.0713879  -0.11154623
 -0.15845336  0.56956999 -0.15519768 -0.32991229 -0.30835494 -0.1030484
 -0.09470198 -0.19588835 -0.35179883]
    Weight (w): [-2.37615992e-01  4.54072925e-01 -7.42096539e-02  2.37969818e-01
 -6.94207981e-02 -1.17542151e-01 -7.75673179e-02 -2.18573945e-01
 -2.64996906e-01 -8.96420165e-02 -2.00720581e-01  6.28826021e-02
 -1.44498871e-01 -1.33770957e-01  2.96714538e-01 -9.00936212e-02
 -7.21001514e-02 -9.38482377e-02  8.76573964e-02 -1.34181385e-01
 -7.72933215e-02 -1.25630108e-01  7.29581184e-02 -1.65943336e-01
  4.85160108e-02 -4.00250053e-01 -5.79642376e-01 -1.77977327e-01
  2.78082850e-01 -2.31842325e-01  9.70708491e-10 -4.52520140e-01
  2.02548415e-01  5.72606590e-09 -4.57863485e-01 -1.21443197e-01
 -1.70435621e-02  2.05244294e-02 -2.37744158e-01  7.96926587e-02
 -4.46582929e-01  5.07287015e-01 -1.87300563e-01 -5.80926777e-01
 -1.66331101e-01 -2.61362513e-01  4.67757592e-09  2.51882472e-09
 -1.95154973e-01 -2.09118899e-01 -3.55941812e-02 -8.40101827e-02
  2.44630727e-01  8.94192479e-02 -2.80209458e-01  1.61788466e-01
 -1.82176113e-01]
    Xi: 0.170391
    Gamma: 1.000000
    QP Objective: 2.6355951843926406

  Function 115:
    Center: [-0.04766523 -0.09532799 -0.00130211 -0.04689958 -0.04792018 -0.35026618
 -0.29179389  0.43564429 -0.32330236 -0.37136439 -0.29685953 -0.52425635
  0.2859453  -0.17492717 -0.19011441 -0.3013776   0.08426354  0.17936681
 -0.2490298  -0.16789311 -0.3662601  -0.11817151 -0.03324868 -0.21299439
 -0.32881467 -0.29923993 -0.22789481 -0.23183016 -0.16673145 -0.22523952
 -0.16053931 -0.14321202 -0.17492026 -0.14521515 -0.19806739 -0.01857183
  0.33784921 -0.05983624 -0.18091134  0.07192871 -0.12090468 -0.17259996
 -0.20599311  0.32288406  0.06798922 -0.09859712 -0.0713879  -0.11154623
 -0.10094547 -0.20357061 -0.15519768 -0.27841539 -0.30835494 -0.00521368
 -0.10447315 -0.17536186  0.44321081]
    Weight (w): [ 6.16865591e-02  1.80709982e-01 -1.64211276e-01  1.23402040e-01
 -6.35818761e-02  6.14374459e-02 -9.52957360e-02 -1.49664024e-01
 -1.78259819e-01 -1.58711646e-01 -5.79989891e-02 -1.09902061e-01
 -1.36872973e-01  1.25586101e-01  4.87321616e-01 -7.09534504e-02
 -1.84425099e-01 -1.19143647e-01 -1.84872640e-01 -7.70272139e-02
 -7.38666654e-02 -1.31146618e-01  1.95541526e-02 -1.11980091e-01
  1.90913554e-01  2.77517129e-02 -5.89144710e-01 -2.14844165e-01
  2.37731760e-01 -1.26358198e-01  1.73901118e-09 -5.26976223e-01
 -1.53832174e-01  2.18077310e-01 -2.48759647e-02 -1.75472169e-01
 -1.82886314e-01  4.85266753e-02 -3.04618945e-01 -2.45199619e-01
 -4.53903960e-01 -7.14046876e-02 -2.15790810e-01 -7.81353342e-01
 -2.47810170e-01 -5.24069742e-01  1.23290426e-08  6.44969629e-01
 -3.33129166e-01 -9.35420244e-02 -1.82546965e-01 -7.36090512e-03
  2.84753431e-02 -1.71148855e-01 -3.05587594e-01  2.39563836e-01
 -7.56839418e-02]
    Xi: 0.149987
    Gamma: 1.000000
    QP Objective: 2.6056737123471496

  Function 116:
    Center: [-0.34243371  0.01316257 -0.55676058 -0.04689958  0.23463305 -0.35026618
  0.29584203 -0.26256156 -0.32330236 -0.37136439  0.84445076 -0.62871259
 -0.31205521 -0.17492717 -0.19011441 -0.3013776  -0.32113541  0.08521632
 -0.80668589 -0.16789311 -0.48286076 -0.11817151 -0.2902092  -0.21299439
 -0.32881467 -0.29923993 -0.22789481 -0.23183016 -0.16673145 -0.22523952
 -0.16053931 -0.14321202 -0.17492026 -0.14521515 -0.19806739 -0.24213022
 -0.32345561 -0.05983624  0.34828072 -0.18530385 -0.12090468 -0.17259996
 -0.20599311 -0.12734332 -0.29777621  0.05507678 -0.0713879  -0.11154623
 -0.15845336  0.58806617 -0.15519768 -0.14722089 -0.30835494 -0.1030484
 -0.11531599 -0.17536186 -0.16376751]
    Weight (w): [-2.13197421e-01 -5.60490195e-01 -2.24080696e-01 -1.25448051e-01
  1.19067147e-03 -1.83823773e-01 -1.47167098e-01 -9.39313074e-02
 -2.44045020e-01 -2.15508788e-01 -2.07083422e-02 -3.05988731e-01
 -1.55256316e-01  1.70184203e-01  4.09596350e-02 -2.04785170e-01
 -2.31517197e-01 -5.94849996e-02 -2.32964207e-01 -1.61920161e-01
 -2.97932976e-01 -3.33549131e-01 -1.21300469e-01 -3.08515621e-01
 -3.71395096e-02 -4.70888784e-01 -5.98963789e-01  4.61063733e-02
  5.60391250e-01 -2.67983530e-01  3.06220209e-12 -1.33962562e-01
 -4.43162307e-02  8.73041036e-12  3.17989537e-01  5.26162130e-02
 -2.97880145e-01 -7.55423461e-02 -2.81122772e-01 -9.77005802e-02
 -4.61469027e-01  8.18650140e-02 -8.11872755e-02 -2.70075036e-01
 -4.50766180e-01 -1.12472891e+00  2.24580005e-11  2.28307029e-01
 -2.35017474e-01 -5.87967948e-02 -3.23623344e-01 -1.52496902e-01
 -1.75299956e-01  5.21971785e-01 -3.84428364e-01  9.47044369e-03
 -2.45876003e-01]
    Xi: 0.279680
    Gamma: 1.000000
    QP Objective: 2.8360385509124386

  Function 117:
    Center: [-0.34243371 -0.16507191 -0.55676058 -0.04689958 -0.4643144  -0.35026618
  4.25599711 -0.26256156 -0.32330236  2.38967254 -0.29685953 -0.62871259
 -0.31205521 -0.17492717 -0.19011441  1.85436393 -0.32113541  3.0038814
  2.07735368 -0.16789311  0.80807512 -0.11817151 -0.2902092  -0.21299439
 -0.32881467 -0.29923993 -0.22789481 -0.23183016 -0.16673145 -0.22523952
 -0.16053931 -0.14321202 -0.17492026 -0.14521515 -0.19806739 -0.24213022
 -0.32345561 -0.05983624 -0.18091134 -0.18530385 -0.12090468 -0.17259996
 -0.20599311 -0.12734332 -0.29777621 -0.19738748 -0.0713879  -0.11154623
 -0.15845336 -0.51430655 -0.15519768 -0.32991229 -0.30835494 -0.1030484
  0.05700324 -0.08812427 -0.36334462]
    Weight (w): [-8.77737389e-02  4.69406885e-01 -7.60483642e-02 -8.68170844e-02
 -7.37613025e-02 -1.31941039e-01  4.07767906e-02 -9.27725938e-02
 -2.02393540e-01 -1.25719214e-01 -7.02223620e-02  2.34610768e-01
 -5.78462414e-02 -9.77163706e-02  1.56840897e-01 -6.06284134e-02
 -7.52766504e-02 -7.19110867e-02 -1.35433098e-01  2.12865500e-02
 -2.16984133e-02 -1.06078542e-01 -1.34472328e-01 -8.13845859e-02
  2.40668359e-01 -5.36800694e-02 -6.09115717e-01 -2.24381936e-01
  3.33086295e-10 -2.06669895e-01  1.12501409e-09 -7.99675288e-01
 -3.82246533e-01  2.03443692e-09 -5.54671423e-01 -2.71484714e-01
 -1.59189500e-01 -7.68227118e-02 -1.59831973e-01  2.35893573e-02
 -4.69290535e-01 -3.42636615e-01 -1.92826080e-02 -2.70360784e-01
 -6.75605233e-02 -1.80469179e-01  2.43419427e-09  1.36152840e-09
 -1.01639635e-01  2.73249312e-02  1.81171279e-02  1.13448890e-01
  4.35689624e-02 -1.00765348e-01 -1.40006093e-01 -1.22661050e-01
 -1.30574961e-01]
    Xi: 0.105653
    Gamma: 1.000000
    QP Objective: 2.809513627901517

  Function 118:
    Center: [-0.34243371 -0.16507191 -0.55676058 -0.04689958 -0.4643144   2.02377865
 -0.29179389  1.35827344 -0.32330236  0.63687944 -0.29685953  1.65771843
 -0.31205521 -0.17492717 -0.19011441 -0.3013776  -0.32113541 -0.34787592
 -0.93624235 -0.16789311 -0.67441898 -0.11817151 -0.2902092  -0.21299439
 -0.32881467 -0.29923993 -0.03484037 -0.23183016 -0.16673145 -0.22523952
 -0.16053931 -0.14321202 -0.17492026 -0.14521515 -0.19806739 -0.24213022
 -0.32345561 -0.05983624 -0.18091134 -0.18530385 -0.12090468 -0.17259996
 -0.20599311 -0.12734332  0.34478468 -0.19738748 -0.0713879  -0.11154623
  0.28517891 -0.11478892 -0.15519768 -0.32991229  0.13092786 -0.1030484
 -0.10299171 -0.22154647 -0.29901811]
    Weight (w): [-1.75703753e-01  2.52386516e-01 -1.34151549e-01 -1.65493133e-03
 -1.38086035e-01  1.99420043e-02 -1.01587112e-01 -2.72161565e-02
 -4.29966775e-02  5.49503577e-03 -9.83246792e-02 -9.86325431e-02
 -1.56130324e-01 -7.70502121e-02 -2.77052848e-02 -8.57022080e-02
  4.79953129e-02 -2.10166700e-01 -8.37417873e-02 -9.30319222e-02
 -5.08784238e-02  5.44595952e-02 -3.68787326e-02 -1.56376026e-01
  3.87646503e-02 -2.96785809e-01 -2.47427846e+00 -1.75590919e-01
  4.61367851e-10 -6.26653269e-02  2.84075817e-10 -5.13938776e-01
 -1.73971374e-01  1.27432999e-09 -8.32256000e-02 -4.52062486e-03
 -4.30737684e-02 -7.95182521e-02 -1.28443308e-01 -1.17878558e-01
 -4.85756870e-01 -1.37217513e-01 -2.66851834e-01 -3.38516823e-01
 -1.26797588e-01 -1.46711971e-01  2.22381237e-09  2.17958604e-09
 -3.17609226e-01 -1.03940039e-01  7.37752378e-02 -1.54335361e-01
  3.22450257e-01 -1.52047387e-01 -2.08441690e-01 -4.03653518e-02
 -1.52850387e-01]
    Xi: 0.147077
    Gamma: 1.000000
    QP Objective: 2.4850421177799062

  Function 119:
    Center: [-0.34243371 -0.16507191  3.11323286 -0.04689958 -0.4643144  -0.35026618
 -0.29179389 -0.26256156 -0.32330236  2.49825265 -0.29685953  1.51844344
  5.83406115 -0.17492717 -0.19011441 -0.3013776  -0.32113541 -0.34787592
  2.19001148 -0.16789311 -0.67441898 -0.11817151 -0.2902092  -0.21299439
 -0.32881467 -0.29923993 -0.22789481 -0.23183016 -0.16673145 -0.22523952
 -0.16053931 -0.14321202 -0.17492026 -0.14521515 -0.19806739 -0.24213022
 -0.32345561 -0.05983624 -0.18091134 -0.18530385 -0.12090468 -0.17259996
 -0.20599311 -0.12734332 -0.29777621 -0.19738748 -0.0713879  -0.11154623
 -0.15845336 -0.51430655 -0.15519768  0.51856053 -0.30835494 -0.1030484
 -0.10920113 -0.24207296 -0.43591811]
    Weight (w): [-3.87353464e-02  4.82015371e-02 -9.01110249e-02  5.00703701e-02
 -4.17430707e-02  7.26109799e-02  9.30993687e-02 -4.13878372e-02
 -1.06515818e-01 -6.82615212e-02 -7.74947954e-03 -1.31800940e-01
 -1.14491910e-01  3.27834404e-02  1.36179045e-01 -1.38353217e-02
 -5.40916641e-02 -6.40660151e-02  7.26479639e-02 -7.64151761e-02
 -9.11365235e-02 -1.16617058e-01  3.64740555e-01 -8.07767662e-02
  1.47365360e-01 -2.64329586e-01 -4.69376877e-01 -1.29560748e-01
  4.73823019e-10 -1.55022772e-01  1.36494788e-08 -3.09561585e-01
 -7.28947424e-02  5.93271311e-10 -4.84917652e-01 -2.31057104e-01
 -1.31234330e-01 -8.09382247e-02 -1.35447011e-01  1.53028971e-01
 -4.94431100e-01  1.23725459e-01 -1.53507605e-01 -2.80757052e-01
 -2.65905375e-01 -1.03485421e-01  1.08830871e-09  2.74968337e-01
 -2.54216111e-02 -1.89754233e-02 -2.64184186e-01 -2.61504678e-02
  2.52718807e-01  1.15755798e-01 -1.30569065e-01  1.50670674e-01
 -9.16076365e-02]
    Xi: 0.067487
    Gamma: 1.000000
    QP Objective: 2.584886575187595

  Function 120:
    Center: [-0.34243371 -0.16507191 -0.55676058 -0.04689958 -0.4643144  -0.35026618
 -0.29179389 -0.26256156 -0.32330236 -0.37136439 -0.29685953 -0.62871259
 -0.31205521 -0.17492717 -0.19011441  4.17965817 -0.32113541 -0.34787592
  1.14792687 -0.16789311 -0.67441898 -0.11817151 -0.2902092  -0.21299439
 -0.32881467 -0.29923993 -0.22789481 -0.23183016 -0.16673145 -0.22523952
 -0.16053931 -0.14321202 -0.17492026 -0.14521515 -0.19806739 -0.24213022
 -0.32345561 -0.05983624 -0.18091134 -0.18530385 -0.12090468 -0.17259996
 -0.20599311 -0.12734332 -0.29777621 -0.19738748 -0.0713879  -0.11154623
 -0.15845336 -0.51430655 -0.15519768 -0.32991229 -0.30835494 -0.1030484
 -0.12688379 -0.25746783 -0.45571088]
    Weight (w): [-2.83296670e-01  7.03276964e-02 -3.54025147e-01  1.59414672e-01
 -1.96349706e-01 -2.47427102e-01 -5.98016906e-02 -1.41972545e-01
 -3.50823213e-01 -2.51887285e-01 -2.62945354e-01 -1.62586413e-01
 -3.02930993e-01 -2.56291627e-01 -7.02500589e-02  3.84084468e-02
 -1.92558422e-01 -3.20784713e-01 -2.10229905e-01 -1.51849539e-01
 -1.04304526e-01  1.36342537e-01 -1.69102464e-01 -3.24519890e-01
 -8.87856327e-03 -4.78011167e-01 -4.77911002e-01 -4.28213400e-01
  1.24665095e-09 -3.85713910e-01  2.16403856e-09 -8.57833490e-01
 -3.86190865e-02  2.06488000e-09 -5.59104914e-01 -4.43514908e-01
 -3.96973397e-01 -8.24098198e-02 -1.09475861e-01 -1.76900708e-01
 -5.03420756e-01 -3.67555638e-01 -1.15213232e-01 -3.15693714e-01
 -2.51077347e-01 -2.61988951e-01  5.56885225e-09  3.54951961e-09
 -5.97844482e-01 -1.74765404e-01 -4.33537322e-01  4.06024145e-01
  1.59853338e-01 -3.21273427e-01 -3.52889042e-01 -4.32562718e-01
 -3.34366259e-01]
    Xi: 0.328195
    Gamma: 1.000000
    QP Objective: 3.3168140794325867

  Function 121:
    Center: [-0.34243371  0.45487411 -0.55676058 -0.04689958  0.42795894 -0.35026618
 -0.29179389  0.2361569  -0.32330236 -0.06113552 -0.29685953 -0.62871259
 -0.31205521 -0.17492717 -0.19011441  1.87858574 -0.32113541  3.79474549
  0.07767781 -0.16789311  1.66592283 -0.11817151 -0.2902092  -0.21299439
 -0.32881467 -0.29923993 -0.22789481 -0.23183016 -0.16673145 -0.22523952
 -0.16053931 -0.14321202 -0.17492026 -0.14521515 -0.19806739 -0.24213022
 -0.32345561 -0.05983624 -0.18091134 -0.18530385  0.43285815 -0.17259996
 -0.20599311 -0.12734332 -0.10006516  0.02214666 -0.0713879  -0.11154623
 -0.15845336 -0.51430655 -0.15519768 -0.25634529 -0.30835494 -0.1030484
 -0.08326026 -0.04707129 -0.09284341]
    Weight (w): [-1.01301611e-11 -6.65192244e-11 -2.95826007e-11  8.29929285e-10
  1.47542777e-11  2.24935733e-11  2.02142029e-11 -3.91598936e-12
 -3.22947706e-11 -1.54020128e-11 -1.52882530e-11 -1.40773443e-11
  4.78706632e-12  9.85105830e-11  5.17630640e-01  5.72642647e-12
  4.83319129e-11 -8.34437578e-12 -6.42366534e-12  4.58313460e-11
 -1.26889110e-11  1.12309567e-10  6.35004767e-10 -1.02837746e-11
  1.47421122e-10 -1.05793804e-10 -1.75584455e-10 -2.61561541e-11
  1.85596955e-04  2.38078585e-04  1.09782188e-04 -1.07674859e-10
 -6.91712392e-11  1.77294266e-04 -1.49529022e-10 -2.71452349e-11
 -2.75745280e-11  1.46422583e-09 -2.42149727e-11  4.16674883e-10
 -3.61165446e+00 -2.14396549e-10 -3.80910642e-11  4.18706982e-11
 -5.29633709e-11 -9.69105097e-11  2.70179132e-04  2.03215177e-04
 -1.50400203e-10 -1.20442570e-11 -5.77447134e-11  9.20090406e-12
  9.99273734e-11  1.00495985e-09  1.95861302e-09 -2.66880546e-12
 -1.76984615e-11]
    Xi: 0.000000
    Gamma: 1.000000
    QP Objective: 2.106138764785595

  Function 122:
    Center: [-0.34243371 -0.16507191 -0.55676058 -0.04689958  0.96332294  1.40287462
 -0.29179389 -0.26256156  1.39968701 -0.37136439  2.08500542 -0.07161265
 -0.31205521 -0.17492717 -0.19011441  1.44259308 -0.32113541  3.26750277
 -0.39548493 -0.16789311  0.52490209 -0.11817151  1.08024693 -0.21299439
 -0.32881467 -0.29923993 -0.22789481 -0.23183016 -0.16673145 -0.22523952
 -0.16053931 -0.14321202 -0.17492026 -0.14521515 -0.19806739 -0.24213022
 -0.32345561 -0.05983624 -0.18091134 -0.18530385 -0.12090468 -0.17259996
  1.93889926 -0.12734332 -0.29777621 -0.19738748 -0.0713879  -0.11154623
 -0.15845336 -0.51430655 -0.15519768  0.48668149 -0.30835494 -0.1030484
 -0.02378223 -0.12917726 -0.23304221]
    Weight (w): [-1.06185921e-01  2.61162052e-01 -6.88457996e-03 -1.27416856e-03
  2.13320551e-02 -4.57842582e-03  5.04743222e-02 -4.49736435e-02
 -6.62029415e-02 -9.18861213e-02 -5.50422588e-02 -5.93737891e-02
  1.03884273e-01 -4.46200705e-03  7.08477493e-01  9.80458170e-03
 -5.17210269e-02 -6.46333362e-02 -1.50632551e-02 -2.53675054e-02
 -6.03444912e-02  2.16235394e-02  9.59359357e-03 -8.43435636e-02
  1.55277232e-01 -2.00545106e-01  2.76143458e-02 -1.65249239e-01
  1.25333035e-11  2.05062919e-01  3.81970676e-11 -5.80806023e-01
 -4.15079055e-01  7.76123733e-11 -2.22769720e-02 -1.21023061e-01
 -5.43795448e-02  1.21790325e-01 -2.37455314e-02  9.20613038e-02
  7.55948564e-13 -2.06034570e-01 -2.77204731e-01  3.74780914e-01
 -2.28479806e-01  2.59686503e-01  1.21722640e-10  3.27746227e-01
 -1.52630461e-01  7.36783450e-02  7.01088942e-03 -1.00051998e-01
  8.11197234e-02  3.94713220e-02 -2.15219896e-01  3.64693924e-01
 -7.18008136e-02]
    Xi: 0.065380
    Gamma: 1.000000
    QP Objective: 2.5769308837597698

  Function 123:
    Center: [ 1.91745791 -0.16507191  0.81204779 -0.04689958 -0.4643144  -0.35026618
 -0.29179389 -0.26256156 -0.32330236  0.69892521 -0.29685953 -0.62871259
 -0.31205521 -0.17492717 -0.19011441  1.36992763 -0.32113541 -0.34787592
 -0.15890356 -0.16789311  0.47493038 -0.11817151 -0.2902092  -0.21299439
 -0.32881467 -0.29923993 -0.22789481 -0.23183016 -0.16673145 -0.22523952
 -0.16053931 -0.14321202 -0.17492026 -0.14521515 -0.19806739 -0.24213022
 -0.32345561 -0.05983624 -0.18091134 -0.18530385 -0.12090468 -0.17259996
 -0.20599311 -0.12734332 -0.29777621 -0.19738748 -0.0713879  -0.11154623
 -0.15845336 -0.51430655 -0.15519768  2.58579345 -0.30835494 -0.1030484
 -0.05914755 -0.07786103 -0.25943257]
    Weight (w): [-1.42153315e-01  1.21276041e-01 -3.61228533e-03 -2.30915793e-02
 -6.41216562e-02 -9.00446924e-02 -6.36989490e-02 -1.61351670e-01
 -1.65287416e-01 -1.14225823e-01 -2.17750369e-01 -9.18636619e-02
  1.96138623e-03 -1.66223535e-01 -6.22253775e-02  5.27888355e-02
  4.12137748e-01 -1.68683046e-01 -2.39626668e-02 -1.71496751e-01
 -9.06945412e-02  9.37911178e-02 -3.00501154e-02 -1.85116863e-01
 -4.78905846e-01 -2.98872271e-01 -9.02667840e-02 -2.82422097e-01
  2.09310799e-11  1.01071800e-02  5.33255389e-11 -4.06449177e-01
 -6.01646511e-01  2.69975855e-01  3.48909380e-01 -2.12259348e-01
 -1.54402415e-01  2.21949083e-01  4.01449561e-03 -1.15206077e-02
  1.66298717e-12 -2.72108469e-01  3.41312628e-02 -9.41154198e-02
  1.28710157e-01 -3.49989384e-01  1.03270407e-10  5.60074721e-11
 -4.71204579e-01 -9.28498768e-03 -3.03439372e-01 -1.35606329e-01
  2.23132766e-01  5.17732798e-01 -2.70106051e-02  7.25721044e-02
 -1.67049680e-01]
    Xi: 0.161420
    Gamma: 1.000000
    QP Objective: 3.0991414795165766

  Function 124:
    Center: [-0.34243371 -0.16507191 -0.55676058 -0.04689958 -0.4643144  -0.35026618
 -0.29179389 -0.26256156 -0.32330236 -0.37136439 -0.29685953 -0.62871259
 -0.31205521 -0.17492717 -0.19011441  1.4789258  -0.32113541 -0.34787592
 -0.93624235 -0.16789311 -0.67441898 -0.11817151 -0.2902092  -0.21299439
 -0.32881467 -0.29923993 -0.22789481  2.49788608 -0.16673145 -0.22523952
 -0.16053931 -0.14321202 -0.17492026 -0.14521515 -0.19806739 -0.24213022
 -0.32345561 -0.05983624 -0.18091134 -0.18530385 -0.12090468 -0.17259996
 -0.20599311 -0.12734332 -0.29777621 -0.19738748 -0.0713879  -0.11154623
 -0.15845336  0.42160049  2.15779133 -0.32991229 -0.30835494 -0.1030484
 -0.0895012  -0.18049348 -0.40128076]
    Weight (w): [-2.29640066e-01 -2.91996748e-01 -2.06714699e-01 -1.50537661e-01
 -2.18236218e-01 -1.63608972e-01 -2.06954210e-01 -2.23123927e-01
 -2.40128207e-01 -2.19240595e-01 -2.31966989e-01 -2.14187661e-01
 -2.24209866e-01 -2.23749484e-01 -7.72751767e-02  1.88149140e-01
 -1.84178058e-01 -1.54842943e-01 -2.44216852e-01 -2.25527108e-01
 -2.08118072e-01 -1.48252033e-01 -1.75500076e-01 -2.21166377e-01
 -1.52513085e-01 -2.74286607e-01 -9.20721197e-02 -3.03285603e-01
  1.21813096e-11  5.62249902e-11  1.02827750e-01 -2.47635854e-01
 -3.50708788e-01  2.48953823e-11 -3.41310360e-01 -4.43611456e-03
 -2.04491562e-01 -7.76238948e-02  5.21788708e-02 -2.39469524e-01
  6.92835951e-13 -3.51790052e-01 -2.47674242e-01 -1.29614727e-01
 -2.08213211e-01  6.37384988e-01  6.84825778e-11  2.61554688e-11
 -2.86250824e-01  1.53486163e-01  2.15717840e-02 -2.10810039e-01
 -1.28745478e-01 -1.44600016e-01  6.84902933e-02  1.22891539e-01
 -2.26706450e-01]
    Xi: 0.223578
    Gamma: 1.000000
    QP Objective: 2.2763906568010146

  Function 125:
    Center: [-0.34243371 -0.16507191 -0.55676058 -0.04689958 -0.4643144  -0.35026618
  5.38017016  5.27321337 -0.32330236 -0.37136439 -0.29685953 -0.62871259
 -0.31205521 -0.17492717 -0.19011441 -0.3013776  -0.32113541 -0.34787592
 -0.93624235 -0.16789311 -0.67441898 -0.11817151 -0.2902092  -0.21299439
 -0.32881467 -0.29923993 -0.22789481 -0.23183016 -0.16673145 -0.22523952
 -0.16053931 -0.14321202 -0.17492026 -0.14521515 -0.19806739 -0.24213022
 -0.32345561 -0.05983624 -0.18091134 -0.18530385 -0.12090468 -0.17259996
 -0.20599311 -0.12734332 -0.29777621 -0.19738748 -0.0713879  -0.11154623
 -0.15845336  1.94568627 -0.15519768 -0.32991229  2.39648823 -0.1030484
 -0.01955857 -0.1394405  -0.36169522]
    Weight (w): [-2.35515074e-01 -1.27167409e-01 -2.85159596e-01 -1.56810064e-01
 -3.17412999e-02 -1.45566815e-01  1.37164808e-01  4.44476078e-02
 -2.93249720e-01 -2.38095412e-01 -1.90365052e-01 -2.97932109e-01
 -2.41510420e-01 -2.70447879e-01  2.32259492e-01 -1.63658593e-01
 -8.88418654e-02 -1.58037999e-01 -2.27506682e-01 -2.38816341e-01
 -2.61211104e-01 -1.08396156e-01  5.38327386e-03 -2.50396256e-01
 -6.41424119e-02 -6.52225476e-01 -9.59084580e-02  2.63234224e-01
  4.27158963e-12  1.10193411e-01  4.54635688e-12 -4.01056233e-01
 -3.60495205e-01  1.15899626e-11 -2.64667255e-01 -2.78515567e-01
 -2.72733066e-02 -9.44279325e-02  1.48298567e-01 -2.95820219e-01
  1.96209744e-13 -1.85413443e-01 -2.36713989e-01 -4.01988732e-01
 -1.02219930e-01 -4.91114868e-01  3.26998855e-11  9.94248132e-12
 -2.12800020e-01 -1.23984688e-01 -3.37206846e-01 -1.85533400e-01
  1.62169689e-01 -2.04749688e-01  5.00568270e-01  1.85570124e-01
 -2.52845198e-01]
    Xi: 0.228579
    Gamma: 1.000000
    QP Objective: 2.5638959202292813

  Function 126:
    Center: [-0.34243371 -0.16507191  0.59383196 -0.04689958 -0.4643144   1.76811229
 -0.29179389 -0.26256156 -0.32330236 -0.37136439 -0.29685953 -0.62871259
 -0.31205521 -0.17492717 -0.19011441 -0.3013776  -0.32113541 -0.34787592
  0.05514625 -0.16789311  0.30002939 -0.11817151 -0.2902092  -0.21299439
 -0.32881467 -0.29923993 -0.22789481 -0.23183016 -0.16673145 -0.22523952
 -0.16053931 -0.14321202 -0.17492026 -0.14521515 -0.19806739 -0.24213022
 -0.32345561 -0.05983624 -0.18091134 -0.18530385 -0.12090468 -0.17259996
 -0.20599311 -0.12734332 -0.29777621 -0.19738748 -0.0713879  -0.11154623
 -0.15845336 -0.11478892  0.83216522  0.19977016 -0.30835494 -0.1030484
 -0.13211609 -0.26259945 -0.40952775]
    Weight (w): [-2.61860008e-01 -2.19171870e-01 -1.47762283e-01 -1.60146448e-01
 -8.18223017e-02 -7.13270126e-02 -8.09154693e-02 -1.40130308e-01
 -2.08532258e-01 -1.88998266e-01 -2.17199675e-01 -2.08257454e-01
 -2.22078541e-01 -1.98129930e-01 -4.25277080e-02  3.92309592e-01
  1.08222184e-01 -1.02096750e-01 -1.37123471e-01 -2.00841032e-01
 -1.33983199e-01 -1.76389197e-01  7.36338183e-01 -2.03939676e-01
  1.33387270e-01 -4.18864629e-01 -1.36759474e-02  7.35732155e-02
  2.26294068e-12  9.09371877e-12  1.56276680e-01 -2.27300300e-01
 -2.43936650e-01  6.60746094e-12 -3.23977397e-01  1.48160281e-01
 -2.93950515e-01  1.15212210e-01 -6.30476934e-01 -2.45636633e-03
  4.08704923e-14  5.14424960e-01 -1.79417159e-01 -4.10541684e-01
 -2.74189628e-01 -7.41774059e-01  6.62117493e-12  2.50937323e-12
 -1.70200041e-01  5.58273227e-02 -6.42486850e-01 -1.10998122e-01
  9.51996479e-01 -2.24911257e-01  4.13201620e-01  1.03559970e+00
 -1.91632527e-01]
    Xi: 0.184078
    Gamma: 1.000000
    QP Objective: 3.08148942477412

  Function 127:
    Center: [-0.34243371 -0.16507191 -0.55676058 -0.04689958 -0.4643144   0.85501812
 -0.29179389 -0.26256156 -0.32330236 -0.37136439 -0.29685953 -0.62871259
  2.41216934  0.30247471 -0.19011441 -0.3013776  -0.32113541 -0.34787592
 -0.75035699 -0.16789311 -0.67441898 -0.11817151 -0.2902092  -0.21299439
 -0.32881467 -0.29923993 -0.22789481 -0.23183016 -0.16673145 -0.22523952
 -0.16053931 -0.14321202 -0.17492026 -0.14521515 -0.19806739 -0.24213022
 -0.32345561 -0.05983624 -0.18091134 -0.18530385 -0.12090468 -0.17259996
 -0.20599311 -0.12734332  0.18661585 -0.02176017 -0.0713879  -0.11154623
 -0.08040694 -0.37003629 -0.15519768 -0.2575714  -0.30835494 -0.1030484
 -0.11219552 -0.0265448  -0.15222173]
    Weight (w): [-9.92327359e-02 -1.92644744e-01 -3.57298010e-01 -1.63627889e-01
 -3.43920680e-01  1.31563554e-01 -3.34492286e-01 -2.42424752e-01
 -2.89874204e-01 -2.43352033e-01 -3.45427465e-01 -5.01370685e-01
  2.82052432e-02 -3.57348368e-01  8.94827551e-02 -3.60209771e-01
 -1.20592454e-01 -3.44219407e-01 -2.47150699e-01 -3.62511302e-01
 -4.48480329e-01 -5.29509244e-02  1.88415317e-01 -3.87480873e-01
 -1.04426796e-02 -6.00129920e-01 -1.00078391e-01  9.40176758e-01
  1.10204512e-10  6.07653505e-10  1.19664491e-10 -5.06309877e-01
 -8.09768287e-01  3.15439212e-10  2.76572406e-02 -3.98231352e-01
 -4.08398566e-01  3.29085892e-01 -4.74297033e-01 -7.55297941e-02
  5.41671716e-12 -4.13321565e-01  7.02648180e-01 -2.67765120e-01
 -5.48958177e-01 -1.58806690e+00  8.25019910e-10  5.76739133e-10
 -7.02220165e-01 -3.11427658e-02 -3.66380662e-01 -3.68394851e-01
 -1.13501261e-02 -2.10913575e-01  7.11209934e-01 -3.33783323e-02
 -3.54417780e-01]
    Xi: 0.340448
    Gamma: 1.000000
    QP Objective: 2.623065867828184

  Function 128:
    Center: [-0.34243371 -0.16507191  0.1375625  -0.04689958  0.05617838 -0.35026618
 -0.29179389 -0.26256156  0.93304405 -0.37136439 -0.29685953 -0.62871259
 -0.31205521 -0.17492717 -0.19011441 -0.3013776  -0.32113541 -0.34787592
 -0.14763778 -0.16789311  2.24059751  0.90557541 -0.2902092  -0.21299439
 -0.32881467 -0.29923993 -0.22789481 -0.23183016 -0.16673145 -0.22523952
 -0.16053931 -0.14321202 -0.17492026 -0.14521515 -0.19806739 -0.24213022
  0.50317542 -0.05983624 -0.18091134 -0.18530385 -0.12090468 -0.17259996
 -0.20599311 -0.12734332 -0.29777621  0.18679726 -0.0713879  -0.11154623
 -0.15845336  1.89019771 -0.15519768 -0.32991229 -0.30835494  0.01342151
 -0.08537209 -0.18049348 -0.09449281]
    Weight (w): [-1.12149167e-01 -1.68306365e-01 -8.73519461e-02 -7.26469934e-02
 -4.69683994e-02  5.58262425e-02 -5.38228819e-02 -7.09729489e-02
 -2.74273781e-02 -1.25176523e-01 -1.38454305e-01 -1.00205422e-01
 -7.95830406e-02  5.49590576e-02 -1.84670241e-02 -8.13401387e-02
 -7.99212452e-02 -1.37033051e-01 -1.43938531e-01 -1.17224513e-01
 -3.40655343e-02 -1.71232980e-01 -1.01033410e-01 -1.24182462e-01
  1.51348134e-01 -2.06728382e-01 -1.02302355e-01  7.18643595e-01
  1.49799840e-10  6.31008983e-10  4.22593608e-10 -1.50827356e-01
 -1.63634855e-01  8.38218620e-02 -2.30883636e-02 -1.16304823e-01
 -1.47060383e-01 -3.95845149e-02  2.38913069e-01 -8.57026120e-02
  1.25144215e-11  1.48575540e-01  4.22039895e-01 -3.05531677e-01
 -1.22584776e-01 -1.20619471e+00  1.01565896e-09  4.42985268e-01
 -3.86380157e-02 -7.94473831e-02 -1.39494753e-01 -3.10318487e-02
  2.57926709e-02  3.26000689e-01  5.36136345e-02  4.51788585e-01
 -1.27970653e-01]
    Xi: 0.116702
    Gamma: 1.000000
    QP Objective: 2.3204589177862074

  Function 129:
    Center: [-4.76652344e-02 -1.65071912e-01  5.14480750e-01 -4.68995838e-02
 -4.64314403e-01 -2.15522770e-02 -2.91793886e-01 -2.62561558e-01
 -2.41852633e-04 -3.71364386e-01 -2.96859527e-01 -5.24256355e-01
 -1.30549509e-02 -1.74927167e-01 -1.90114405e-01 -1.92379436e-01
 -3.21135414e-01 -3.47875919e-01 -8.85546346e-01 -1.67893113e-01
 -5.99461418e-01 -1.18171509e-01 -2.90209203e-01 -2.12994388e-01
 -3.28814669e-01 -2.99239934e-01 -2.27894812e-01 -2.31830156e-01
 -1.66731450e-01 -2.25239518e-01 -1.60539307e-01 -1.43212021e-01
 -1.74920257e-01 -1.45215148e-01 -1.98067390e-01 -2.42130222e-01
 -3.23455613e-01 -5.98362369e-02 -1.80911344e-01 -1.85303849e-01
 -1.20904684e-01 -1.72599962e-01 -2.05993114e-01 -1.27343320e-01
 -2.97776209e-01 -9.85971185e-02 -7.13879045e-02 -1.11546231e-01
 -1.58453362e-01 -4.51419514e-01 -1.55197675e-01 -2.88224323e-01
 -3.08354941e-01 -1.03048405e-01 -1.18594057e-01 -2.65447996e-02
  3.74589989e-02]
    Weight (w): [-3.45407174e-01 -1.79444189e-01 -3.63982352e-01 -6.29288556e-02
 -1.93266211e-01 -3.53348143e-02 -3.79930970e-01 -3.49564333e-01
 -3.50760728e-01 -4.18538960e-01 -4.02854190e-01 -5.24140034e-01
 -1.83022559e-01 -2.63414034e-01 -1.41785503e-02 -3.15864242e-01
 -3.12112691e-01 -2.63786958e-01 -1.72182518e-01 -4.09336291e-01
 -4.19521972e-01  1.03790985e-08  2.49974324e-01 -4.67561427e-01
  1.29365639e-01 -3.32828525e-01 -1.04627409e-01  1.17385379e+00
  3.28123954e-01  2.94851109e-01  2.35557294e-10 -2.40361953e-01
 -1.00737495e+00  6.01145057e-10 -4.73482098e-02  4.55354948e-02
 -4.97261275e-01  6.48015235e-02 -3.00781022e-01  1.50710962e-01
  1.04308310e-11  2.59403285e-01  1.01996096e+00 -3.78999876e-01
 -6.67102133e-01 -2.42363818e+00  1.44438897e-09  6.54707963e-10
 -6.23847059e-01  1.03565788e-01 -5.81389067e-01 -1.76317279e-01
  5.39704123e-01 -3.82186876e-01  7.52199544e-01  5.63883606e-01
 -3.67780897e-01]
    Xi: 0.395318
    Gamma: 1.000000
    QP Objective: 3.00059003098564

  Function 130:
    Center: [-0.34243371 -0.16507191  1.7841001  -0.04689958 -0.4643144  -0.35026618
 -0.29179389 -0.26256156  1.79453874 -0.37136439 -0.29685953 -0.62871259
 -0.31205521 -0.17492717 -0.19011441 -0.3013776  -0.32113541 -0.34787592
  0.06077914 -0.16789311  0.7997465  -0.11817151 -0.2902092  -0.21299439
 -0.32881467 -0.29923993 -0.22789481 -0.23183016 -0.16673145 -0.22523952
 -0.16053931 -0.14321202 -0.17492026 -0.14521515 -0.19806739 -0.24213022
  1.07000813 -0.05983624 -0.18091134 -0.18530385 -0.12090468 -0.17259996
 -0.20599311 -0.12734332 -0.29777621 -0.19738748 -0.0713879  -0.11154623
 -0.15845336 -0.51430655 -0.15519768  0.05386226  0.96475169 -0.1030484
  0.07553694  0.07095603 -0.25448438]
    Weight (w): [-2.31665021e-02 -9.16016406e-02 -4.74729155e-03 -1.30168053e-01
 -1.03598410e-01 -4.27549241e-02 -1.72600244e-01 -2.35635868e-01
 -3.43993917e-02 -9.49145926e-02 -2.00290174e-01 -1.04469366e-01
 -3.82244583e-02 -2.50428427e-01  2.09918186e-01 -1.19376773e-01
 -1.57876400e-01 -1.88299758e-01 -1.15984698e-01 -1.57209893e-01
 -1.17337388e-01  9.62805231e-11 -1.42164030e-02 -1.70040877e-01
 -3.80605191e-02 -5.85493335e-01 -1.07060604e-01  3.24161133e-02
  2.81160912e-12  7.41199205e-12  8.95018559e-12 -2.89003506e-01
 -3.92702177e-01  5.19084341e-12 -3.73969493e-01 -2.93807360e-01
 -2.30747891e-01  4.18860943e-02 -2.84260385e-01  1.88196889e-01
  8.28034455e-14 -3.68939533e-01 -1.39416972e-01 -4.34696861e-01
 -2.02864631e-01 -7.51641884e-01  8.02518635e-12  4.39402441e-12
 -3.39339092e-01  6.61160616e-02  4.70557699e-02 -2.24720257e-01
 -5.04160930e-02 -2.34926823e-02 -3.34566474e-01  2.12300422e-01
 -1.41052656e-01]
    Xi: 0.196216
    Gamma: 1.000000
    QP Objective: 2.7656686322133424

  Function 131:
    Center: [-0.34243371 -0.16507191  3.03388165 -0.04689958  2.52480128 -0.35026618
 -0.29179389 -0.26256156 -0.32330236 -0.37136439  0.6955842  -0.62871259
 -0.31205521 -0.17492717 -0.19011441  0.1830587  -0.32113541  0.02872603
  1.10286375 -0.16789311 -0.0081295  -0.11817151 -0.2902092  -0.21299439
 -0.32881467 -0.29923993 -0.22789481 -0.23183016 -0.16673145 -0.22523952
 -0.16053931 -0.14321202 -0.17492026 -0.14521515 -0.19806739 -0.24213022
 -0.32345561 -0.05983624 -0.18091134 -0.18530385 -0.12090468 -0.17259996
 -0.20599311 -0.12734332  0.09764588 -0.19738748 -0.0713879  -0.11154623
 -0.15845336 -0.51430655 -0.15519768  0.03914886 -0.30835494 -0.1030484
 -0.11396063 -0.18049348 -0.19675546]
    Weight (w): [ 4.88036355e-02 -1.36374583e-01 -3.70677354e-02 -4.54015350e-02
 -6.73197533e-02 -4.33347330e-02 -4.87715304e-02 -2.15717781e-01
 -2.75156161e-01 -1.73467757e-01 -1.16493379e-01 -2.62931532e-01
 -2.66596352e-01 -3.26544530e-01  3.21028870e-01  8.00873882e-02
 -5.56606117e-02 -1.32039392e-01 -1.72998944e-01  7.02906785e-02
 -1.57956687e-01  2.61125442e-01 -7.24343850e-02 -2.19347334e-01
 -4.99261044e-02 -6.80635979e-01 -1.09609666e-01  2.74166003e-02
  1.03482328e-10  7.62027088e-10  2.56298455e-10 -8.66128578e-01
 -2.28351833e-02  2.71639824e-10 -3.00143817e-01 -2.33297378e-01
 -1.74291620e-01 -1.07917626e-01 -7.32110164e-02  1.57789570e-01
  8.95902875e-12 -4.09504395e-01 -1.58510969e-01 -4.59415693e-01
 -3.13896916e-01 -6.77530229e-01  1.26716300e-09  2.81076823e-01
 -1.01899404e+00  1.19047564e-01 -4.19156911e-01 -9.68270224e-02
  2.86977113e-01 -1.60059056e-01  5.72125646e-01  6.38391817e-01
 -2.16476965e-01]
    Xi: 0.191813
    Gamma: 1.000000
    QP Objective: 2.8289736087225457

  Function 132:
    Center: [-0.34243371 -0.16507191 -0.55676058 -0.04689958 -0.4643144  -0.35026618
 -0.29179389 -0.26256156  0.64587916 -0.37136439 -0.29685953  0.32299981
  0.58494556 -0.17492717 -0.19011441 -0.3013776   3.37249946 -0.34787592
 -0.17016934 -0.16789311 -0.22467358 -0.11817151 -0.2902092  -0.21299439
 -0.16725099 -0.29923993 -0.22789481 -0.23183016 -0.16673145 -0.22523952
 -0.16053931 -0.14321202 -0.17492026 -0.14521515 -0.19806739  1.09922014
  0.31423118 -0.05983624 -0.18091134 -0.18530385 -0.12090468 -0.17259996
 -0.20599311 -0.12734332 -0.29777621 -0.19738748 -0.0713879  -0.11154623
 -0.15845336 -0.18137519 -0.15519768 -0.27473704 -0.30835494 -0.1030484
 -0.11745934 -0.22667809 -0.32705787]
    Weight (w): [-7.43920598e-02 -5.65039853e-02 -2.02856166e-01 -1.88172074e-01
 -7.14102727e-02  5.56095308e-02 -7.84012727e-02 -1.03670620e-01
 -6.88016801e-02 -1.59154567e-01 -1.52630472e-01 -1.49849365e-01
 -1.02093493e-01 -1.78383925e-01  4.60154151e-02 -1.22845738e-01
  6.13914396e-02 -1.28533563e-01 -1.56143143e-01 -1.56562312e-01
 -1.29193302e-01  1.25211075e-09  2.64791302e-01 -1.83998828e-01
 -1.00268958e-01 -3.05088813e-02 -1.15090150e-01  1.99842885e-01
  7.85519387e-06  1.02056806e-05  8.49681216e-11 -4.87174768e-01
 -4.93093275e-02  9.54070398e-02 -3.25191399e-01 -1.94466816e-01
 -2.20567941e-01 -1.13292395e-01 -4.05684831e-02 -4.00125772e-02
  1.17863601e-12  4.82369805e-02 -2.11587797e-01 -3.98648509e-01
 -1.86488791e-01 -4.71602225e-01  2.34134972e-10  5.26919201e-01
 -1.02492376e-01 -1.34102469e-01 -4.00891485e-01 -1.99971726e-01
  4.92434299e-02  1.78265943e-01  2.68733653e-01  7.97800373e-01
 -1.87948441e-01]
    Xi: 0.171460
    Gamma: 1.000000
    QP Objective: 2.4946247708487976

  Function 133:
    Center: [-0.34243371 -0.16507191 -0.55676058 -0.04689958 -0.4643144  -0.35026618
 -0.29179389 -0.26256156 -0.32330236 -0.37136439 -0.29685953 -0.62871259
 -0.31205521 -0.17492717 -0.19011441 -0.3013776  -0.32113541 -0.34787592
 -0.93624235 -0.16789311 -0.67441898 -0.11817151 -0.2902092  -0.21299439
 -0.32881467 -0.29923993 -0.22789481 -0.23183016 -0.16673145 -0.22523952
 -0.16053931 -0.14321202 -0.17492026 -0.14521515 -0.19806739 -0.24213022
 -0.32345561 -0.05983624 -0.18091134 -0.18530385 -0.12090468 -0.17259996
 -0.20599311 -0.12734332 -0.29777621 -0.19738748 -0.0713879  -0.11154623
 -0.15845336  2.70033069 -0.15519768  1.80230482 -0.30835494 -0.1030484
 -0.13211609 -0.26259945 -0.45736028]
    Weight (w): [-1.23355802e-01 -2.91249638e-01  2.96414897e-02  9.09290560e-01
 -4.97040620e-03  1.39776984e-01 -2.23980430e-02 -4.04321775e-03
 -2.35522587e-02 -1.04034912e-01 -8.03202916e-02 -1.21105771e-01
 -1.82514157e-02 -1.10523684e-01  6.90679354e-04  1.21719365e-01
  1.14307491e-01 -8.76328382e-03 -7.19794174e-02 -6.87433395e-02
 -1.31233921e-01  2.17683714e-01 -1.20571523e-01 -8.66702118e-02
  2.45456107e-01 -5.37393449e-01 -1.18041179e-01  3.96166407e-01
  6.11868015e-02  7.94946872e-02  8.52621305e-12 -2.87003257e-02
 -1.33906120e-01  1.13781263e+00 -4.63783265e-02 -9.89723383e-02
  9.17606460e-02  4.83113815e-02  7.73881310e-02  1.34035718e-01
  4.04225662e-13  1.87429632e-01  1.93832750e-01 -3.63760461e-01
 -1.28395849e-01 -7.59392276e-02  9.96263606e-11  1.67641527e-11
 -1.28865561e-01 -5.43772543e-01  3.38187409e-01 -7.85618172e-02
  1.82509636e-01  1.78632925e-01  1.03119149e+00  4.29117465e-01
 -1.00490111e-01]
    Xi: 0.074769
    Gamma: 1.000000
    QP Objective: 2.5405650889484748

  Function 134:
    Center: [-0.34243371 -0.16507191 -0.55676058 -0.04689958 -0.4643144  -0.35026618
 -0.29179389 -0.26256156 -0.32330236 -0.37136439 -0.29685953 -0.62871259
 -0.31205521 -0.17492717 -0.19011441 -0.3013776  -0.32113541 -0.34787592
 -0.93624235 -0.16789311 -0.67441898 -0.11817151 -0.2902092  -0.21299439
 -0.32881467 -0.29923993 -0.22789481 -0.23183016 -0.16673145 -0.22523952
 -0.16053931 -0.14321202 -0.17492026 -0.14521515 -0.19806739 -0.24213022
 -0.32345561 -0.05983624 -0.18091134 -0.18530385 -0.12090468 -0.17259996
 -0.20599311 -0.12734332 -0.29777621 -0.19738748 -0.0713879  -0.11154623
 -0.06808382 -0.43292333  0.01850506 -0.30293772 -0.21887141 -0.05180164
 -0.05388373 -0.24207296  9.26748797]
    Weight (w): [-1.76862113e-01 -1.93854140e-01 -1.82536177e-01 -1.81820885e-01
 -1.78257465e-01 -1.62263870e-01 -1.86902842e-01 -1.74053799e-01
 -1.96599199e-01 -1.89113705e-01 -1.77618199e-01 -1.93299161e-01
 -1.92717283e-01 -1.66497872e-01 -6.34215796e-02 -1.84407888e-01
 -1.86650653e-01 -1.80081345e-01 -1.82703416e-01 -1.84463404e-01
 -1.94441314e-01  2.34625076e-10  9.50886529e-02 -1.84905764e-01
  2.05379888e-01 -3.32979476e-01 -1.21147526e-01  9.48270708e-11
  1.30676661e-11  4.34430920e-02  7.41529274e-12 -2.35400508e-01
 -2.39084708e-01  1.27184118e-01 -1.57252280e-01 -1.91346162e-01
  2.66074913e-02 -1.19277388e-01 -2.14539091e-01 -1.91449316e-01
  2.97578180e-13 -1.49409960e-01 -1.24894823e-01 -2.08145328e-01
 -2.16888385e-01 -2.86595799e-01  1.68182061e+00  6.21245271e-01
 -2.06126425e-01 -1.62339685e-01 -1.30191289e-01 -1.91113895e-01
 -1.44844858e-01  6.14049738e-02  3.38823639e-01  8.29009311e-01
 -1.83324194e-02]
    Xi: 0.182005
    Gamma: 1.000000
    QP Objective: 2.1240366878806567

  Function 135:
    Center: [-0.34243371 -0.16507191 -0.55676058 -0.04689958 -0.4643144   0.48978046
  0.29584203  0.31096467 -0.32330236 -0.37136439 -0.29685953 -0.09482515
 -0.31205521  1.19760324 -0.19011441 -0.3013776  -0.32113541 -0.34787592
 -0.80668589 -0.16789311 -0.67441898 -0.11817151  0.36646769 -0.21299439
 -0.32881467 -0.29923993 -0.22789481 -0.23183016 -0.16673145 -0.22523952
 -0.16053931 -0.14321202  0.23886283 -0.14521515 -0.19806739 -0.24213022
  0.21975907 -0.05983624 -0.18091134 -0.18530385 -0.12090468 -0.17259996
 -0.20599311 -0.12734332 -0.29777621 -0.19738748 -0.0713879  -0.11154623
  0.14140919 -0.51430655 -0.15519768 -0.32991229 -0.30835494 -0.1030484
 -0.06327665  0.11200902 -0.12583136]
    Weight (w): [-2.75956150e-01 -3.91227429e-01 -3.22691117e-01 -1.65675692e-01
 -2.76724889e-01  7.45703838e-02 -1.42083340e-01 -1.91109655e-01
 -2.36748169e-01 -2.24107392e-01 -2.10951305e-01 -2.48011010e-01
 -2.51029261e-01 -1.85403732e-01  2.54590050e-01 -2.56600381e-01
 -1.56583050e-01 -2.56299087e-01 -2.47825805e-01 -2.88524191e-01
 -3.05373805e-01  1.28882023e-01  5.00047968e-01 -3.02374694e-01
 -1.84424996e-01 -6.22981869e-01 -1.24421783e-01  1.95160517e-09
  8.73002727e-11  7.77231431e-10  1.89161823e-10 -4.52887674e-01
 -3.60837165e-01  3.11065437e-10 -6.20326091e-01 -2.76782117e-01
 -2.96614547e-01 -9.38206307e-02 -4.43607799e-01  2.76383940e-01
  4.72211703e-12  6.53414455e-02 -1.64039649e-01 -4.14911371e-01
 -4.27750897e-01 -2.48703765e-01  6.61765384e-10  1.71808220e-01
 -6.29227073e-01  1.35071856e-02  1.43928998e-01 -2.91461994e-01
 -2.99082762e-02  3.41245387e-01  2.00006700e-01 -3.71364326e-02
  1.07811165e-01]
    Xi: 0.277821
    Gamma: 1.000000
    QP Objective: 2.3779636248304126

  Function 136:
    Center: [ 2.44149075  0.49362073 -0.55676058 -0.04689958  2.06379339 -0.35026618
 -0.29179389 -0.26256156 -0.32330236  0.9471083  -0.29685953  0.35781856
 -0.31205521 -0.17492717 -0.19011441 -0.3013776  -0.32113541 -0.34787592
 -0.93624235 -0.16789311  0.03351359 -0.11817151 -0.2902092  -0.21299439
 -0.32881467  0.65919884 -0.22789481 -0.23183016 -0.16673145 -0.22523952
 -0.16053931 -0.14321202 -0.17492026 -0.14521515 -0.19806739 -0.24213022
 -0.32345561 -0.05983624 -0.18091134 -0.18530385 -0.12090468 -0.17259996
 -0.20599311 -0.12734332 -0.29777621 -0.19738748 -0.0713879  -0.11154623
 -0.15845336  0.50298371 -0.15519768 -0.32991229 -0.30835494 -0.1030484
 -0.11478015 -0.24207296 -0.41612534]
    Weight (w): [-6.99416909e-03 -2.56315832e-02 -1.10368355e-02  1.46344241e-02
  3.63008990e-03 -2.34868024e-03 -9.73456907e-04 -8.47757713e-03
 -1.38239545e-02 -3.76964793e-03 -6.61272724e-03 -5.22356898e-03
 -3.36734117e-03 -7.36471638e-03  4.98045480e-03 -4.11952532e-04
  1.07091830e-03 -4.20163825e-03 -1.10539210e-02 -9.71465178e-03
 -3.74881325e-03  1.30818239e-03  4.22466797e-03 -9.39224547e-03
  3.68069458e+00 -1.96806635e+00 -5.99720334e-02  4.78593462e-09
  1.20240024e-10  3.07862940e-10  3.25620890e-11 -6.55427579e-03
 -5.25350040e-03  2.47222316e-10 -1.59307270e-02 -9.29787279e-04
  2.80264602e-02 -5.30180058e-03 -2.13123917e-02 -1.33460563e-02
  2.44860284e-12 -2.63091091e-02 -1.91848550e-02 -1.16028242e-02
 -1.33972596e-02 -1.66229017e-02  3.79804130e-10  1.07653928e-10
 -2.67411322e-02 -1.14725208e-02 -1.44995345e-03 -6.70989363e-03
  1.25920576e-02 -1.01648734e-02  4.46027531e-03  7.30081119e-02
 -9.97820918e-03]
    Xi: 0.008770
    Gamma: 1.000000
    QP Objective: 2.275781815349945

  Function 137:
    Center: [-0.34243371 -0.16507191 -0.55676058 -0.04689958 -0.4643144  -0.35026618
 -0.29179389 -0.26256156 -0.32330236 -0.37136439 -0.29685953  0.52030604
 -0.31205521 -0.17492717 -0.19011441 -0.3013776  -0.32113541 -0.34787592
  2.40969418 -0.16789311 -0.67441898 -0.11817151 -0.2902092  -0.21299439
 -0.32881467 -0.29923993 -0.22789481 -0.23183016 -0.16673145 -0.22523952
 -0.16053931 -0.14321202 -0.17492026 -0.14521515 -0.19806739 -0.24213022
 -0.32345561 -0.05983624 -0.18091134 -0.18530385 -0.12090468 -0.17259996
 -0.20599311 -0.12734332  0.68089346 -0.19738748 -0.0713879  -0.11154623
  0.62611853 -0.51430655 -0.15519768  0.60929317 -0.30835494 -0.1030484
 -0.13211609 -0.26259945 -0.43756751]
    Weight (w): [-1.85759457e-01 -3.67082745e-01 -2.52396159e-01 -1.14186878e-02
 -2.42166068e-01 -2.31135351e-01 -1.75698555e-01 -2.42809198e-01
 -3.08422068e-01 -5.82863990e-02 -2.32646251e-01 -1.37264691e-01
 -2.56855756e-01 -1.03005178e-01 -1.10393111e-01 -1.77179584e-01
 -5.28944796e-02 -2.38143261e-01  6.87480622e-02 -2.24780749e-01
 -2.70919684e-01  7.19948427e-01  3.51181870e-03 -2.53119763e-01
  2.32182699e-02 -4.04326138e-01 -1.31531600e-01  2.46295958e-11
  1.78811426e-12  1.42891948e-11  4.30687855e-12 -6.91072796e-01
 -6.10114726e-01  5.26275661e-12 -1.50953127e-01 -2.89548643e-01
 -2.35806347e-01  5.22874329e-02 -3.43649549e-01 -2.27836384e-01
  2.17004436e-13  1.98984808e-01 -4.53012059e-01 -4.86807881e-01
 -2.42574305e-01 -3.93988676e-01  1.47236740e-11  1.21791267e-11
 -9.32992816e-01  2.29590559e-01 -4.88416638e-01 -2.98875145e-02
  8.68220716e-02 -3.57936013e-03  1.12438714e+00  1.50615351e-01
 -2.67908940e-01]
    Xi: 0.243847
    Gamma: 1.000000
    QP Objective: 2.6448269435629026

  Function 138:
    Center: [ 0.4108635  -0.16507191 -0.55676058 -0.04689958 -0.4643144   0.48978046
 -0.29179389 -0.26256156 -0.32330236 -0.37136439 -0.29685953  0.4390623
  1.21616832 -0.17492717 -0.19011441 -0.3013776  -0.32113541 -0.34787592
  0.61843523 -0.16789311  1.62427974 -0.11817151 -0.2902092   1.34601964
 -0.32881467 -0.29923993 -0.22789481 -0.23183016 -0.16673145 -0.22523952
 -0.16053931 -0.14321202  0.65264592 -0.14521515 -0.19806739 -0.24213022
 -0.32345561 -0.05983624 -0.18091134 -0.18530385 -0.12090468 -0.17259996
 -0.20599311 -0.12734332 -0.29777621 -0.19738748 -0.0713879  -0.11154623
 -0.15845336  1.13185406 -0.15519768 -0.0822367   0.18380449 -0.1030484
 -0.10232979 -0.23180971 -0.23304221]
    Weight (w): [-4.92069633e-03 -1.87134624e-01 -4.39866891e-02 -1.42776045e-01
 -7.37427514e-02  7.45243468e-02 -1.32612923e-02  3.73643085e-02
 -1.01064039e-01 -6.16593486e-02 -1.20650002e-01 -9.30234102e-02
 -1.88260745e-02 -6.51524194e-02  6.02042308e-03 -4.11086751e-02
  2.04827860e-02 -8.58271411e-02 -1.28951779e-01 -1.11026350e-01
 -4.05127366e-02  1.63006307e-09  2.08190426e-01 -9.43797726e-02
 -2.15692433e-01 -1.90877883e-01 -1.35400176e-01  6.17909227e-10
  3.15123735e-11  2.24727468e-10  1.59269293e-10 -2.39844248e-01
 -7.34700602e-01  7.22966755e-01 -8.54585760e-02 -3.02563600e-02
 -1.12711446e-01  6.01798266e-01 -1.87312198e-01 -1.20158880e-01
  1.91417424e-12 -1.79701623e-02 -5.79864815e-02 -3.06727985e-01
 -1.02346273e-02 -1.42048088e-01  3.39953770e-10  7.44258246e-11
 -3.05686900e-01 -1.72169486e-01 -3.99411938e-02 -9.11866131e-02
  3.80474537e-02  4.92159448e-01  6.45958899e-01  1.15215219e+00
 -1.18976631e-01]
    Xi: 0.099506
    Gamma: 1.000000
    QP Objective: 2.5381882179772086

  Function 139:
    Center: [-0.34243371 -0.16507191 -0.55676058 -0.04689958 -0.4643144  -0.35026618
 -0.29179389 -0.26256156 -0.32330236 -0.37136439 -0.29685953  1.40238096
 -0.31205521 -0.17492717 -0.19011441 -0.3013776  -0.32113541 -0.34787592
  1.03526907 -0.16789311  2.24059751 -0.11817151 -0.2902092  -0.21299439
 -0.32881467 -0.29923993 -0.22789481 -0.23183016 -0.16673145 -0.22523952
 -0.16053931 -0.14321202 -0.17492026 -0.14521515 -0.19806739 -0.24213022
 -0.32345561 -0.05983624 -0.18091134 -0.18530385 -0.12090468 -0.17259996
 -0.20599311 -0.12734332  1.43219543 -0.19738748 -0.0713879  -0.11154623
  1.17655116 -0.51430655 -0.15519768 -0.32991229  2.33954416 -0.1030484
 -0.1281761  -0.2523362  -0.43756751]
    Weight (w): [-6.78978109e-02 -5.83919869e-03 -1.43169186e-01  1.21194147e-01
 -1.03965139e-01 -8.95701200e-02 -1.19424397e-01 -8.48163580e-02
 -7.00278905e-02 -5.62876061e-02 -1.04578800e-01 -5.02955006e-02
 -1.85745331e-02 -2.64827642e-03  8.79045863e-02 -1.13701317e-02
 -9.32146829e-02 -1.13170917e-01 -5.00092466e-02 -4.66276368e-02
  1.16776842e-02  2.32026710e-01 -1.53329696e-02 -1.13999393e-01
  3.08918156e-02 -3.24767432e-01 -1.39503212e-01  1.76243397e-09
  1.06325113e-10  1.15529620e-09  3.24722422e-10 -6.16934295e-01
 -2.57820401e-01  2.75507746e-10  1.67417811e-01 -1.43261398e-01
 -1.13733877e-01 -6.69162711e-02 -1.82749672e-01 -1.97452971e-01
  1.34247248e-11 -3.78195413e-01 -3.10028222e-01 -5.59724055e-01
 -2.31319085e-01 -2.18187500e-01  1.01916873e-09  4.27369078e-09
 -4.79346663e-01  2.96331678e-01 -2.97404011e-01  1.04376005e-01
  7.91101228e-03  1.55308218e-01  1.29317975e+00  3.73501479e-01
 -1.17489235e-01]
    Xi: 0.101129
    Gamma: 1.000000
    QP Objective: 2.436228923084731

  Function 140:
    Center: [-0.34243371 -0.16507191 -0.55676058 -0.04689958  0.82948194 -0.35026618
  1.93100284 -0.26256156 -0.32330236 -0.37136439 -0.29685953 -0.62871259
 -0.31205521 -0.17492717 -0.19011441  2.88379107 -0.32113541  1.29034255
  0.54520766 -0.16789311 -0.67441898 -0.11817151 -0.2902092  -0.21299439
 -0.32881467 -0.29923993 -0.22789481 -0.23183016 -0.16673145 -0.22523952
 -0.16053931 -0.14321202 -0.17492026 -0.14521515 -0.19806739 -0.24213022
 -0.32345561 -0.05983624 -0.18091134 -0.18530385 -0.12090468 -0.17259996
 -0.20599311 -0.12734332 -0.29777621 -0.19738748 -0.0713879  -0.11154623
 -0.15845336 -0.51430655 -0.15519768  0.64852891  0.33836696 -0.1030484
  0.41803205  0.43016963 -0.13242895]
    Weight (w): [-1.57841003e-01  5.43503815e-02 -9.83479711e-02  5.29694992e-01
 -1.39664190e-01 -8.35268221e-02  8.08470241e-02 -1.60522472e-01
 -2.56572888e-01 -2.01301265e-01 -1.56229382e-01 -4.12520180e-02
 -1.47713366e-01 -2.32417127e-01  1.11283924e-02  3.41529489e-03
 -1.36307101e-01 -8.03527071e-02 -1.42571941e-01 -1.08828627e-01
 -1.43444808e-01  2.67933713e-01 -1.77256517e-01 -2.21451955e-01
  5.38513873e-02 -3.16425820e-01 -1.43862687e-01  1.48440600e-09
  7.14768867e-11  4.58128187e-10  1.12338079e-10 -1.19572640e+00
 -4.04225265e-01  2.57260101e-10 -2.02571349e-01 -3.83012510e-01
 -1.09401848e-01  1.24305645e-01 -3.04604469e-01  3.17646732e-01
  1.83940842e-11 -5.87222650e-01 -2.39261223e-02 -1.03593631e-01
  7.29175017e-02 -7.41542647e-01  5.80794915e-10  5.17532112e-10
 -6.32181231e-01  3.13774226e-01  7.53682659e-02 -9.51904823e-02
 -4.57827881e-02  4.83254592e-01 -2.35294893e-01 -5.14006763e-02
 -2.20805678e-01]
    Xi: 0.188883
    Gamma: 1.000000
    QP Objective: 2.9154492427026777

  Function 141:
    Center: [ 4.21010159 -0.16507191  3.58934012 -0.04689958 -0.4643144  -0.35026618
 -0.29179389 -0.26256156 -0.32330236 -0.37136439 -0.29685953  6.67161794
 -0.31205521 -0.17492717 -0.19011441  0.53427501 -0.32113541 -0.34787592
  1.42393847  1.18581387 -0.0997443  -0.11817151 -0.2902092  -0.21299439
 -0.32881467 -0.29923993 -0.22789481 -0.23183016 -0.16673145 -0.22523952
 -0.16053931 -0.14321202 -0.17492026 -0.14521515 -0.19806739 -0.24213022
 -0.32345561 -0.05983624  1.40666484 -0.18530385 -0.12090468 -0.17259996
 -0.20599311 -0.12734332 -0.29777621 -0.19738748 -0.0713879  -0.11154623
 -0.15845336 -0.51430655 -0.15519768 -0.01847863 -0.30835494 -0.1030484
 -0.1005962  -0.20101998 -0.36169522]
    Weight (w): [ 1.84368899e-02 -5.77029025e-02 -6.17674472e-03 -5.74737786e-02
 -3.53902081e-02 -3.67880830e-02 -4.48495082e-02 -2.72031017e-02
 -1.12006864e-01 -5.25330926e-02 -1.02276645e-01 -5.33936141e-02
 -6.76056564e-02 -9.14613883e-02  3.82016914e-02  1.74963955e-02
 -3.41938657e-03 -1.01589172e-01  8.47411400e-02 -6.43068884e-02
 -8.19438882e-02  7.83177557e-02  1.94093329e-02 -1.12336711e-01
 -1.26722024e-01 -1.40778061e-01 -1.48503419e-01  5.95880742e-02
  4.12740227e-10  1.06024624e-09  6.86997517e-10 -7.94258773e-02
 -5.82514182e-02  4.36422413e-10 -3.40226734e-01 -7.67756273e-02
 -3.57460960e-02 -1.37242436e-01 -9.81993768e-02 -1.65542630e-01
  1.17115942e-11 -3.48677071e-01 -4.64094437e-02 -2.48555101e-01
 -1.49852942e-01 -2.98300626e-01  1.43797853e-09  2.60362839e-02
 -2.84020359e-01  8.06802197e-02 -1.96802289e-01 -1.40031915e-02
  3.13937392e-01  3.73647903e-01  6.15151711e-01  2.55549545e-01
 -8.38526643e-02]
    Xi: 0.080680
    Gamma: 1.000000
    QP Objective: 2.2720462403129558

  Function 142:
    Center: [-0.34243371 -0.16507191 -0.55676058 -0.04689958 -0.4643144  -0.35026618
 -0.29179389 -0.26256156 -0.32330236 -0.37136439 -0.29685953 -0.62871259
 -0.31205521 -0.17492717 -0.19011441 -0.3013776  -0.32113541 -0.34787592
  5.93025029 -0.16789311  3.38161826 -0.11817151 -0.2902092  21.81655167
 -0.32881467 -0.29923993 -0.22789481 -0.23183016 -0.16673145 -0.22523952
 -0.16053931 -0.14321202 -0.17492026 -0.14521515 -0.19806739 -0.24213022
 -0.32345561 -0.05983624 -0.18091134 -0.18530385 -0.12090468 -0.17259996
 -0.20599311 -0.12734332 -0.29777621 -0.19738748 -0.0713879  -0.11154623
 -0.15845336 -0.51430655 -0.15519768 -0.32991229 -0.30835494 -0.1030484
 -0.13211609 -0.26259945 -0.45571088]
    Weight (w): [-4.50964687e-02 -1.24621621e-01 -1.67986138e-01 -9.12939039e-02
 -1.49318565e-01 -8.71946087e-02 -5.02013181e-02 -1.30843709e-01
 -1.55613511e-01 -1.59922136e-01 -1.65670879e-01 -4.54373957e-02
 -1.40154290e-01 -7.76425842e-02 -2.13014560e-02 -4.99914077e-02
 -1.03890825e-01 -1.68731179e-01  5.08921402e-03 -1.31833564e-01
 -2.77535947e-02  6.20944206e-09 -1.63725588e-01  8.27956772e-02
 -2.42329711e-01 -2.10842269e-01 -1.53453533e-01  7.45573098e-02
  1.41041588e-10  7.27591119e-10  5.62209764e-10 -3.34600856e-01
 -5.80004087e-02  3.02502072e-10 -3.19356340e-01 -2.54117677e-01
 -2.00995094e-01 -1.51084690e-01  1.96080076e-09 -1.56563732e-01
  1.07584300e-11 -5.94488025e-01 -1.09189661e-01 -3.75538247e-01
 -1.60828310e-01 -6.25266067e-01  8.92124228e-10  6.56713919e-10
 -3.12618166e-01 -9.92118841e-02 -1.42600805e-01 -1.59167152e-01
 -1.59485153e-02  6.27594631e-02  9.58473440e-01  1.40536852e-01
 -1.53400737e-01]
    Xi: 0.131150
    Gamma: 1.000000
    QP Objective: 2.3399150466022376

  Function 143:
    Center: [-0.34243371 -0.16507191  3.03388165 -0.04689958 -0.4643144  -0.35026618
 -0.29179389 -0.26256156 -0.32330236 -0.37136439 -0.29685953  0.4158498
  2.67794735 -0.17492717 -0.19011441 -0.3013776  -0.32113541 -0.34787592
  1.62108961 -0.16789311  1.59096527 -0.11817151 -0.2902092  -0.21299439
 -0.32881467 -0.29923993 -0.22789481 -0.23183016 -0.16673145 -0.22523952
 -0.16053931 -0.14321202 -0.17492026 -0.14521515 -0.19806739 -0.24213022
 -0.32345561 -0.05983624 -0.18091134 -0.18530385 -0.12090468 -0.17259996
 -0.20599311 -0.12734332 -0.29777621 -0.19738748 -0.0713879  -0.11154623
 -0.15845336 -0.51430655 -0.15519768 -0.12882914 -0.30835494 -0.1030484
 -0.11979181 -0.22667809 -0.41447594]
    Weight (w): [ 7.41635244e-02  1.37475617e-01 -9.31465432e-02 -1.89396469e-01
 -1.81381809e-01 -2.50508323e-02 -2.37732448e-02 -1.17118644e-01
 -1.98582922e-01 -1.70171652e-01 -1.72093700e-01  2.69668148e-02
 -8.75502437e-02 -1.76259452e-01  6.29257083e-01 -4.03124712e-02
 -6.44078394e-03 -8.67440312e-02 -4.41738730e-02 -1.21414938e-01
 -5.38701260e-02  1.76997741e-01  7.75305676e-02  2.16447287e-01
 -2.05479299e-01 -3.31187470e-01 -7.98168330e-02  3.80541231e-01
  6.37270622e-12  3.65706934e-11  1.23191590e-11 -6.26597075e-01
  3.58893027e-01  1.35646673e-11 -3.89234808e-01  7.67408822e-03
 -2.28852719e-01 -1.56294509e-01  2.08062460e-10 -1.76675808e-01
  2.13973506e-13 -6.09082842e-01 -6.77261625e-02 -5.88808084e-01
 -2.22021038e-02 -9.48935224e-01  3.67110957e-11  2.38563291e-11
 -6.29453352e-01  1.98896885e-01 -1.49899520e-01 -3.72481563e-02
  1.25730904e-01 -6.33533815e-02  5.85328146e-01  2.78500212e-01
 -1.68322291e-01]
    Xi: 0.146145
    Gamma: 1.000000
    QP Objective: 2.490386616980358

  Function 144:
    Center: [-0.34243371 -0.16507191  1.28815504 -0.04689958 -0.00330651 -0.35026618
 -0.29179389 -0.26256156  0.78946161 -0.37136439  1.24142825  0.45066855
 -0.31205521 -0.17492717 -0.19011441 -0.3013776   1.07523875 -0.34787592
  1.17609132 -0.16789311  2.18229718 -0.11817151 -0.2902092  -0.21299439
 -0.32881467 -0.29923993 -0.22789481 -0.23183016 -0.16673145 -0.22523952
 -0.16053931 -0.14321202 -0.17492026 -0.14521515 -0.19806739 -0.24213022
  0.4087033  -0.05983624 -0.18091134 -0.18530385 -0.12090468 -0.17259996
 -0.20599311 -0.12734332 -0.29777621 -0.19738748 -0.0713879  -0.11154623
  0.06336277 -0.11478892 -0.15519768 -0.26370199 -0.30835494  0.0227391
 -0.07742908 -0.19588835 -0.22809401]
    Weight (w): [ 4.41728086e-02 -2.94032492e-01 -8.23222712e-02 -1.98719244e-02
 -9.69100325e-02  1.63456788e-01 -3.27898936e-02 -8.08090195e-02
 -8.95953850e-02 -8.03644172e-02 -4.82917445e-02  8.58048138e-02
  1.15845235e-01 -1.41476470e-01  3.95817159e-01 -8.32639590e-02
 -7.36607827e-02 -1.36587685e-01 -1.14854355e-01 -1.40709241e-01
 -3.55630239e-02  3.06587390e-01  8.43065162e-02  3.39806778e-01
 -2.12600882e-01 -1.37252623e-01 -1.64414499e-01  3.57888726e-01
  6.94207520e-10  4.98934918e-09  2.00624523e-09 -4.47548575e-01
 -3.85156394e-02  2.03848149e-09 -2.75006697e-01  3.67531498e-02
 -1.85126363e-01 -1.61876436e-01  2.24076829e-08 -1.65203495e-01
  2.82946020e-11 -2.43111812e-01  6.46521561e-02 -3.21892171e-01
  3.92069371e-02 -8.29107209e-01  5.35653343e-09  2.83563271e-09
 -6.21075600e-01  1.69586690e-01 -2.60057010e-01 -9.88686675e-02
  1.48223661e-01 -1.49773256e-01 -5.88592802e-02  7.90550542e-01
 -1.25127596e-01]
    Xi: 0.127525
    Gamma: 1.000000
    QP Objective: 2.4235781362956326

  Function 145:
    Center: [ 2.08121818 -0.16507191 -0.55676058 -0.04689958 -0.4643144  -0.35026618
 -0.29179389 -0.26256156 -0.32330236 -0.37136439 -0.29685953 -0.62871259
 -0.31205521 -0.17492717 -0.19011441 -0.3013776  -0.32113541 -0.34787592
  0.73109302 -0.16789311 -0.67441898 -0.11817151 -0.2902092  -0.21299439
 -0.32881467 -0.29923993 -0.22789481 -0.23183016 -0.16673145 -0.22523952
 -0.16053931 -0.14321202 -0.17492026 -0.14521515 -0.19806739 -0.24213022
 -0.32345561 -0.05983624 -0.18091134 -0.18530385 -0.12090468 -0.17259996
 -0.20599311 -0.12734332 -0.29777621 -0.19738748 -0.0713879  -0.11154623
 -0.15845336 -0.51430655 -0.15519768  0.13233374 -0.30835494 -0.1030484
 -0.13211609 -0.26259945 -0.41282655]
    Weight (w): [-1.19508056e-01 -6.28940135e-01 -2.99116413e-01  1.02144578e+00
 -1.89051826e-01 -2.02537755e-01 -2.45752862e-01 -3.16008731e-01
 -3.19594101e-01 -3.22168267e-01 -2.81685007e-01 -5.82642656e-02
 -1.10607361e-01 -3.40368287e-01 -1.43102171e-01 -2.00485331e-01
  1.15068156e-01 -2.73763466e-01 -2.03186475e-01 -3.04046520e-01
 -2.30935752e-02  3.69430142e-01 -1.77354172e-01  4.31806417e-01
 -3.17613362e-01 -3.27046881e-01 -1.70503925e-01  2.18980408e-09
  6.29703858e-11  5.29837629e-10  2.44475437e-10 -1.22293971e+00
 -2.81471707e-01  2.43683829e-10 -1.12788415e+00 -1.41509769e-01
 -1.32232548e-01 -1.67871879e-01  9.65881408e-10 -2.08554858e-01
  5.78171671e-12 -7.48724459e-01 -3.13189425e-01 -7.14646635e-01
 -2.13926063e-02 -4.32606331e-01  4.59787558e-10  1.85172232e-10
 -4.02172446e-01 -2.12927093e-02 -2.48462208e-01 -2.65152243e-02
  1.24396507e-02 -1.92464485e-02  1.33898458e+00  5.84918910e-01
 -2.98561403e-01]
    Xi: 0.302639
    Gamma: 1.000000
    QP Objective: 2.7375073871229265

  Function 146:
    Center: [-0.34243371  0.80359374 -0.55676058 -0.04689958 -0.4643144  -0.35026618
 -0.29179389 -0.26256156 -0.32330236 -0.37136439 -0.29685953  2.63264333
 -0.31205521 -0.17492717 -0.19011441 -0.3013776  -0.32113541  2.58961926
 -0.4123836  -0.16789311 -0.41623181 -0.11817151 -0.2902092  -0.21299439
 -0.32881467 -0.29923993 -0.22789481 -0.23183016 -0.16673145 -0.22523952
 -0.16053931  0.80040482 -0.17492026 -0.14521515 -0.19806739  0.52790424
 -0.32345561 -0.05983624 -0.18091134 -0.18530385 -0.12090468 -0.17259996
 -0.20599311 -0.12734332 -0.29777621 -0.19738748 -0.0713879  -0.11154623
 -0.15845336  0.09236837 -0.15519768 -0.19626556 -0.08871354 -0.1030484
 -0.09451286 -0.17536186 -0.24293859]
    Weight (w): [-5.81521824e-03 -1.95817141e-03 -6.02351327e-03 -3.90146656e-03
 -7.25902806e-03 -7.10286484e-03 -5.73138817e-03 -7.13669341e-03
 -8.78315490e-03 -6.87824851e-03 -5.80300047e-03  5.45369291e-03
  5.52102643e-03 -7.08122962e-03 -5.53678925e-03 -7.56321283e-03
 -5.84510718e-03  6.46955503e-03 -7.95741693e-03 -6.71212730e-03
 -4.85395253e-03  1.90239882e-06 -6.30620406e-03  2.34795155e+00
 -1.10875661e-02 -1.17788781e-02 -1.04348780e-02  5.50471644e-07
  4.06534950e-08  9.24663214e-07  5.85143419e-08 -2.09031319e+00
 -8.59179541e-03  6.46675547e-08 -1.10944433e-02 -2.31677657e-03
 -3.45304099e-03 -8.84501306e-03  7.49086086e-03 -6.44968263e-03
  5.80174487e-11 -3.00842515e-02 -7.05323685e-03 -5.01891064e-03
 -9.18276910e-03 -1.30199386e-02  1.91592020e-07  1.30797523e-07
 -1.31204677e-02  3.18351336e-03 -9.06817958e-03 -7.48474213e-03
 -1.05090757e-03  3.53499580e-03  4.32753160e-02  1.08246998e-03
 -7.02914210e-03]
    Xi: 0.006778
    Gamma: 1.000000
    QP Objective: 2.138783659664216

  Function 147:
    Center: [-0.34243371 -0.16507191  0.0978869  -0.04689958 -0.4643144   1.43939839
 -0.29179389  3.02898029  0.25102743  7.57049464 -0.29685953 -0.62871259
 -0.31205521  1.79435559 -0.19011441 -0.3013776   0.42209599 -0.34787592
 -0.75035699 -0.16789311 -0.67441898 -0.11817151 -0.2902092  -0.21299439
 -0.32881467 -0.29923993 -0.22789481 -0.23183016 -0.16673145 -0.22523952
 -0.16053931 -0.14321202 -0.17492026 -0.14521515  0.10257032 -0.24213022
 -0.32345561 -0.05983624 -0.18091134 -0.18530385 -0.12090468  0.03607679
 -0.20599311 -0.12734332 -0.29777621  0.16484385 -0.0713879  -0.11154623
 -0.15845336 -0.25535994  0.05507405 -0.32991229 -0.30835494 -0.04947225
 -0.11471711 -0.21641484 -0.22149642]
    Weight (w): [-9.40166224e-02 -1.86481814e-01 -1.07073617e-01 -1.36821819e-02
 -1.45187869e-01  1.23056183e-01 -1.46746837e-01  5.46806643e-02
 -1.66086760e-01  7.46554429e-02 -1.51340730e-01 -9.90527641e-02
 -4.50146009e-04 -2.36680737e-02  9.85080383e-02 -1.33916691e-01
  1.07580943e-02 -1.54402225e-01 -2.08235331e-01 -1.28589136e-01
 -1.52836780e-01  3.76851232e-08  9.22314917e-02  5.64112833e-01
 -2.45613837e-01 -3.01989705e-01 -1.84144237e-01  2.19533124e-01
  1.36102811e-09  2.87220170e-02  1.60228794e-09  3.01554227e-10
 -1.08607168e-01  2.11515042e-09 -2.89882323e-01 -3.47795697e-02
 -8.38323748e-02 -1.12642765e-01  3.01763556e-02 -1.68859272e-01
  4.16026213e-11 -5.72496006e-01  2.11365065e-01 -2.70801520e-01
 -1.41432909e-01 -6.20963991e-01  6.56672458e-09  3.88261017e-09
 -1.51465936e-01 -2.75425157e-02 -7.24538432e-02 -1.48162477e-01
 -7.98062556e-03  4.21502167e-02  7.99699067e-01  1.80818516e-01
 -1.46841977e-01]
    Xi: 0.141930
    Gamma: 1.000000
    QP Objective: 2.0884822173424538

  Function 148:
    Center: [-0.34243371 -0.16507191  0.49464295 -0.04689958  0.32386038 -0.35026618
 -0.29179389  1.05904237 -0.32330236  1.28836006  5.01271442 -0.62871259
 -0.31205521 -0.17492717 -0.19011441  0.9944895  -0.32113541 -0.34787592
  1.1817242  -0.16789311  0.2167432  -0.11817151 -0.2902092  -0.21299439
 -0.32881467 -0.29923993 -0.22789481 -0.23183016 -0.16673145 -0.22523952
 -0.16053931 -0.14321202 -0.17492026 -0.14521515 -0.19806739 -0.24213022
 -0.32345561 -0.05983624 -0.18091134 -0.18530385 -0.12090468 -0.17259996
 -0.20599311 -0.12734332  0.22615806 -0.19738748 -0.0713879  -0.11154623
 -0.15845336  0.57326922 -0.15519768  0.12007257 -0.30835494 -0.1030484
 -0.0955215  -0.15996699 -0.35674703]
    Weight (w): [-4.93364837e-02 -1.31828190e-01 -2.50401699e-02 -1.53297215e-01
 -6.84486517e-02  1.74437440e-02 -2.78456658e-02 -9.07631941e-02
 -2.55488315e-01 -6.02738865e-02 -4.74118461e-02 -4.13398559e-02
  1.59392812e-01  9.42096642e-02 -2.38332019e-02  2.95999885e-02
  8.03378931e-02 -2.27460001e-01 -1.39776982e-01 -1.50002166e-01
 -1.57928300e-01  3.34511350e-01 -7.89552666e-03  1.99714026e-01
 -2.08616889e-01 -6.42445392e-02 -1.91816916e-01  9.68036458e-02
  2.75731159e-12  1.43727004e-11  6.46440353e-12  1.58139736e-12
 -4.61636552e-01  6.51583861e-12 -7.70556874e-02 -3.25596206e-01
 -1.10441747e-01  1.42091751e-01  3.63180199e-02  4.66127989e-01
  2.46110415e-13  1.83501938e-01 -1.11901668e-01 -3.74595121e-01
 -2.35157586e-01 -7.07177137e-01  1.39754806e-11  6.74318015e-12
 -6.82598296e-01 -2.82395338e-01  2.24346705e-01 -1.30221802e-01
  1.84427456e-01  3.28260589e-01  6.52145445e-01  1.92566911e-01
 -1.49805570e-01]
    Xi: 0.115915
    Gamma: 1.000000
    QP Objective: 2.665875814074144

  Function 149:
    Center: [-0.34243371  0.43937546  2.53793659 -0.04689958 -0.4643144  -0.35026618
 -0.29179389 -0.26256156 -0.32330236 -0.37136439 -0.29685953  0.27657482
 -0.31205521 -0.17492717 -0.19011441 -0.3013776  -0.32113541  2.58961926
  2.13931547 -0.16789311  2.57374226 -0.11817151 -0.2902092  -0.21299439
 -0.32881467 -0.29923993 -0.22789481 -0.23183016 -0.16673145 -0.22523952
 -0.16053931 -0.14321202 -0.17492026 -0.14521515 -0.19806739 -0.24213022
 -0.32345561 -0.05983624 -0.18091134 -0.18530385 -0.12090468 -0.17259996
 -0.20599311 -0.12734332 -0.29777621 -0.19738748 -0.0713879  -0.11154623
 -0.15845336 -0.00751104 -0.15519768  0.00726983 -0.30835494 -0.1030484
 -0.11241616 -0.22154647 -0.40293016]
    Weight (w): [ 1.40473884e-01 -1.78509319e-02 -4.84577610e-02 -1.55867098e-01
 -8.64066982e-02  2.07732672e-01  4.38880615e-02 -8.87473343e-02
 -5.91229905e-02 -1.11347178e-01 -1.47602828e-01  2.14964266e-01
 -3.11629669e-03  3.55955447e-01 -2.13311464e-02 -2.42160007e-02
 -2.40737226e-02 -1.00035421e-02 -1.24856873e-01 -1.20018257e-01
 -1.76504779e-01  3.45622684e-01 -1.69940378e-01 -7.31324913e-02
 -1.60500782e-01  1.86172308e-02 -1.35003108e-02  3.48393900e-02
  1.72680497e-10  4.13881867e-10  5.31548290e-02  3.58175116e-10
  3.67735440e-01  1.64751079e-10 -7.01685610e-01 -1.05470966e-01
 -2.31387777e-01 -2.06024579e-01  1.53650357e-09 -3.50910254e-01
  4.40468862e-12 -4.44623763e-01 -1.18170753e-01 -2.84370319e-01
  5.43770546e-02 -1.01400241e+00  5.63049021e-10  2.69581510e-10
 -7.36765295e-01  1.33942886e-01 -1.40971770e-01 -9.52982524e-03
  2.93293668e-01  3.79645712e-01  1.10942779e+00  7.78112350e-01
 -1.60118726e-01]
    Xi: 0.127870
    Gamma: 1.000000
    QP Objective: 2.5673273235485587

  Function 150:
    Center: [-0.34243371 -0.16507191 -0.55676058 -0.04689958 -0.4643144  -0.35026618
 -0.29179389 -0.26256156 -0.32330236 -0.37136439 -0.29685953 -0.62871259
 -0.31205521 -0.17492717 -0.19011441 -0.3013776  -0.32113541 -0.34787592
  1.56476071 -0.16789311  3.02348766 -0.11817151 -0.2902092  -0.21299439
 -0.32881467 -0.29923993 -0.22789481 -0.23183016 -0.16673145 -0.22523952
 -0.16053931 -0.14321202 -0.17492026 -0.14521515 -0.19806739 -0.24213022
 -0.32345561 -0.05983624 -0.18091134 -0.18530385 -0.12090468 -0.17259996
 -0.20599311 -0.12734332  1.89681638 -0.19738748 -0.0713879  -0.11154623
 -0.15845336 -0.51430655 -0.15519768  0.13969044 -0.30835494 -0.1030484
 -0.12161997 -0.2523362  -0.45406149]
    Weight (w): [ 1.66018815e-01  1.18116234e-01 -2.98080849e-02  3.29702901e-01
 -3.27487941e-02  1.17023335e-01  3.15388086e-02  1.95362956e-01
  3.82263819e-02  4.17697219e-02  1.91340967e-02  1.03482456e-01
 -3.31079333e-02  5.91754035e-01  1.25028689e-01  2.02012467e-01
  2.32260743e-01 -4.78941745e-02 -3.39785566e-02  1.67764806e-02
 -2.44999886e-01  3.75554090e-01 -5.98020938e-02  1.08314693e-01
 -7.73763733e-02  2.03205836e-01 -1.41431827e-02  4.27032517e-11
  2.77707096e-12  1.42475554e-11  3.32183440e-11  1.91047788e-12
 -4.35719770e-01  5.20149573e-12 -2.10638308e-01 -1.71503245e-01
 -8.99422243e-02  3.34213839e-01  3.28024779e-11 -2.31190774e-01
  9.39782216e-14 -4.65796323e-01 -1.70765209e-01 -3.33525770e-01
 -6.39936694e-01 -4.18449621e-01  1.34329437e-11  2.19414132e-11
 -5.41016676e-01  2.93916815e-01 -6.76130903e-03  6.15780903e-03
  5.97805436e-01  3.50553042e-01  2.00551644e+00  5.73721544e-01
 -2.61279137e-02]
    Xi: 0.000000
    Gamma: 1.000000
    QP Objective: 2.5613163065384166

  Function 151:
    Center: [-0.34243371 -0.16507191  2.67680121 -0.04689958 -0.4643144  -0.35026618
 -0.29179389 -0.26256156 -0.32330236 -0.37136439 -0.29685953  1.26310597
 -0.31205521 -0.17492717 -0.19011441  1.67270032 -0.32113541 -0.34787592
 -0.01808132 -0.16789311  0.68314584 -0.11817151 -0.2902092  -0.21299439
 -0.32881467 -0.29923993 -0.22789481 -0.23183016 -0.16673145 -0.22523952
 -0.16053931 -0.14321202 -0.17492026 -0.14521515 -0.19806739 -0.24213022
 -0.32345561 -0.05983624 -0.18091134 -0.18530385 -0.12090468 -0.17259996
 -0.20599311 -0.12734332 -0.29777621 -0.19738748 -0.0713879  -0.11154623
 -0.15845336 -0.51430655 -0.15519768 -0.32991229 -0.30835494 -0.1030484
 -0.12641099 -0.2523362  -0.4458145 ]
    Weight (w): [-1.85833591e-01 -2.93858784e-01 -3.98322732e-02 -1.68364939e-01
  9.97698962e-02 -1.59778783e-01 -9.80474680e-02 -2.18974617e-01
 -2.39022517e-01 -1.93810446e-03 -1.27165310e-01 -1.44717070e-01
 -8.87629780e-02  1.21970272e-01 -2.03355717e-01  6.82236704e-03
 -1.25865695e-01 -8.23213583e-02 -6.26816626e-02 -1.53545412e-01
  1.47117835e-01  8.23222630e-01  1.09524891e-01  2.27770947e-01
 -8.16131437e-02  2.31960239e-01  3.94951780e-03  8.79344598e-02
  7.27389850e-10  2.90687927e-10  8.01396906e-11  4.03943754e-11
  5.10974037e-02  9.95635687e-11 -8.49509105e-01  1.25365576e-01
 -1.46485833e-01 -1.45927750e-01  7.16805794e-02 -1.43066673e-01
  2.41266436e-12 -2.81075629e-01  1.56910274e-02 -4.73418149e-01
 -7.66846388e-02 -1.04940396e+00  2.84885771e-10  1.37039120e-01
 -6.80721749e-01  1.90968451e-01 -1.28534118e-01 -2.06010874e-02
  6.19782446e-01  1.14147185e-01  8.93830098e-01  6.08291322e-01
 -1.79023892e-01]
    Xi: 0.188893
    Gamma: 1.000000
    QP Objective: 2.887793736971618

  Function 152:
    Center: [-0.08041729 -0.16507191 -0.55676058 -0.04689958 -0.34534462 -0.35026618
 -0.29179389 -0.26256156 -0.32330236 -0.24727284 -0.29685953 -0.62871259
 -0.0462772  -0.17492717 -0.19011441 -0.3013776  -0.1409581  -0.34787592
 -0.89117924 -0.16789311 -0.60779004 -0.11817151 -0.2902092  -0.21299439
 -0.23307323 -0.29923993 -0.22789481 -0.23183016 -0.16673145 -0.22523952
 -0.16053931 -0.14321202  0.11292885 -0.14521515  0.25288918  0.15530692
 -0.13451138 -0.05983624 -0.18091134 -0.18530385 -0.12090468 -0.17259996
 -0.20599311  0.25856586 -0.29777621 -0.19738748 -0.0713879  -0.11154623
 -0.15845336 -0.19987138 -0.15519768 -0.32991229 -0.30835494 -0.08674262
 -0.01051236  0.0401663   2.87442287]
    Weight (w): [-1.37212707e-01 -3.58560942e-01 -2.91114339e-01 -2.35499783e-01
 -2.26489883e-01 -2.32133152e-01 -2.74064055e-01 -2.59939643e-01
 -6.67017971e-02 -2.49064521e-01 -2.74539462e-01 -1.75326084e-01
 -1.93709358e-01  3.05763715e-01  1.05090234e-01 -2.54932204e-01
 -2.46361207e-01 -2.62373960e-01 -3.60172674e-01 -2.64732422e-01
 -6.84571265e-02  4.92531668e-09 -1.34605643e-02 -8.29165792e-02
 -1.38159077e-02 -6.38044189e-01 -1.65003798e-02  2.53263760e-09
  2.77862605e-02  1.28963814e-09  1.40176990e-10  8.17917912e-11
 -2.39172468e-01  2.78777065e-10 -3.30345341e-01 -1.28391669e-01
  3.08452630e-01 -2.16488935e-01  1.71756672e-09 -2.23787336e-01
  6.96840577e-12 -4.43098711e-01 -9.71805374e-02 -4.73832319e-01
 -2.46779484e-01 -6.11918649e-01  1.04906434e-01  3.81048958e-01
 -2.12281591e-01  8.68524301e-03 -3.26348668e-01 -2.37139295e-01
 -1.61217649e-01  5.66269135e-01  7.01454467e-01  2.98135826e-01
 -1.75663010e-02]
    Xi: 0.258982
    Gamma: 1.000000
    QP Objective: 2.0115532434074095

  Function 153:
    Center: [ 0.18159913 -0.16507191  0.77237218 -0.04689958  0.02643593  0.23411409
  0.5513359   1.80712006  0.86125283  0.66790232  1.34067263  1.12383098
 -0.31205521 -0.17492717 -0.19011441 -0.3013776   3.44006596  0.27351729
  0.19596849  3.10847016  2.53209916 -0.11817151 -0.2902092   0.53262102
 -0.32881467 -0.29923993 -0.22789481 -0.23183016 -0.16673145 -0.22523952
 -0.16053931 -0.14321202 -0.17492026 -0.14521515 -0.19806739 -0.24213022
 -0.32345561 -0.05983624 -0.18091134  0.27199847 -0.12090468 -0.17259996
 -0.20599311 -0.12734332 -0.29777621 -0.19738748 -0.0713879  -0.11154623
 -0.15845336  0.2440371  -0.15519768  0.92930966 -0.10091584 -0.1030484
 -0.00654085  0.09148253  0.585059  ]
    Weight (w): [ 7.19129329e-02  1.23664358e-01 -8.21278301e-02 -2.58498281e-01
 -9.23895153e-02  1.31135324e-01 -2.39425081e-01  2.05776649e-01
 -2.48425718e-01 -2.68828986e-02  2.53378072e-02  2.75142699e-01
  2.62806568e-01  3.55355279e-02 -6.84358466e-02 -2.18673955e-01
  1.17789342e-01 -5.65759716e-02 -2.89157413e-01  5.47802471e-02
  2.16136161e-01  6.31688009e-01 -1.05665387e-01  4.08637330e-01
 -2.70117320e-01 -7.42444702e-01 -1.74709902e-02  5.12700193e-09
  3.50218836e-10  2.20942698e-09  6.32811913e-10  2.41309632e-10
 -8.20093768e-01  1.02224902e-09  3.60534252e-09 -4.11971389e-01
 -5.67974544e-02 -1.16085427e-01  9.68490632e-01 -6.57846316e-03
  2.89785395e-11 -5.75395455e-01 -1.06447479e-02  1.91487667e-02
  7.83594245e-02 -9.11305086e-01  3.31580684e-09  2.81796385e-09
 -1.05919488e+00  2.37854306e-01 -7.55697273e-02 -1.46454803e-01
  3.93335707e-01  1.68739465e+00  8.50853937e-01  1.70348449e+00
 -2.04616574e-01]
    Xi: 0.194321
    Gamma: 1.000000
    QP Objective: 2.976211406843404

  Function 154:
    Center: [-2.76929602e-01 -1.65071912e-01 -2.59193543e-01 -4.68995838e-02
 -1.07405068e-01  7.81970588e-01 -2.91793886e-01 -1.62817866e-01
  4.66401100e-01 -3.71364386e-01 -1.97615154e-01 -5.35862603e-01
 -3.12055206e-01 -1.74927167e-01 -1.12839227e-01 -3.01377603e-01
 -3.21135414e-01 -3.10215724e-01 -8.91179236e-01 -1.67893113e-01
 -6.24447274e-01 -1.18171509e-01 -2.90209203e-01 -2.12994388e-01
 -6.55257131e-02  2.30720329e-01 -2.21954675e-01 -2.31830156e-01
 -1.66731450e-01 -2.25239518e-01 -1.60539307e-01 -1.43212021e-01
  2.29760016e-02 -1.45215148e-01 -1.98067390e-01 -2.42130222e-01
 -3.23455613e-01  3.08145784e-02 -1.80911344e-01 -1.85303849e-01
 -1.20904684e-01 -1.46515368e-01 -2.05993114e-01 -1.27343320e-01
 -2.97776209e-01 -1.97387481e-01 -7.13879045e-02 -1.11546231e-01
  6.01472290e-01  4.05790495e-02  2.47061282e-01 -3.29912295e-01
 -2.83950341e-01 -1.03048405e-01 -7.41825339e-02 -8.86685533e-04
  2.96019155e+00]
    Weight (w): [-1.51823773e-01 -3.67357547e-01 -2.86461070e-01 -2.43534987e-01
 -1.88258226e-01  1.95219175e-01 -2.50730050e-01 -2.20412454e-01
  1.32544639e-01 -2.72515219e-01 -2.68738945e-01 -1.34704704e-01
 -1.70565494e-01  7.54775060e-01  2.48177412e-01 -2.64595392e-01
  1.92700324e-01 -2.32711248e-01 -4.36422839e-01  3.13036189e-01
  1.23645367e-03  8.48711802e-09 -2.12357148e-01  3.65964734e-01
 -1.57374250e-02 -2.09235821e-01 -1.42648219e-02  2.78614246e-01
  3.16152561e-10  4.70600063e-01  2.16055102e-10  7.11181104e-11
 -1.67846010e-01  4.23964574e-10  1.32475211e-09 -3.24867547e-01
 -1.93775530e-02 -2.17691574e-01  2.93710923e-09  9.47521187e-02
  1.44495796e-11 -4.19534046e-01 -9.85378259e-02  9.02550817e-02
 -2.40919986e-01 -1.07339776e+00  1.18254317e-09  1.73114751e-01
 -5.26193299e-02  2.41450633e-01 -1.08688354e-01 -1.76682615e-01
 -2.58994715e-01  4.39852944e-01  8.18817019e-01  3.70793050e-02
  1.61544557e-02]
    Xi: 0.257571
    Gamma: 1.000000
    QP Objective: 1.9307907904247323

  Function 155:
    Center: [-0.34243371 -0.16507191 -0.55676058 -0.04689958  5.24623496 -0.35026618
 -0.29179389 -0.26256156 -0.32330236 -0.37136439 -0.29685953 -0.62871259
 -0.31205521 -0.17492717 -0.19011441 -0.3013776  -0.32113541 -0.34787592
  1.22678732 -0.16789311 -0.67441898 -0.11817151 -0.2902092  -0.21299439
 -0.32881467 -0.29923993 -0.22789481 -0.23183016 -0.16673145 -0.22523952
 -0.16053931 -0.14321202 -0.17492026 -0.14521515 -0.19806739 -0.24213022
 -0.32345561 -0.05983624 -0.18091134 -0.18530385 -0.12090468 -0.17259996
 -0.20599311 -0.12734332 -0.29777621 -0.19738748 -0.0713879  -0.11154623
 -0.15845336 -0.51430655 -0.15519768 -0.32991229 -0.30835494 -0.1030484
 -0.13211609 -0.26259945 -0.45571088]
    Weight (w): [ 2.03345045e-01 -3.95013539e-01 -6.37522103e-02 -1.00670925e-01
 -1.22004179e-01  2.07959299e-01  1.48025410e-03  1.00925761e-01
 -2.32372835e-02 -2.90601960e-02 -7.08000279e-03  2.95539166e-01
  2.45010725e-02  5.84059700e-01  7.13384600e-03  1.60456858e-02
  2.33723611e-01  5.11879900e-02 -3.23539693e-01  2.07332768e-01
  3.85750191e-01  2.94810591e-03  3.35499556e-02  2.62906606e-01
 -1.34403020e-01 -2.53264611e-01  1.54618922e-11  6.51827296e-01
  6.87902075e-11  4.70619121e-01  2.55414199e-10  3.94557448e-11
 -2.86261520e-01  1.59034884e-10  1.44662628e-09  8.28180612e-03
 -8.39930952e-02  1.02296522e-09  4.93955697e-01  2.22405408e-01
  4.16017973e-12 -5.65166205e-01 -1.46670700e-01  3.64887348e-10
  2.12566662e-01 -4.39305704e-01  5.25970684e-10  3.18305074e-02
 -2.66303389e-01  2.55419001e-01 -4.50846449e-01  2.15835436e-01
 -1.63449864e-01  1.15331464e-01  2.49767889e+00 -2.27159952e-01
 -9.07150814e-02]
    Xi: 0.070267
    Gamma: 1.000000
    QP Objective: 2.448249930087275

  Function 156:
    Center: [-0.34243371 -0.16507191 -0.55676058 -0.04689958 -0.4643144  -0.35026618
  7.55186811 -0.26256156 -0.32330236 -0.37136439 -0.29685953 -0.62871259
 -0.31205521 -0.17492717 -0.19011441 -0.3013776  -0.32113541 -0.34787592
  0.79305481 -0.16789311 -0.67441898 -0.11817151 -0.2902092  -0.21299439
 -0.32881467 -0.29923993 -0.22789481 -0.23183016 -0.16673145 -0.22523952
 -0.16053931 -0.14321202 -0.17492026 -0.14521515 -0.19806739 -0.24213022
 -0.32345561 -0.05983624 -0.18091134 -0.18530385 -0.12090468 -0.17259996
 -0.20599311 -0.12734332 -0.29777621 -0.19738748 -0.0713879  -0.11154623
 -0.15845336 -0.51430655 -0.15519768 -0.02215698 -0.30835494 -0.1030484
 -0.06233106 -0.2061516  -0.39303377]
    Weight (w): [-2.79256566e-01 -1.30544647e-01 -2.66769699e-01 -2.81346760e-01
 -1.48588379e-01 -7.81224177e-02  1.07964347e-01 -3.10610103e-01
 -2.78270515e-01 -3.80652118e-02 -3.05345435e-01  1.32511967e-01
 -1.11261652e-01  5.93823495e-01  2.32674734e-01 -1.32402550e-01
  3.49519801e-05 -2.09847015e-01 -1.63059207e-01  9.03709439e-02
  8.58950588e-02  6.23120759e-01 -1.62091745e-01  1.85564261e-01
 -2.04071457e-01 -3.66709323e-01  1.25443767e-11  5.08586494e-10
  4.25850811e-11  2.35567720e-10  6.22038200e-11  1.42171703e-11
 -2.86830045e-01  8.52139108e-11  2.00223617e-01 -3.29691874e-01
 -2.96305466e-01  3.90742882e-10  5.22348312e-10  1.33304525e-09
  1.44204084e-12 -6.52114852e-01 -4.87977326e-01  1.28599487e-10
  1.44664272e-01 -9.58605095e-01  1.91918770e-10  1.03819646e-10
 -8.82017531e-01 -1.23420011e-02 -3.82589687e-01 -1.31562545e-01
 -1.77770341e-01  2.20630106e-01  1.17152292e+00 -4.99861122e-01
 -2.81977152e-01]
    Xi: 0.272772
    Gamma: 1.000000
    QP Objective: 2.4668409629921215

  Function 157:
    Center: [-0.34243371 -0.16507191 -0.55676058 -0.04689958 -0.4643144  -0.35026618
  1.29226815 -0.26256156 -0.32330236 -0.37136439 -0.29685953 -0.62871259
 -0.31205521 -0.17492717 -0.19011441 -0.3013776  -0.32113541  0.81959012
 -0.23213113 -0.16789311 -0.41623181 -0.11817151 -0.2902092  -0.21299439
 -0.32881467 -0.29923993 -0.22789481 -0.23183016 -0.16673145 -0.22523952
 -0.16053931 -0.14321202 -0.17492026 -0.14521515 -0.19806739 -0.24213022
 -0.32345561 -0.05983624 -0.18091134 -0.18530385 -0.12090468 -0.17259996
 -0.20599311 -0.12734332  0.31512803 -0.19738748 -0.0713879  -0.11154623
 -0.15845336 -0.33304392 -0.15519768 -0.02706145 -0.10905071 -0.1030484
 -0.04600375  0.19411498  0.06219996]
    Weight (w): [-5.57593629e-01  3.62756492e-01 -3.81929190e-01 -3.83906530e-01
 -2.20526714e-01 -2.84666753e-01  3.36787574e-01 -3.33558345e-01
 -3.64985200e-01 -3.00618171e-01 -5.23710845e-01 -2.80499799e-01
 -4.59093516e-01  1.28333840e+00  1.34635294e-01 -5.36376765e-01
  1.98184571e-01 -8.89327548e-02 -4.55943497e-01  2.97054762e-08
  1.22218515e-01  1.85898549e-01 -4.74506481e-01  1.74574207e-01
 -2.64578638e-01 -4.98563260e-01  6.61624189e-11  3.40357657e-09
  4.88747068e-10  1.73627831e-09  3.27442583e-10  1.02466185e-10
 -5.55878750e-01  7.87263270e-10  4.72631540e-01 -5.24586993e-01
 -4.39617340e-01  3.27351961e-09  3.34505975e-09  2.15628304e-03
  2.12429989e-11 -7.06457754e-01 -5.65867721e-01  1.37943122e-09
  4.37099584e-01 -1.59908432e+00  1.74008057e-09  1.15014072e-09
 -9.87486492e-01 -1.52405972e-01 -5.68206909e-01 -4.82974722e-01
 -1.87720988e-01  9.29177457e-01  1.04831339e+00 -6.70627838e-02
 -4.69027836e-01]
    Xi: 0.482975
    Gamma: 1.000000
    QP Objective: 2.1771498296054386

  Function 158:
    Center: [-0.34243371 -0.06433068  0.47480515 -0.04689958 -0.4643144   0.12454279
 -0.29179389  1.70737637 -0.32330236 -0.37136439 -0.29685953 -0.47783136
 -0.31205521 -0.17492717 -0.19011441 -0.14393581 -0.32113541 -0.34787592
 -0.78978722 -0.16789311 -0.34960286 -0.11817151 -0.2902092  -0.21299439
 -0.32881467 -0.29923993 -0.22789481 -0.23183016 -0.16673145 -0.22523952
 -0.16053931 -0.14321202 -0.17492026 -0.14521515 -0.19806739 -0.24213022
 -0.32345561 -0.05983624 -0.18091134 -0.18530385 -0.12090468 -0.0030501
 -0.20599311 -0.12734332 -0.29777621 -0.19738748 -0.0713879  -0.11154623
 -0.07629924 -0.28865307 -0.15519768 -0.28086762 -0.14565761 -0.1030484
 -0.10617522 -0.13430888  0.14631924]
    Weight (w): [-1.83417495e-02  1.87705716e-01 -1.35133348e-01  1.49819628e-10
 -3.06992239e-01 -1.37919609e-01 -1.46565000e-01  1.74627938e-01
 -5.22011665e-01 -2.33783700e-01 -4.76088737e-01 -2.85380723e-01
 -1.73336278e-01  1.28333839e+00  7.73015412e-10 -4.72094486e-01
  1.63896511e+00 -4.37929730e-01 -6.32769456e-01  2.86597366e-01
  7.92110752e-02  4.16894255e-01 -3.35635905e-01  6.71981051e-01
 -2.83057675e-01 -5.33384533e-01  3.91158767e-12  2.30583159e-01
  3.29446742e-11  2.27410575e-01  8.86387180e-12  2.89563720e-12
 -1.40393212e-01  1.49530196e-11  5.94741384e-02 -8.03423897e-01
  9.63319857e-10  1.50060255e-10  1.72076945e-01  1.12058284e-01
  5.40885366e-13 -8.10217423e-01 -4.05002534e-01  3.05298945e-11
  1.57406469e-01 -2.03741310e+00  4.34688954e-11  4.58930300e-11
 -1.00456883e+00  1.30422101e-01 -9.76168183e-02 -4.27905110e-01
 -2.04426993e-01  3.91982086e-10  6.10922875e-01  6.09238410e-01
 -1.51083514e-01]
    Xi: 0.423171
    Gamma: 1.000000
    QP Objective: 1.8907455849273567

  Function 159:
    Center: [-0.34243371 -0.16507191 -0.55676058 -0.04689958 -0.4643144  -0.35026618
 -0.29179389 -0.26256156 -0.32330236 -0.37136439 -0.29685953 -0.62871259
 -0.31205521 -0.17492717 -0.19011441 -0.3013776  -0.32113541 -0.34787592
  0.62406812 -0.16789311 -0.67441898 -0.11817151 -0.2902092  -0.21299439
 -0.32881467 -0.29923993 -0.22789481 -0.23183016 -0.16673145 -0.22523952
 -0.16053931 -0.14321202 -0.17492026 -0.14521515 -0.19806739 -0.24213022
 -0.32345561 -0.05983624 -0.18091134 -0.18530385 -0.12090468 -0.17259996
 -0.20599311 -0.12734332  0.38432689 -0.19738748 -0.0713879  -0.11154623
 -0.15845336 -0.51430655 -0.15519768 11.41015606 -0.30835494 -0.1030484
 -0.11991789 -0.24207296 -0.39633257]
    Weight (w): [-4.28740529e-02 -1.07328900e-01 -5.82674574e-02  5.04959855e-01
 -1.51936031e-01 -1.08538325e-01  5.68533239e-02 -5.07313204e-02
 -1.73224488e-01 -4.53746768e-02 -1.15182367e-01 -1.59849034e-01
 -1.04055220e-01  1.01558685e+00  2.72994708e-02 -1.00491687e-01
  4.12801444e-01 -1.57034331e-01 -4.61247542e-02  1.82776593e-01
 -4.48410361e-03  3.32894955e-01 -1.16104866e-01  6.35723977e-01
 -1.26995771e-01 -2.39306636e-01  2.22658904e-10  3.48011736e-01
  2.32168658e-10  1.74018352e-09  3.03925063e-10  6.93057770e-11
 -3.55427599e-01  7.00983877e-10  1.31339658e-09 -2.91467377e-01
  1.12403752e-08  2.24527439e-09  6.77651165e-02  9.31981709e-09
  1.61805224e-11  6.30685664e-10 -2.68476432e-01  1.20305316e-09
 -2.10261625e-01 -9.87069393e-01  1.09633176e-09  1.75039213e-01
 -4.82161140e-01  2.13008356e-01 -2.02173682e-01 -3.27910960e-02
  1.89803663e-01  2.18874013e-01  1.30813323e+00  2.38105709e-01
 -1.29202991e-01]
    Xi: 0.116899
    Gamma: 1.000000
    QP Objective: 2.372202098223087

  Function 160:
    Center: [-0.34243371 -0.16507191 -0.55676058 -0.04689958 -0.4643144  -0.35026618
 -0.29179389 -0.26256156 -0.32330236 -0.37136439 -0.29685953 -0.62871259
 -0.31205521 -0.17492717 -0.19011441  9.01191026 -0.32113541 -0.34787592
  3.39544989 -0.16789311 -0.67441898 -0.11817151 -0.2902092  -0.21299439
 -0.32881467 -0.29923993 -0.22789481 -0.23183016 -0.16673145 -0.22523952
 -0.16053931 -0.14321202 -0.17492026 -0.14521515 -0.19806739 -0.24213022
 -0.32345561 -0.05983624 -0.18091134 -0.18530385 -0.12090468 -0.17259996
 -0.20599311 -0.12734332 -0.29777621 -0.19738748 -0.0713879  -0.11154623
 -0.15845336 -0.51430655 -0.15519768 -0.32991229 -0.30835494 -0.1030484
 -0.13211609 -0.26259945 -0.45736028]
    Weight (w): [-2.33706185e-01  2.62316698e-02 -5.85547905e-01  3.63157289e-10
 -3.17797021e-01 -1.96197755e-01  3.67940926e-02 -1.04923474e-01
 -4.19191113e-01 -1.86084780e-02 -4.17911726e-01 -1.65472746e-01
 -3.73674073e-01  7.54262708e-01  2.84844191e-01  3.10058708e-01
  1.13258009e+00 -2.49408813e-01  6.29814192e-02  1.00115303e+00
 -1.38383943e-01  8.95583394e-01 -2.95225402e-01  3.40673279e-01
 -1.94752641e-01 -3.66985444e-01  6.79499632e-12  2.21477892e-01
  7.32990372e-11  4.71971475e-01  2.47314284e-11  8.24529239e-12
  4.53487595e-01  2.98660883e-11  5.34799909e-01 -7.57726539e-01
  1.80842795e-02  2.94395367e-10  4.67798838e-01  2.67877404e-09
  1.00320122e-12  1.47856892e-10 -6.08335571e-01  5.89369171e-11
  1.09589983e+00 -1.42345841e+00  1.15735668e-10  8.74643512e-11
 -1.10377202e+00 -3.00556013e-01 -4.63500797e-01  9.95646397e-01
 -3.23034753e-01  7.28980915e-04  1.16712319e+00  2.31905834e-01
 -3.47654093e-01]
    Xi: 0.358080
    Gamma: 1.000000
    QP Objective: 1.679802545534672

  Function 161:
    Center: [-0.34243371 -0.16507191  1.42701966 -0.04689958  1.76636894 -0.35026618
 -0.29179389 -0.26256156 -0.32330236  1.17977996  2.1842498   1.69253718
 -0.31205521 -0.17492717 -0.19011441 -0.3013776  -0.32113541 -0.34787592
  2.72513601 -0.16789311  1.82416659 -0.11817151 -0.2902092  -0.21299439
 -0.32881467 -0.29923993 -0.22789481 -0.23183016 -0.16673145 -0.22523952
 -0.16053931 -0.14321202 -0.17492026 -0.14521515 -0.19806739 -0.24213022
 -0.32345561 -0.05983624 -0.18091134 -0.18530385 -0.12090468 -0.17259996
 -0.20599311 -0.12734332 -0.29777621 -0.19738748 -0.0713879  -0.11154623
 -0.15845336 -0.51430655 -0.15519768 -0.15212536 -0.30835494 -0.1030484
 -0.12133629 -0.19588835 -0.38313739]
    Weight (w): [-4.98107903e-01 -7.87292026e-01 -5.89447775e-02  4.68929150e-01
  6.30538380e-01 -3.42137612e-01 -3.94308982e-01 -3.07117148e-01
 -6.69334049e-01  7.92098211e-01  1.91022702e-01  1.18658007e+00
 -5.80884010e-01  1.28610420e+00  1.56531659e-01  2.20123938e-01
  1.55548138e+00 -5.01899473e-01  1.49158642e-01  4.54655276e-09
  1.55794502e+00  6.05384018e-01 -5.60120488e-01  1.68179738e+00
 -7.55063705e-02 -1.42281711e-01  1.24670475e-11  1.07373242e+00
  7.01802369e-11  4.71971475e-01  4.85585670e-11  2.94286918e-11
 -1.47954781e-01  8.71348191e-11  1.77640884e+00 -1.06888752e+00
  2.71726040e-09  5.68495548e-10  1.25451266e-09  2.68338092e-01
  2.33172332e-12  2.25458676e-10 -1.06373327e+00  1.63824778e-10
  1.72350146e+00 -1.54216072e+00  2.75336379e-10  2.12243409e-10
 -2.13042598e+00 -7.78120491e-01 -6.62596486e-01  1.87556591e+00
 -8.22379925e-01  3.19438467e-02  2.64464823e-01 -6.26580783e-03
 -4.08080999e-01]
    Xi: 0.717319
    Gamma: 1.000000
    QP Objective: 1.2936970191583506

  Function 162:
    Center: [-3.42433707e-01 -1.65071912e-01  2.76427121e-01 -4.68995838e-02
 -4.64314403e-01 -3.50266176e-01  2.44743253e-01 -2.62561558e-01
 -3.23302359e-01 -4.56240739e-02 -2.96859527e-01 -1.41250142e-01
 -3.12055206e-01 -1.74927167e-01 -1.90114405e-01 -3.01377603e-01
 -3.21135414e-01  4.75561250e-02 -9.69417761e-02 -1.67893113e-01
 -3.24617005e-01 -1.18171509e-01 -2.90209203e-01 -2.12994388e-01
 -2.03154031e-01 -6.24491781e-02 -2.27894812e-01 -2.31830156e-01
 -1.66731450e-01 -2.25239518e-01 -1.60539307e-01 -1.43212021e-01
  2.02881691e-01 -1.45215148e-01 -1.98067390e-01 -2.42130222e-01
 -3.23455613e-01 -5.98362369e-02 -1.80911344e-01 -1.85303849e-01
 -1.20904684e-01 -1.72599962e-01 -2.05993114e-01 -1.27343320e-01
 -2.97776209e-01 -1.97387481e-01 -7.13879045e-02 -1.11546231e-01
 -1.87913498e-02 -1.12561014e-04  1.55638792e-01 -3.29912295e-01
 -2.77020411e-02 -1.03048405e-01 -6.43168088e-02 -7.78610277e-02
  4.73553845e-02]
    Weight (w): [ 1.77262249e-03  7.23389887e-02 -4.66045357e-01  5.81138479e-11
 -4.59890364e-01  1.43118628e-01  1.86040749e-01  9.89136146e-02
 -5.54592090e-01  4.12120382e-02 -7.81916682e-01  1.56996574e-01
  1.24200295e-01  1.11546955e-01  4.65112439e-02 -5.28382449e-01
  9.18408401e-02 -3.20219385e-01  2.34093054e-01  6.02549423e-03
 -1.14732297e-01  1.62199505e-10  1.20054384e-01  1.19643932e-03
  1.06985980e-01  2.01600847e-01  1.13249516e-12  3.37117930e-11
  4.22939080e-12  2.02246116e-11  5.46428615e-12  1.95483510e-12
 -5.15820947e-02  5.97773695e-12  1.41441946e-11  1.15645976e-02
  2.76230299e-05  6.29960987e-11  3.61571189e-11  1.36068034e-01
  1.15958673e-13  1.52538476e-05  5.24759123e-11  1.11495902e-11
  2.52871319e-01  1.59682359e-11  2.01914443e-11  7.65892131e-12
 -2.22775345e-01  2.33706887e-01 -4.24391566e-02  7.43854291e-02
 -6.36555301e-01  2.48720246e-02 -2.09074188e-03 -2.61989341e-02
  5.95205424e-02]
    Xi: 0.440896
    Gamma: 1.000000
    QP Objective: 0.038001007311106734

------------------------------

--- Original PCF ---
Training Time:       1.0605 s
Test Time:           0.0014 s
Training Accuracy:   0.8720
Test Accuracy:       0.8556
Functions (Centers): 9
Solved Subproblems:  10

Model Parameters (Functions):
  Function 1:
    Center: [-0.34243371  1.7722594  -0.55676058 -0.04689958 -0.4643144  -0.35026618
 -0.29179389 -0.26256156 -0.32330236 -0.37136439 -0.29685953 -0.62871259
 -0.31205521 -0.17492717 -0.19011441 -0.3013776  -0.32113541 -0.34787592
  1.88020254 -0.16789311  1.40773566 -0.11817151 -0.2902092  -0.21299439
 -0.32881467 -0.29923993 -0.22789481 -0.23183016 -0.16673145 -0.22523952
 -0.16053931 -0.14321202 -0.17492026 -0.14521515 -0.19806739 -0.24213022
 -0.32345561 -0.05983624 -0.18091134 -0.18530385 -0.12090468 -0.17259996
 -0.20599311 -0.12734332  2.17361184 -0.19738748 -0.0713879  -0.11154623
 -0.15845336 -0.51430655 -0.15519768 -0.32991229 -0.30835494 -0.1030484
 -0.12764027 -0.25746783 -0.45406149]
    Weight (w): [ -0.04485838  -0.61777968  -0.10158132   0.09077787   0.09506574
  -0.05161819   0.25144762   0.06147374   0.31421498   0.07700658
   0.23672891   0.06420662  -0.11885252  -0.0769774   -0.0538538
   0.87779445  -0.0315656   -0.01888656  -0.01297799   0.04163945
   0.06510362  -0.02897741   0.18283581   0.09868164   0.14916753
  -0.71752715  -6.00556544   0.38798565  -0.81570874   0.10870714
   0.02029435  -0.08279564  -0.21431994  -0.3996256   -1.55425359
   0.21904198  -0.08616685  -0.18434691  -0.46258871  -0.0868071
 -12.61904013  -1.20567731  -0.19202986  -0.42275918  -0.46322458
  -0.09081522  -0.06955593  -0.6895948   -0.40348917  -0.06725671
  -0.10094708   0.47963598   1.01118983  -0.08386808   1.49313675
  -0.39412083   0.30024436]
    Xi: 0.000000
    Gamma: 1.000000
    QP Objective: 2698.102957624831

  Function 2:
    Center: [-0.34243371 -0.16507191 -0.55676058 -0.04689958 -0.4643144  -0.35026618
 -0.29179389 -0.26256156 -0.32330236 -0.37136439 -0.29685953 -0.62871259
 -0.31205521 -0.17492717 -0.19011441 -0.3013776  -0.32113541 -0.34787592
 -0.93624235 -0.16789311 -0.67441898 -0.11817151 -0.2902092  -0.21299439
 -0.32881467 -0.29923993 -0.22789481 -0.23183016 -0.16673145 -0.22523952
 -0.16053931 -0.14321202 -0.17492026 -0.14521515 -0.19806739 -0.24213022
 -0.32345561 -0.05983624 -0.18091134 -0.18530385 -0.12090468 -0.17259996
 -0.20599311 -0.12734332 -0.29777621 -0.19738748 -0.0713879  -0.11154623
 -0.15845336 -0.51430655 -0.15519768 -0.32991229 -0.30835494 -0.1030484
 -0.12688379 -0.25746783 -0.45571088]
    Weight (w): [-136.14560123 -134.51225814 -135.90467789 -139.0117622  -134.25865535
 -136.5282866  -134.91809561 -135.33654518 -136.17350347 -135.76054616
 -134.90914625 -135.39724716 -136.37090531 -136.45982229 -134.43878144
 -133.49125518 -135.58958363 -135.80140688 -134.75951532 -135.39422051
 -135.80601332 -136.07015289 -133.18003967 -135.66269355 -141.18489985
 -134.7691247  -187.879791   -136.28758674 -141.66310509 -135.90081703
 -137.54845484 -161.87771907 -133.4062667  -144.48909345 -142.68477476
 -136.71275881 -136.93326706 -140.25881996 -138.25189625 -136.52595205
 -524.28507134 -151.10016668 -139.22917624 -141.63005294 -135.52372359
 -135.93882892 -138.07889411 -160.72000378 -137.41124463 -136.65466066
 -137.39123446 -132.91662906 -134.46479663 -133.33971223 -189.87785587
   77.38280429 -136.06552466]
    Xi: 135.431438
    Gamma: 1.000000
    QP Objective: 16964.947785016226

  Function 3:
    Center: [-0.34243371 -0.16507191  0.79220998 -0.04689958  0.54692871 -0.35026618
 -0.29179389 -0.26256156 -0.32330236 -0.37136439 -0.29685953 -0.62871259
  0.81750131 -0.17492717 -0.19011441 -0.3013776  -0.32113541  0.29234739
  0.02134891 -0.16789311 -0.67441898 -0.11817151 -0.2902092  -0.21299439
 -0.32881467 -0.29923993 -0.22789481 -0.23183016 -0.16673145 -0.22523952
 -0.16053931 -0.14321202 -0.17492026 -0.14521515 -0.19806739 -0.24213022
 -0.32345561 -0.05983624 -0.18091134 -0.18530385 -0.12090468 -0.17259996
 -0.20599311 -0.12734332  0.37444134 -0.19738748 -0.0713879  -0.11154623
 -0.15845336  0.12566151 -0.15519768  0.23777978 -0.30835494 -0.1030484
 -0.11515839 -0.21128322 -0.33530486]
    Weight (w): [-3.71834346e-01 -5.20062863e-01  5.67658869e-04  4.67091242e-01
  2.61313242e-01 -2.43925889e-01  4.51972717e-01 -3.27884860e-01
 -3.51310683e-01 -2.62491543e-01 -2.16684346e-01 -2.67559621e-01
 -1.66899173e-02 -2.89243337e-01 -3.53299489e-02  8.54394719e-01
 -1.96152237e-01 -3.71250051e-03 -1.71779580e-01 -3.20912330e-01
 -1.73177101e-01 -3.51799178e-01 -3.16473223e-01  4.21112236e-01
 -1.09641472e-01 -9.88827345e-01 -7.69559426e-01 -2.16427486e-01
 -9.08316594e-01 -3.75815630e-01 -4.18813520e-01 -8.32409981e-01
 -5.88900574e-01 -4.16347721e-01 -7.11609256e-01 -1.73204768e-01
 -3.85396464e-01 -4.22221564e-01 -7.32950135e-01 -6.13425118e-01
 -1.20337074e+01 -1.36786670e+00 -4.07241695e-01 -8.40447810e-01
 -2.68417037e-01 -3.14217498e-01 -4.19748799e-01 -3.45292366e-01
 -3.44650401e-01 -1.99823900e-01 -3.64272021e-01  2.84168303e-03
  1.42032505e-01 -2.57642348e-01 -3.85639399e-01 -3.60948457e-01
  1.16245650e-02]
    Xi: 0.322243
    Gamma: 1.000000
    QP Objective: 1705.363140943427

  Function 4:
    Center: [-0.34243371 -0.16507191 -0.55676058 -0.04689958 -0.4643144  -0.35026618
 -0.29179389  1.70737637 -0.32330236 -0.37136439 -0.29685953  0.28818107
 -0.31205521 -0.17492717 -0.19011441 -0.3013776  -0.32113541 -0.34787592
 -0.71655965 -0.16789311 -0.67441898 -0.11817151 -0.2902092  -0.21299439
 -0.32881467 -0.29923993 -0.22789481 -0.23183016  0.49065082 -0.22523952
 -0.16053931 -0.14321202 -0.17492026 -0.14521515 -0.19806739 -0.24213022
 -0.32345561 -0.05983624 -0.18091134 -0.18530385 -0.12090468 -0.17259996
 -0.20599311 -0.12734332 -0.29777621 -0.19738748 -0.0713879  -0.11154623
 -0.15845336 -0.51430655 -0.15519768 -0.32991229 -0.30835494 -0.1030484
 -0.12237644 -0.22667809 -0.3765398 ]
    Weight (w): [ 0.          0.          0.          0.          0.          0.
  0.          0.          0.          0.          0.          0.
  0.          0.          0.          0.          0.          0.
  0.          0.          0.          0.          0.09708894  0.
  0.          0.          0.          0.         -3.04236984  0.
  0.          0.          0.          0.          0.          0.
  0.          0.          2.22884519  0.         -0.90103645  1.81476001
  0.          0.          0.          0.          0.          0.
  0.          0.          0.          0.          0.          0.
  0.          0.          0.        ]
    Xi: 0.000000
    Gamma: 1.000000
    QP Objective: 1366.0752705368086

  Function 5:
    Center: [-0.34243371 -0.16507191 -0.55676058 -0.04689958 -0.4643144  -0.35026618
 -0.29179389 -0.26256156 -0.32330236 -0.37136439 -0.29685953 -0.62871259
 -0.31205521 -0.17492717 -0.19011441 -0.3013776  -0.32113541 -0.34787592
 -0.93624235 -0.16789311 -0.67441898 -0.11817151 -0.2902092  -0.21299439
 -0.32881467 -0.29923993 -0.22789481 -0.23183016 -0.16673145 -0.22523952
 -0.16053931 -0.14321202 -0.17492026 -0.14521515 -0.19806739 -0.24213022
 -0.32345561 -0.05983624 -0.18091134 -0.18530385 -0.12090468 -0.17259996
 -0.20599311 -0.12734332 -0.29777621 -0.19738748 -0.0713879  -0.11154623
 -0.15845336 -0.51430655 -0.15519768 -0.32991229 -0.30835494 -0.1030484
 -0.13211609 -0.26259945 -0.46230847]
    Weight (w): [-1419.17749815 -1418.02746757 -1418.92900913 -1419.79703854
 -1417.43676904 -1417.34515498 -1413.23537341 -1416.24417002
 -1422.71531324 -1417.53570488 -1417.68130526 -1418.33397341
 -1421.12085523 -1415.36130051 -1419.49590743 -1402.96212113
 -1417.54386775 -1418.9303563  -1416.56412077 -1412.96709585
 -1417.8251237  -1415.20653902 -1420.42713924 -1416.97917824
 -1433.05255187 -1426.05068682 -1419.41999159 -1418.15096448
 -1486.2803471  -1426.36363061 -1424.18255344 -1559.02312653
 -1417.58612602 -1427.46925038 -1460.37514382 -1425.78009743
 -1416.49724832 -1421.16785941 -1428.60781195 -1421.11386347
 -3052.284299   -1625.41204327 -1429.38143942 -1426.60348394
 -1421.55001433 -1424.97376252 -1433.19605534 -1471.8961653
 -1444.24223619 -1416.41388646 -1435.68775866 -1416.69954763
 -1407.41504081 -1414.21966124 -1375.54971128 -1521.64652168
 -1114.16906293]
    Xi: 1417.310040
    Gamma: 1.000000
    QP Objective: 65281.07110103883

  Function 6:
    Center: [-0.34243371 -0.16507191 -0.55676058 -0.04689958 -0.4643144  -0.35026618
 -0.29179389 -0.26256156 -0.32330236 -0.37136439 -0.29685953 -0.62871259
 -0.31205521 -0.17492717 -0.19011441 -0.3013776  -0.32113541 -0.34787592
  2.81526224 -0.16789311 -0.67441898 -0.11817151 -0.2902092  -0.21299439
 -0.32881467 -0.29923993 -0.22789481 -0.23183016 -0.16673145 -0.22523952
 -0.16053931 -0.14321202 -0.17492026 -0.14521515 -0.19806739 -0.24213022
 -0.32345561 -0.05983624 -0.18091134 -0.18530385 -0.12090468 -0.17259996
 -0.20599311 -0.12734332 -0.29777621 -0.19738748 -0.0713879  -0.11154623
 -0.15845336 -0.51430655 -0.15519768 -0.32991229 -0.30835494 -0.1030484
 -0.13211609 -0.26259945 -0.45076269]
    Weight (w): [ -3.35952521  -2.65729558  -3.18122487  -3.44421801  -3.01127904
  -3.39218716  -2.9454815   -3.29844943  -3.57597844  -3.00548381
  -3.15518294  -3.21267766  -3.52696051  -3.21738396  -3.64569179
  -3.10386632  -3.6154839   -3.03102626   1.48178743  -3.34229344
  -3.05629265  -3.19321831  -2.73735071  -2.41757323  -5.10553325
  -3.37584988 -11.38808614  -3.19131196  -7.19345761  -3.73158
  -3.2124162   -7.41979673  -4.55217313  -4.5834559   -4.54120297
  -4.65379066  -3.72521636  -3.84111607  -3.77143025  -2.88329327
 -19.25445663  -4.53987706  -3.93988311  -3.88727486  -2.93503769
  -4.82428524  -2.92696875  -5.11671098  -4.70677134  -3.51242677
  -4.02045914  -2.88206999  -3.34586712  -3.38339748  -3.45471797
  -3.08656753  -3.35682444]
    Xi: 3.299222
    Gamma: 1.000000
    QP Objective: 2266.540320048572

  Function 7:
    Center: [ 4.21010159 -0.16507191  3.58934012 -0.04689958 -0.4643144  -0.35026618
 -0.29179389 -0.26256156 -0.32330236 -0.37136439 -0.29685953  6.67161794
 -0.31205521 -0.17492717 -0.19011441  0.53427501 -0.32113541 -0.34787592
  1.42393847  1.18581387 -0.0997443  -0.11817151 -0.2902092  -0.21299439
 -0.32881467 -0.29923993 -0.22789481 -0.23183016 -0.16673145 -0.22523952
 -0.16053931 -0.14321202 -0.17492026 -0.14521515 -0.19806739 -0.24213022
 -0.32345561 -0.05983624  1.40666484 -0.18530385 -0.12090468 -0.17259996
 -0.20599311 -0.12734332 -0.29777621 -0.19738748 -0.0713879  -0.11154623
 -0.15845336 -0.51430655 -0.15519768 -0.01847863 -0.30835494 -0.1030484
 -0.1005962  -0.20101998 -0.36169522]
    Weight (w): [ 1.11544292e-02 -2.27170219e-01  5.55856700e-02  2.02069361e-01
 -3.35947271e-02 -6.22569743e-02 -8.16801985e-03 -1.45833145e-01
 -1.51695843e-01 -6.16432644e-02 -9.37696705e-02 -5.64318380e-03
 -1.39710079e-01 -1.30845970e-01 -3.50575988e-02  4.01870811e-02
 -5.00375291e-02 -1.20793971e-01  1.51717256e-01 -6.11440500e-02
  1.11882958e-01  5.33503357e-02 -8.17071579e-02  1.11190244e-01
 -1.33121763e-01 -6.92945400e-02 -8.34083973e-01  8.03780471e-02
  1.70002854e-01 -1.06045620e-01 -1.19720285e-01 -2.42697475e-01
 -1.81526854e-01 -1.73232779e-01 -3.37857543e-01  7.04236132e-02
 -1.28239412e-01 -1.85107307e-01 -1.74966192e-01 -1.04635218e-01
 -1.77952285e+00 -5.16594137e-01 -9.72215707e-02 -2.72906092e-01
 -1.33935401e-03 -1.24278143e-01 -4.05006189e-02 -1.53334054e-01
 -2.51908521e-01 -5.02364514e-02 -1.19022819e-01  4.01706432e-03
  1.54203092e-02  1.74252349e-01 -6.61872143e-02 -1.25937188e-01
 -1.06040850e-01]
    Xi: 0.105665
    Gamma: 1.000000
    QP Objective: 1038.2952182815136

  Function 8:
    Center: [-0.34243371 -0.16507191 -0.25919354 -0.04689958 -0.01817773 -0.35026618
 -0.29179389  0.11147729  0.21513182 -0.37136439  0.44747327  2.57461209
 -0.31205521 -0.17492717 -0.19011441 -0.3013776  -0.32113541  0.51830856
  0.01571602 -0.16789311 -0.67441898 -0.11817151 -0.2902092  -0.21299439
 -0.05355803 -0.13010368 -0.22789481 -0.23183016 -0.16673145 -0.22523952
 -0.16053931 -0.14321202  0.09493828 -0.14521515 -0.19806739  0.1304671
  0.03081483 -0.05983624 -0.18091134 -0.18530385 -0.12090468 -0.17259996
 -0.20599311  0.11384992 -0.29777621 -0.19738748 -0.0713879  -0.11154623
 -0.06397612 -0.42922409 -0.15519768 -0.32991229 -0.30835494 -0.1030484
 -0.07925724  0.02990305  0.21724334]
    Weight (w): [-0.20124316 -0.25539939 -0.09164906  0.20061801 -0.09803083 -0.10959785
 -0.03523828 -0.22034512 -0.14463375 -0.17084426  0.17470915  0.10955106
 -0.2508459  -0.04446654 -0.00606338 -0.09538926 -0.17605749  0.11857515
 -0.10967362 -0.15384253  0.00998425 -0.15643542 -0.09213331  0.50237764
 -0.45062049 -0.32100325 -1.67200938 -0.24323902 -0.82321491  0.99678913
 -0.58932714 -1.08214297 -0.09625359 -0.31701701 -0.56082677  0.08863259
 -0.20817178 -0.1041613  -0.28048513  0.28336525 -5.57588622 -0.59080573
 -0.27095115 -0.78479819 -0.30307113 -0.0882162  -0.40179307 -0.34776456
 -0.11847624 -0.14330126 -0.25272348 -0.12771532 -0.02518869 -0.24174484
 -0.17904211 -0.34581339  0.09117091]
    Xi: 0.201908
    Gamma: 1.000000
    QP Objective: 1039.4584901030696

  Function 9:
    Center: [-0.34243371 -0.16507191 -0.55676058 -0.04689958 -0.07766262  0.59935176
 -0.29179389 -0.26256156 -0.32330236  0.03193314 -0.29685953 -0.32695012
 -0.31205521 -0.17492717 -0.19011441  0.01350599 -0.32113541 -0.34787592
  0.23539872 -0.16789311  1.49102184 -0.11817151 -0.2902092  -0.21299439
 -0.17323483 -0.29923993 -0.22789481 -0.23183016 -0.16673145 -0.22523952
  0.4840643  -0.14321202 -0.17492026 -0.14521515 -0.19806739 -0.24213022
 -0.32345561 -0.05983624 -0.18091134 -0.18530385 -0.12090468 -0.17259996
  0.95582359 -0.12734332 -0.04075185 -0.19738748 -0.0713879  -0.11154623
 -0.00646823 -0.51430655 -0.15519768 -0.32991229 -0.30835494 -0.1030484
 -0.08341786 -0.17536186 -0.19015787]
    Weight (w): [-1.63269856e-01  1.00631392e-01 -1.20598534e-01 -1.44442067e-01
  2.54185443e-02  1.05941999e-01 -2.31260732e-02 -1.83000890e-01
 -1.57276109e-01 -2.69619623e-02 -1.86531681e-02 -9.09411337e-02
 -1.64832776e-01 -1.15220375e-01  7.53033210e-02 -6.04239816e-02
 -1.12656657e-01 -1.44042779e-01 -4.43097859e-02 -1.21413955e-01
  1.87354716e-01 -8.44764927e-02 -1.18713253e-01  4.99260177e-01
 -5.58543826e-01 -1.40038796e-01 -3.48847290e-01 -5.67984810e-02
 -4.40739473e-01 -1.74712842e-01 -1.54344064e+00 -9.19512239e-01
  7.14690194e-02 -2.27842758e-01  3.12975215e+00 -1.41534950e-01
 -1.71987612e-01  1.95816467e-02 -1.70574015e-01  2.97074508e-01
 -5.93559311e+00 -4.39860161e-01 -1.26973478e-01  1.32210810e+00
 -2.04148077e-02 -1.95295757e-01 -6.42331127e-02 -4.49355305e-01
 -1.58224683e-01 -1.27950993e-01 -1.77244902e-01 -3.23555009e-02
 -5.32688867e-02 -1.69420942e-01 -1.56680191e-01 -2.30546476e-01
  4.79863880e-03]
    Xi: 0.150307
    Gamma: 1.000000
    QP Objective: 1050.0611368410025

------------------------------


============================================================
                     END OF REPORT
============================================================
